content_id,title,category,content_type,difficulty,author,publish_ts,reading_time_sec,tags
c_000001,Environment shoulder,stress,video,intermediate,Ryan Golden,2026-01-07T12:13:59Z,170,"hundred,not"
c_000002,Forward system civil front free early ability job because our,diabetes,video,beginner,Ethan West,2025-07-23T03:13:59Z,223,"western,animal,best"
c_000003,Call trade factor issue,digestive_health,article,beginner,John Johnson,2025-08-14T03:13:59Z,61,"focus,gun,nearly,suddenly,meeting"
c_000004,Start police north whether actually throw,fitness,article,intermediate,Jessica Ryan,2025-12-20T01:13:59Z,809,"style,reflect,pick,voice,these"
c_000005,Minute information member suggest,cold_flu,article,beginner,Molly Miller,2025-12-12T19:13:59Z,869,"message,really"
c_000006,Color front hospital available lead of from,men_health,video,intermediate,Brandon Fuller,2025-09-06T07:13:59Z,97,"add,war,he,drop"
c_000007,Mother rich training police yeah who picture do low concern yeah,men_health,article,advanced,Paul Williams,2025-08-11T04:13:59Z,714,"center,loss,data,against,establish,successful"
c_000008,Rate west plant a,women_health,quiz,advanced,Katrina Mann,2025-04-19T10:13:59Z,504,"beautiful,lead,water,across,stuff,north"
c_000009,Available reason identify world energy line seem friend,weight_loss,video,advanced,Mark Booker,2025-03-12T23:13:59Z,744,"usually,kind,attack,series,true"
c_000010,Head dog bad,weight_loss,quiz,beginner,Amy Stone,2025-07-26T04:13:59Z,803,"note,follow"
c_000011,Trial significant fact structure,mental_health,video,intermediate,Joseph Morgan,2025-05-28T23:13:59Z,627,"call,professional,compare,suffer,perform"
c_000012,It scientist lawyer again last school result,women_health,quiz,intermediate,Joanne Patterson,2025-12-26T21:13:59Z,76,"staff,ahead,cold"
c_000013,Foot might news gas bit risk different now behavior upon during though,cold_flu,video,beginner,Andrew Mason,2025-04-08T18:13:59Z,420,"debate,mouth,decision"
c_000014,Create north be first,digestive_health,article,advanced,Joshua Noble,2025-07-10T03:13:59Z,354,"table,worry,nor,central,stock"
c_000015,Manage huge agreement research stock test,skin_care,video,beginner,Thomas Pittman,2025-03-16T21:13:59Z,217,"wish,card,poor,prove,according,water"
c_000016,Participant manager receive business appear technology gun protect inside grow show gas send,men_health,article,beginner,Catherine Rowland,2025-06-20T08:13:59Z,197,"assume,thought,join,how,month"
c_000017,Stop company next happy TV,stress,video,advanced,Derek Weiss,2025-10-27T20:13:59Z,338,"fund,around,yet,husband,approach"
c_000018,Home blue of white foot,fitness,quiz,beginner,Deborah Gonzales,2025-03-15T07:13:59Z,582,"owner,guy,energy,rock"
c_000019,May town every western,women_health,article,advanced,Alejandro Keller,2025-02-05T18:13:59Z,446,"similar,cause"
c_000020,Movement like my for have walk our allow mean training,women_health,article,intermediate,Theresa Thornton,2025-04-28T22:13:59Z,328,"wear,address,full,show,imagine"
c_000021,Read artist effect collection indeed,women_health,video,beginner,Lawrence Crawford,2026-01-17T03:13:59Z,714,"community,decade,any"
c_000022,Modern shake until style few tend level executive,weight_loss,quiz,beginner,Jeremy Gardner,2025-07-03T18:13:59Z,441,"far,surface,day"
c_000023,Wait attack vote image social,stress,quiz,intermediate,Kelly Gill,2025-12-24T00:13:59Z,610,"least,nation,heavy,class"
c_000024,Care upon with win each decade idea ago include focus air under,heart_health,video,intermediate,Stephen Farrell,2025-11-20T00:13:59Z,189,"say,film,within,cultural,fly,budget"
c_000025,Provide start deep,cold_flu,article,advanced,Isaiah Hernandez,2025-08-14T04:13:59Z,455,"down,join,doctor,Mrs,recognize"
c_000026,Hospital country baby tough than,men_health,quiz,beginner,John Le,2026-01-01T21:13:59Z,417,"both,card,campaign,magazine,with"
c_000027,Necessary admit minute eye degree view black,heart_health,video,beginner,Nicole Watkins,2025-02-02T23:13:59Z,222,"garden,simply,beautiful,statement,relate,describe"
c_000028,Conference call little surface accept small beat allow,skin_care,article,intermediate,Jimmy Giles,2025-08-20T04:13:59Z,572,"recently,interview"
c_000029,Argue boy receive care,sleep,quiz,intermediate,Jeffrey Burnett,2025-04-28T21:13:59Z,155,"design,technology,edge,easy"
c_000030,Game central push factor protect,diabetes,video,intermediate,Darryl Brown,2025-05-19T13:13:59Z,104,"oil,attention,break,window,enjoy,field"
c_000031,By society size painting should teacher table,sleep,article,beginner,Jason Joyce,2025-12-23T14:13:59Z,334,"hold,hospital,produce,case,throughout,keep"
c_000032,Owner glass real about go,diabetes,article,intermediate,Maria Miller,2025-10-07T18:13:59Z,627,"serve,create,poor,gas,light,trade"
c_000033,Safe what move,stress,video,intermediate,Michael Lee,2025-11-26T03:13:59Z,808,"seven,help,late,star,medical"
c_000034,President need name hold employee all trial personal,weight_loss,quiz,intermediate,Corey White,2026-01-19T12:13:59Z,408,"century,send,point,blood,expect"
c_000035,Throughout available arm,covid19,quiz,beginner,Carlos Jenkins,2025-10-11T04:13:59Z,872,"pressure,ever,natural,structure,once,treat"
c_000036,Program building trouble expert,digestive_health,quiz,beginner,Sharon Bird,2025-03-28T05:13:59Z,767,"foot,less"
c_000037,Accept stuff people usually kid,cold_flu,video,intermediate,Timothy Jacobson,2025-08-02T06:13:59Z,427,"yes,represent,couple"
c_000038,Hold indeed drive above individual sort base,stress,article,beginner,Jennifer Waters,2025-06-18T10:13:59Z,451,"in,their"
c_000039,Assume agency social hour nothing point myself,heart_health,article,advanced,Eric Harper,2025-07-05T08:13:59Z,445,"still,recently,ground,agency"
c_000040,Final they customer,heart_health,quiz,advanced,Andrew Jones,2025-12-29T11:13:59Z,389,"successful,such"
c_000041,Color another develop stop large whole,women_health,video,beginner,Nathan Hensley,2025-07-23T19:13:59Z,536,"seek,nor,wrong,his,bad,you"
c_000042,Bed amount movement find,cold_flu,video,intermediate,Michael Moore,2025-02-06T10:13:59Z,509,"quickly,network,billion,send,apply,third"
c_000043,Something third past free consumer,digestive_health,video,advanced,Valerie Barrett,2025-04-16T09:13:59Z,648,"body,begin,animal,direction"
c_000044,Prevent popular site,fitness,article,intermediate,Elizabeth Dixon,2025-08-14T19:13:59Z,736,"season,everyone,federal,item,three"
c_000045,Move suddenly unit before talk able,nutrition,video,advanced,Michelle Stone,2025-11-27T05:13:59Z,204,"picture,yet,record,plant"
c_000046,Law pretty phone still look,weight_loss,article,intermediate,Robert Marshall,2025-07-28T13:13:59Z,576,"raise,sister,feel,these,nothing,source"
c_000047,Young present wife cup always appear best soon senior professional,nutrition,video,advanced,Vanessa Williamson,2025-09-07T22:13:59Z,455,"each,painting,identify"
c_000048,Media require shake maintain moment discussion phone,heart_health,video,beginner,Gabriela Pace,2025-02-15T18:13:59Z,486,"program,three,keep,stock"
c_000049,Full lose dog rock subject real represent,nutrition,video,advanced,Timothy Taylor,2025-06-30T19:13:59Z,228,"surface,range,computer"
c_000050,Season condition newspaper eat well consumer work matter,mental_health,quiz,advanced,Christopher Bell,2026-01-10T12:13:59Z,258,"require,mouth,pull,leg"
c_000051,At second these how,heart_health,quiz,beginner,Jeffrey Butler,2025-05-23T06:13:59Z,165,"behavior,generation,life,major,address"
c_000052,Also will half sing wife,heart_health,article,advanced,Megan Hart,2025-03-26T03:13:59Z,129,"shoulder,specific,term,per,run"
c_000053,Program allow call large,nutrition,quiz,intermediate,Sara Patterson,2025-07-09T06:13:59Z,839,"this,address,happen,young,range"
c_000054,Especially very name,men_health,article,beginner,Hannah Pope,2025-05-14T09:13:59Z,276,"buy,open,career"
c_000055,Act magazine inside region ask could,fitness,video,beginner,Gary Perry,2026-01-14T13:13:59Z,71,"middle,but,individual,back,her"
c_000056,Voice bill either realize happy couple tend institution population TV,nutrition,article,beginner,Jessica West,2025-03-04T10:13:59Z,808,"amount,join,approach,between,would"
c_000057,Water hotel street rule,heart_health,article,intermediate,Arthur Obrien,2025-02-10T11:13:59Z,747,"camera,agreement,light,including"
c_000058,Focus stay sound firm,digestive_health,video,beginner,Francisco Ruiz,2025-10-17T04:13:59Z,537,"draw,nor,somebody"
c_000059,Past stuff debate drive live,cold_flu,video,intermediate,Erik Frank,2025-07-05T13:13:59Z,633,"debate,major,meet"
c_000060,Live land space especially rest fall prepare,weight_loss,article,intermediate,Victoria Knox,2025-07-18T18:13:59Z,202,"popular,three,fund,idea,others"
c_000061,Partner can similar claim indicate,men_health,video,advanced,Megan Nelson,2025-12-10T16:13:59Z,689,"easy,standard"
c_000062,Company minute traditional individual say,heart_health,video,beginner,James Brown,2025-06-20T04:13:59Z,459,"make,rule"
c_000063,Visit write general onto cause whom fight choice lawyer pattern party cultural course order,stress,article,advanced,Ellen Weeks,2025-12-10T04:13:59Z,740,"dark,popular,line,agree"
c_000064,Citizen four program claim,women_health,article,intermediate,David Reed,2025-12-21T23:13:59Z,189,"because,contain,while,main,learn"
c_000065,Behind news anything price,stress,article,intermediate,Jennifer Moore,2025-11-23T20:13:59Z,93,"remember,food"
c_000066,Late campaign hard hundred against,women_health,article,advanced,Mr. Nicholas Moore,2025-11-20T13:13:59Z,474,"over,charge"
c_000067,Director season so,men_health,quiz,beginner,Virginia Matthews,2026-01-05T16:13:59Z,197,"yet,strong"
c_000068,City collection material seat behind physical red material,weight_loss,article,beginner,Tammy Sullivan,2025-08-03T06:13:59Z,300,"old,pull,such,each,structure"
c_000069,It responsibility test so edge father,fitness,quiz,beginner,Christian Harris,2025-08-11T23:13:59Z,358,"customer,act,recent,seek"
c_000070,Improve few major control,stress,article,beginner,Benjamin Stephens,2025-02-25T08:13:59Z,119,"big,soon,little,public,agent,chance"
c_000071,Free kid security life,heart_health,article,beginner,Michael Castillo,2025-12-31T17:13:59Z,630,"have,hotel"
c_000072,Discuss grow understand effort off begin across,weight_loss,quiz,intermediate,Jacqueline Cole,2025-03-30T00:13:59Z,490,"impact,city,could,effect,country,range"
c_000073,Deal laugh century sing nature say into help election,mental_health,video,beginner,Sara Compton,2025-07-29T09:13:59Z,677,"indicate,nor,scientist,lead"
c_000074,Religious discuss little purpose director,weight_loss,article,intermediate,Hailey Shaffer,2025-08-07T10:13:59Z,578,"population,full"
c_000075,Present front,women_health,quiz,beginner,Mrs. Allison Anderson,2025-03-08T11:13:59Z,684,"experience,court,million,relationship"
c_000076,Drop by popular situation natural argue none,covid19,quiz,advanced,Richard Guerrero,2025-06-20T17:13:59Z,263,"student,central,bad,each,sit"
c_000077,Yourself few begin hand,sleep,article,advanced,Diana Cannon,2025-03-13T23:13:59Z,426,"of,six,medical,president,amount"
c_000078,Dream less into bill management travel,skin_care,quiz,beginner,Lisa Glover,2025-06-01T11:13:59Z,456,"through,catch"
c_000079,Develop read at,stress,quiz,advanced,Kathy Medina,2025-09-21T21:13:59Z,225,"model,film,pull"
c_000080,Food hot physical,mental_health,quiz,advanced,Marcus Serrano,2025-07-30T15:13:59Z,163,"already,record,research,nation"
c_000081,Phone federal team expert much,nutrition,video,intermediate,Cameron Hernandez,2025-12-02T18:13:59Z,193,"hotel,protect,early,his"
c_000082,Pay take Republican again pass,heart_health,quiz,advanced,Amanda Dean,2025-07-07T18:13:59Z,182,"she,staff,so,group,reality,born"
c_000083,Play statement whose stand,stress,quiz,advanced,Danielle Chapman,2025-12-03T10:13:59Z,375,"force,degree,per,give,father"
c_000084,On she effort personal,weight_loss,article,advanced,Kevin Moore,2025-10-05T20:13:59Z,163,"model,need,attention,race,cell"
c_000085,Policy science project hotel manage decision forget,mental_health,article,intermediate,Darren Brennan,2025-07-19T09:13:59Z,60,"care,everybody,end,learn,certain"
c_000086,Message her couple accept school,stress,video,beginner,Traci Obrien,2025-10-18T13:13:59Z,882,"dream,where"
c_000087,East television game data,women_health,article,intermediate,Justin Blankenship,2025-11-05T03:13:59Z,372,"note,foreign"
c_000088,Without realize style interest force group right on also serve,covid19,video,intermediate,Paula Bird,2026-01-21T17:13:59Z,642,"senior,break"
c_000089,Marriage person reason husband,digestive_health,article,intermediate,Trevor Anderson,2025-03-12T23:13:59Z,378,"radio,customer,up,especially,effort,society"
c_000090,Kind already medical local need,nutrition,quiz,beginner,Nancy Jimenez,2025-04-27T23:13:59Z,375,"measure,partner,religious,pretty"
c_000091,Boy board as score,men_health,article,intermediate,Mary Jones,2025-10-23T07:13:59Z,127,"whole,little,pattern"
c_000092,Discuss new eat early be,skin_care,article,beginner,Pamela Torres,2025-11-06T23:13:59Z,519,"effort,easy,above,responsibility,even,hotel"
c_000093,Wife break method find sound reduce remain bad,digestive_health,video,advanced,Kelly Mcguire,2025-10-28T08:13:59Z,607,"individual,else,hold,today"
c_000094,Trial team decide join,men_health,article,advanced,Richard Brown,2025-12-26T14:13:59Z,378,"box,blood"
c_000095,Hospital model record response,mental_health,quiz,advanced,Joshua Alvarado,2025-10-18T23:13:59Z,160,"hand,should"
c_000096,Can recognize they clearly that,covid19,video,intermediate,Elizabeth Green,2025-07-06T21:13:59Z,737,"work,wrong,treat"
c_000097,Adult bed surface baby in rock project full,women_health,quiz,advanced,Michael Logan,2025-03-09T23:13:59Z,166,"pretty,white"
c_000098,Type pay mouth no foot marriage,cold_flu,quiz,beginner,Taylor Everett,2026-01-11T14:13:59Z,860,"condition,decide,star,door,step,raise"
c_000099,Fire behavior themselves easy house record finally movie tree,women_health,quiz,intermediate,Diana Rich,2025-09-01T09:13:59Z,350,"perhaps,often,significant,after,share"
c_000100,Blue raise catch though catch provide leave whatever technology ever,weight_loss,quiz,advanced,Angela Salazar,2025-10-31T03:13:59Z,153,"this,pattern"
c_000101,Full firm rather fast east within note approach,mental_health,quiz,advanced,Jacqueline Barton,2025-04-11T01:13:59Z,739,"program,already,everybody,travel,three,dog"
c_000102,Left must lead decide the collection ten feel,sleep,quiz,advanced,Douglas Powell,2025-12-13T06:13:59Z,550,"term,eat"
c_000103,Week sport sell account mean account respond just commercial fast federal,stress,video,intermediate,Amy Kline,2025-07-27T11:13:59Z,723,"use,letter,draw,a"
c_000104,Hair success central worry throw,cold_flu,video,beginner,Sandra Andrews,2025-05-03T02:13:59Z,233,"daughter,southern"
c_000105,Stop against need but concern size take true study,fitness,video,intermediate,Shawn Allen,2025-07-26T19:13:59Z,832,"your,measure,relate,tend,sport"
c_000106,Memory consider instead main agent,cold_flu,quiz,beginner,Virginia Scott,2025-02-28T15:13:59Z,297,"wait,prove,identify,plan,program,gun"
c_000107,Office movie community tough skill matter I cause particular,cold_flu,quiz,beginner,Stephanie Stevens,2025-07-21T16:13:59Z,841,"fear,third,change,suffer,brother"
c_000108,Sort line foot away daughter provide age,stress,quiz,intermediate,Tyler Guerrero,2025-05-09T13:13:59Z,403,"also,southern,today,someone"
c_000109,Stand war long develop take build necessary heavy billion couple analysis moment stop,women_health,quiz,intermediate,Patricia Buckley,2025-03-30T00:13:59Z,405,"defense,consumer,evening,itself,few"
c_000110,Once above nice,digestive_health,quiz,beginner,Bradley Nguyen,2025-11-04T13:13:59Z,767,"including,investment,ten,view,rate,paper"
c_000111,Nothing what write when hold who,nutrition,article,beginner,Terri Stark,2025-02-03T16:13:59Z,886,"remember,begin,him"
c_000112,Top approach system accept image community,digestive_health,article,advanced,Tasha Walker,2025-02-16T23:13:59Z,315,"recognize,history,perform,society,exactly,own"
c_000113,Final collection local talk always expert home president,men_health,quiz,advanced,Heather Miller,2025-03-05T15:13:59Z,65,"event,what,away,number,director"
c_000114,Mouth too we,cold_flu,quiz,advanced,Julia Williams,2025-11-15T12:13:59Z,509,"federal,evidence,usually"
c_000115,National evening Congress couple society various learn improve affect,weight_loss,video,intermediate,Jennifer Porter,2025-12-30T07:13:59Z,386,"ground,feel"
c_000116,Respond culture care picture really he ten worker thank wife another policy,women_health,quiz,beginner,Lauren Bullock,2025-03-13T07:13:59Z,395,"general,environmental,cut,music,science"
c_000117,Tree safe economic experience,nutrition,quiz,intermediate,Shannon Koch,2025-06-10T20:13:59Z,433,"down,turn,whole,game"
c_000118,Shake girl save recognize serious major argue pattern big,digestive_health,quiz,advanced,Charles Oneill,2025-10-02T22:13:59Z,547,"whom,white,minute,authority,eye,few"
c_000119,Buy where ground which physical relate,sleep,article,beginner,Mary Lewis,2025-02-12T10:13:59Z,189,"bank,leave,bring,wish,reflect"
c_000120,Area key record middle thus art degree civil animal ready year,men_health,video,advanced,Brooke Wilson,2025-10-21T23:13:59Z,74,"ground,although,note,shoulder"
c_000121,Long high contain answer investment,diabetes,quiz,intermediate,Joseph Hess,2025-03-07T16:13:59Z,750,"popular,trip"
c_000122,Side yeah attack necessary pass go,nutrition,article,advanced,Nicole Gonzales,2025-08-09T14:13:59Z,191,"need,it,look,arm,area,drive"
c_000123,Picture adult hope subject,skin_care,video,intermediate,Joseph Huffman,2026-01-28T01:13:59Z,781,"beautiful,use,fine,plant,arm"
c_000124,Life much least find begin,diabetes,article,intermediate,Patrick Young,2026-01-01T14:13:59Z,774,"place,whose,language,have,more"
c_000125,Herself good government policy send,fitness,video,advanced,Jane Miller,2025-05-28T17:13:59Z,444,"natural,expert"
c_000126,Head result spring upon never,digestive_health,article,intermediate,Cathy Sullivan,2025-10-25T12:13:59Z,239,"set,how,sign"
c_000127,Mission final side trip meeting three official from,weight_loss,quiz,advanced,Donald Young,2025-12-22T18:13:59Z,519,"specific,bag,with,development,second"
c_000128,Game us yet up interview,women_health,article,beginner,Peter West,2025-06-17T22:13:59Z,366,"go,assume,about,local,any,foot"
c_000129,Huge carry contain evidence until probably bit,weight_loss,quiz,intermediate,Susan Jones,2025-07-16T08:13:59Z,436,"view,give,name,wonder"
c_000130,Participant her word finally defense beat,mental_health,article,beginner,Brenda Osborne,2026-01-01T10:13:59Z,515,"expert,particular,the,wear,remember"
c_000131,Benefit development,weight_loss,article,intermediate,Robert Velasquez,2025-05-22T10:13:59Z,383,"during,career,hundred,rather"
c_000132,Assume speak into face activity range create garden turn even health,men_health,video,beginner,Jennifer Owens,2025-11-17T10:13:59Z,607,"national,authority"
c_000133,Sit fast cut soon inside fund,mental_health,article,intermediate,Ricardo Jackson,2025-03-24T05:13:59Z,306,"grow,for,customer,thing,job"
c_000134,Month staff new successful might ground tell seem rest drop scientist,heart_health,article,beginner,Megan Thompson,2025-04-23T13:13:59Z,534,"task,loss,animal,church,question"
c_000135,Attack by development lawyer believe,men_health,video,intermediate,Crystal Clay,2025-08-17T05:13:59Z,506,"amount,administration,play,nation"
c_000136,Commercial born raise develop culture,weight_loss,video,beginner,Andrew Jones,2025-12-24T00:13:59Z,685,"public,hope,threat,study"
c_000137,Relate behavior nor high indicate from also,covid19,quiz,beginner,Margaret Romero,2025-07-22T02:13:59Z,298,"fall,order"
c_000138,Turn lot alone local out mother rather rule,stress,quiz,intermediate,David Green,2025-11-11T22:13:59Z,753,"hold,three,card,allow,it,see"
c_000139,Without wife know,stress,video,beginner,Matthew Walters,2025-09-16T01:13:59Z,592,"window,community,kitchen"
c_000140,Series operation price religious spend listen white skill head party this throughout nation mission,digestive_health,article,advanced,Mary Christensen,2025-02-10T07:13:59Z,454,"soldier,organization,cold,phone,prevent,all"
c_000141,Usually start sport sing some,digestive_health,quiz,beginner,Yolanda Baird,2026-01-01T09:13:59Z,232,"fire,fund,staff,painting"
c_000142,Energy wish citizen,mental_health,video,intermediate,Sandra Smith,2025-02-09T02:13:59Z,218,"event,attack,ok"
c_000143,Certain important argue always time indeed beat perhaps,sleep,quiz,beginner,Carla Taylor,2025-06-15T12:13:59Z,363,"Democrat,environment,may"
c_000144,Reason sister,stress,video,beginner,Kara Nguyen,2025-04-07T01:13:59Z,685,"production,bring,past,likely,piece"
c_000145,Population under foreign police,stress,video,advanced,Patrick Ortiz,2026-01-20T15:13:59Z,741,"single,drop,everything"
c_000146,Big maybe entire,sleep,article,intermediate,Valerie Campbell,2025-08-20T19:13:59Z,280,"friend,bed"
c_000147,Lot better feel training on,mental_health,article,advanced,Brent Ball,2025-11-05T06:13:59Z,596,"your,employee"
c_000148,Heart authority sure fall idea nature,cold_flu,article,intermediate,Joe Ware,2025-03-28T23:13:59Z,219,"small,use,single"
c_000149,World interview significant rest job avoid,men_health,article,advanced,Eddie Martinez,2025-02-23T11:13:59Z,437,"less,put,morning,management,natural"
c_000150,Federal accept most method maintain year body help,heart_health,video,intermediate,Debbie Williams DDS,2026-01-22T01:13:59Z,802,"bring,for,election,degree,no,three"
c_000151,Chair try approach,sleep,article,intermediate,Nicole Gross,2025-11-13T02:13:59Z,821,"project,before,magazine,full,truth"
c_000152,Stand understand key community away tonight,covid19,quiz,beginner,George Jackson,2025-05-20T16:13:59Z,222,"accept,exist,tough,tree,but,dark"
c_000153,Author market structure blue protect friend see,digestive_health,article,beginner,Jeffrey Buckley,2025-11-08T13:13:59Z,369,"story,beautiful,find"
c_000154,Stuff particularly expect cell television,digestive_health,quiz,advanced,Michael Coleman,2025-02-09T20:13:59Z,474,"within,until,citizen"
c_000155,Explain husband fund day manage least else several word arm tell,sleep,quiz,intermediate,Leslie Murillo,2025-04-26T00:13:59Z,795,"industry,story"
c_000156,Trouble early teacher the catch eat long opportunity lot enjoy,heart_health,video,beginner,Steven West,2025-09-18T12:13:59Z,215,"thing,green,material,sure,pattern,society"
c_000157,Entire style,cold_flu,quiz,beginner,Kenneth Perez,2025-10-21T14:13:59Z,479,"physical,easy,appear,particularly,soon,couple"
c_000158,Discover instead road,mental_health,video,intermediate,Alexandria Trujillo,2025-09-01T05:13:59Z,576,"note,little"
c_000159,Too project either vote responsibility government,fitness,video,advanced,Aaron Scott,2025-06-24T03:13:59Z,84,"fact,house,director"
c_000160,And system support reason central bring,men_health,quiz,advanced,Michael Trevino,2025-09-20T10:13:59Z,538,"oil,simple,style,former"
c_000161,Population none direction together listen,men_health,video,intermediate,Alexis Brewer,2025-12-04T22:13:59Z,187,"weight,trouble,response"
c_000162,Subject international get child away,heart_health,quiz,advanced,Justin Santiago,2025-08-02T22:13:59Z,154,"officer,somebody"
c_000163,In sister individual sort service way early play social,diabetes,video,intermediate,Adam Moreno,2026-01-29T00:13:59Z,518,"author,ask,stage,material,treatment"
c_000164,Parent run perhaps political,mental_health,quiz,advanced,Jennifer Martin,2025-11-17T15:13:59Z,400,"under,instead,exist"
c_000165,Control move art respond exist activity surface situation he activity investment detail use,stress,quiz,advanced,Arthur Reyes,2025-06-16T16:13:59Z,309,"difference,personal,certainly,success,design"
c_000166,Might past himself short station almost,heart_health,quiz,intermediate,Gabriella Mooney,2025-07-27T08:13:59Z,846,"strong,animal,laugh,buy,recognize"
c_000167,Set determine travel result never believe exactly exactly,cold_flu,quiz,beginner,Rachel King,2025-05-04T22:13:59Z,783,"gas,public,face"
c_000168,Smile else word against say behind religious,covid19,article,beginner,Stephen Johnson,2025-06-04T13:13:59Z,673,"project,yard,start,food"
c_000169,Four court nice police southern make special age they reflect,diabetes,quiz,beginner,Carlos Murphy,2025-06-19T22:13:59Z,728,"employee,pressure,wait,task,bag"
c_000170,Power anything democratic look worker room parent yeah series enter collection,nutrition,article,beginner,Jerry Castillo,2025-08-14T06:13:59Z,325,"of,reveal,bill"
c_000171,Lot have official board,mental_health,quiz,advanced,Dawn Bush,2025-09-17T15:13:59Z,223,"top,stock,myself"
c_000172,You important consider,cold_flu,video,intermediate,Kevin Wilson,2025-05-07T16:13:59Z,620,"church,structure,world,item,person"
c_000173,Girl build from better thus floor southern,women_health,video,advanced,Tony Bauer,2026-01-05T08:13:59Z,736,"religious,think,start,feel"
c_000174,School involve age kind result,digestive_health,video,advanced,Karen Roman,2025-11-25T18:13:59Z,369,"audience,major"
c_000175,Last visit buy identify,heart_health,video,advanced,Mikayla Jones,2025-07-30T15:13:59Z,821,"mouth,conference,citizen,senior,performance"
c_000176,Capital resource party impact,sleep,article,intermediate,Frank Powers,2025-03-22T19:13:59Z,846,"its,Mrs,star,finish,people"
c_000177,Role adult believe degree ball appear phone coach behind describe,men_health,article,advanced,Richard Barnes DVM,2025-10-08T17:13:59Z,696,"see,ask,anything,all"
c_000178,He grow rock,nutrition,quiz,beginner,Oscar Doyle,2025-11-27T14:13:59Z,134,"cover,image,argue,offer,forward,cut"
c_000179,Child know TV wall several hear order activity military,skin_care,quiz,intermediate,Teresa Carey,2025-05-03T04:13:59Z,358,"human,finish,surface"
c_000180,Chair game subject around realize fine point fine society,cold_flu,quiz,beginner,Abigail Johnson,2025-08-20T08:13:59Z,588,"over,spend,appear,thing,rate,boy"
c_000181,Modern happen year catch,cold_flu,quiz,advanced,Gavin Reed,2025-10-16T14:13:59Z,258,"feel,direction,many,small"
c_000182,Ok subject just pull wish,mental_health,quiz,intermediate,Arthur Taylor Jr.,2025-09-12T05:13:59Z,388,"outside,talk,clearly"
c_000183,Good month various,diabetes,quiz,beginner,Jennifer Barnes,2025-09-29T16:13:59Z,433,"policy,soon"
c_000184,Three idea continue list site student behavior fight information,nutrition,quiz,beginner,James Harper,2025-03-24T06:13:59Z,438,"someone,machine,front,that,interesting,computer"
c_000185,Doctor PM agent artist write customer true husband grow technology environment,covid19,video,advanced,Kim Smith,2025-04-19T19:13:59Z,852,"easy,what,church,some"
c_000186,Cold number nice system allow stop,cold_flu,article,intermediate,James Collins,2025-03-04T17:13:59Z,717,"address,seem,economic,year,team"
c_000187,May scientist laugh soldier myself participant two especially phone tough,cold_flu,video,beginner,Mark Klein,2025-09-30T06:13:59Z,662,"mission,anyone,Mrs,right"
c_000188,All attorney cause upon these future by language,digestive_health,quiz,intermediate,Denise Kim,2025-09-11T05:13:59Z,701,"fly,magazine,foreign,miss,people"
c_000189,Think quite responsibility these college,diabetes,article,intermediate,Alyssa Maddox,2025-07-29T04:13:59Z,568,"him,before,food,institution,door,dinner"
c_000190,Best kind born view kid,mental_health,quiz,intermediate,Carly Hunter,2025-12-31T00:13:59Z,818,"clear,police"
c_000191,Write again town recent thing,cold_flu,video,advanced,Angela Higgins,2025-02-26T09:13:59Z,276,"would,always,business"
c_000192,Plan factor trip,cold_flu,article,beginner,Eric Evans,2025-08-18T20:13:59Z,689,"whom,what,watch"
c_000193,Accept time under message question there,mental_health,quiz,advanced,Daniel Perry,2025-09-21T13:13:59Z,451,"make,note,force,return,onto"
c_000194,Race again,digestive_health,quiz,advanced,Thomas Summers,2025-10-28T20:13:59Z,782,"scene,scientist,again,author,buy,record"
c_000195,Item ball contain high,sleep,article,intermediate,Alexander Smith,2025-10-08T23:13:59Z,409,"area,mission,call,expect"
c_000196,Administration learn standard kitchen president if,women_health,quiz,beginner,Jeffrey Koch,2025-10-20T23:13:59Z,610,"second,believe,this,large"
c_000197,Structure meeting foot down free smile hotel red,mental_health,quiz,intermediate,Amanda Smith,2025-03-07T08:13:59Z,238,"shoulder,drop,out,PM"
c_000198,Nation best agency their,digestive_health,quiz,advanced,Jasmine Harrison,2025-10-10T09:13:59Z,757,"seek,situation"
c_000199,Seat again break administration dream husband enter,diabetes,video,advanced,Michelle Rush,2025-10-31T07:13:59Z,172,"school,require"
c_000200,Month red instead heart probably technology over,digestive_health,article,intermediate,James Santiago,2025-05-24T20:13:59Z,124,"executive,long,stuff"
c_000201,Ok recent or work,cold_flu,article,intermediate,Andrew Harris,2025-12-16T16:13:59Z,307,"property,doctor,purpose"
c_000202,Themselves follow,nutrition,article,advanced,John Davenport,2025-09-29T06:13:59Z,282,"better,miss,that,term,either"
c_000203,Sign your blue treatment college,digestive_health,article,advanced,Stephen Villarreal,2025-08-18T03:13:59Z,569,"travel,reflect,rather,customer,involve"
c_000204,Special organization property provide court office nearly worry art mother seven,sleep,article,intermediate,William Gentry,2025-04-10T23:13:59Z,171,"church,card,particular,administration,medical"
c_000205,Life tax expect leave worry you discussion attack,diabetes,quiz,beginner,Debra Thompson,2025-12-31T23:13:59Z,206,"young,here,it,religious,find"
c_000206,Name follow save,weight_loss,quiz,beginner,Stephanie Pittman,2025-04-09T03:13:59Z,315,"store,area,government"
c_000207,Feeling let evidence yourself,weight_loss,video,advanced,Robert Campbell,2025-09-30T15:13:59Z,373,"represent,card"
c_000208,Society growth establish,cold_flu,video,intermediate,Victor Williams,2025-10-02T13:13:59Z,431,"issue,four"
c_000209,Defense cut customer hard,nutrition,article,advanced,Terry Gordon,2025-10-03T04:13:59Z,816,"century,control,identify,behind"
c_000210,Receive together require because since interest explain recently six and,skin_care,quiz,advanced,Dr. Thomas Scott MD,2025-12-23T23:13:59Z,465,"soldier,television,when"
c_000211,Customer list authority town left outside large choose usually,weight_loss,quiz,beginner,Nathan Wood,2025-07-29T10:13:59Z,629,"now,focus,kind,away,make"
c_000212,Billion popular free,stress,article,beginner,Andrew Sullivan,2025-05-30T19:13:59Z,163,"work,respond,eat,result,particularly"
c_000213,Firm without religious born model continue traditional brother still second,weight_loss,quiz,advanced,Jennifer Wilson,2025-07-17T14:13:59Z,794,"always,last"
c_000214,Other common theory time build left however,sleep,video,advanced,Rhonda Roberts,2025-04-26T21:13:59Z,216,"plan,magazine,figure"
c_000215,See crime town able,covid19,quiz,advanced,Paul Arnold,2025-02-10T02:13:59Z,772,"but,force,admit,system"
c_000216,Mother common dinner factor per give often also pretty especially vote spring interest,men_health,article,beginner,Michelle Campbell,2025-09-23T18:13:59Z,341,"structure,perform,life,this,what,bad"
c_000217,Activity very former country away writer actually full head,cold_flu,quiz,advanced,Melissa Robinson,2025-12-25T12:13:59Z,534,"position,show,entire,special"
c_000218,Here serve question before cover meet,cold_flu,article,advanced,James Carney,2025-12-02T16:13:59Z,609,"pick,image,society,realize,particular,guess"
c_000219,Dog concern film heavy modern look see,digestive_health,quiz,intermediate,Tracy Jensen,2025-03-24T11:13:59Z,569,"may,machine,add,see,room,political"
c_000220,Anyone many authority reach age,stress,article,advanced,Robert Johnson,2025-09-08T15:13:59Z,525,"bed,Democrat,four,three"
c_000221,Most look not feeling,weight_loss,article,intermediate,Jordan Gray,2025-12-28T18:13:59Z,464,"once,staff,reach"
c_000222,Throw sure quickly six of,diabetes,quiz,advanced,Norma Davidson,2025-02-09T08:13:59Z,781,"spend,course,left,different"
c_000223,Next perhaps glass number cut change,skin_care,quiz,beginner,Michael Scott,2025-02-25T03:13:59Z,802,"determine,operation,adult,likely,gun,professor"
c_000224,Bill story information sort man west,mental_health,article,intermediate,Miss Ashley Garcia,2025-12-09T06:13:59Z,498,"would,now,film"
c_000225,Court recently discussion decade fall try discover radio much item number big,fitness,video,beginner,Cheryl Weaver,2025-02-24T06:13:59Z,881,"company,left,weight"
c_000226,Yeah unit heavy way professional black market officer company here,weight_loss,quiz,intermediate,Albert Rodgers,2025-12-21T17:13:59Z,405,"everybody,billion,position"
c_000227,Business whole buy remain list nearly bar everything marriage,heart_health,article,beginner,Daniel Merritt PhD,2025-08-24T23:13:59Z,640,"town,concern"
c_000228,Beyond far seem drop later instead,women_health,quiz,beginner,Daniel Davies,2025-05-10T08:13:59Z,328,"manage,office,cold"
c_000229,Notice skin citizen several media then,skin_care,article,intermediate,Mary Townsend,2025-09-05T06:13:59Z,132,"child,center,major"
c_000230,Collection police heart agency section,skin_care,quiz,intermediate,Lauren Miller,2025-10-13T23:13:59Z,194,"nothing,everyone,also,financial"
c_000231,Late rate car,women_health,video,beginner,Brandy Wheeler,2025-10-31T11:13:59Z,488,"choice,marriage,value,church,size"
c_000232,Yard hair pay watch,skin_care,quiz,beginner,Linda Shelton,2025-11-13T20:13:59Z,793,"free,benefit,animal"
c_000233,Subject seek manage,weight_loss,video,intermediate,Luis Johnson,2025-06-23T07:13:59Z,366,"road,however"
c_000234,Material item such stay,nutrition,article,intermediate,Michael Cortez,2025-10-05T06:13:59Z,360,"president,fly,next"
c_000235,Response range skill ask fish point part other conference,weight_loss,quiz,beginner,Stephanie Garcia,2025-06-30T21:13:59Z,258,"note,fine,expect,hear,whatever"
c_000236,Total whether impact baby treatment natural age concern keep beyond system just green,skin_care,article,beginner,Randy Archer,2025-11-08T20:13:59Z,208,"light,institution,kind"
c_000237,Agent star various call should send us hope,weight_loss,quiz,beginner,Michael Russell,2025-04-25T03:13:59Z,120,"now,wind"
c_000238,Apply there tend move down,cold_flu,quiz,advanced,Jeremy Reyes,2025-10-01T06:13:59Z,427,"notice,few,ready"
c_000239,Sound recognize senior rather land although if south her another officer,men_health,article,beginner,Anthony Lowery,2025-02-12T07:13:59Z,769,"outside,site,thank,store,throughout,glass"
c_000240,Indicate person election seem practice executive class against stay ask current,women_health,quiz,advanced,Donald Hale,2025-09-24T14:13:59Z,411,"factor,economic,both,clear,trip,if"
c_000241,Require bank small else none one treatment recently out,mental_health,article,beginner,Derrick Russell,2025-04-13T20:13:59Z,359,"ball,assume,class"
c_000242,Trial put practice open,weight_loss,article,intermediate,Vanessa Petty,2025-05-23T20:13:59Z,684,"wind,few,window,outside,employee"
c_000243,Significant beautiful check computer along risk,heart_health,article,beginner,Ryan Rodriguez,2025-05-03T06:13:59Z,847,"billion,teach,never"
c_000244,Seat true mouth thus speech group,diabetes,article,beginner,Jasmine Rivera,2025-04-09T05:13:59Z,440,"pick,job"
c_000245,Degree other last relate institution,cold_flu,video,beginner,Brett Owens,2025-10-21T11:13:59Z,843,"type,relate,describe,daughter,child,another"
c_000246,Them prove three door interesting,sleep,video,beginner,Michelle Cruz,2025-06-03T06:13:59Z,641,"institution,suffer,worry,language,same,energy"
c_000247,Current guess action position,fitness,quiz,beginner,Alexander Reynolds,2025-03-31T08:13:59Z,262,"yard,couple"
c_000248,Let inside next while nearly news organization less,weight_loss,quiz,advanced,Brendan Bailey,2025-10-13T04:13:59Z,821,"everything,see,step"
c_000249,Officer different out film final whatever,heart_health,quiz,advanced,Courtney Patterson,2025-11-06T12:13:59Z,752,"particular,under,no"
c_000250,Foreign bag morning no,heart_health,quiz,intermediate,Jason Allison,2025-04-09T17:13:59Z,505,"nor,religious"
c_000251,Staff someone billion number cell,women_health,video,advanced,Angela Parker,2026-01-26T10:13:59Z,648,"point,seven,same,late"
c_000252,Exist society hard while,stress,video,intermediate,Ashley Long MD,2025-04-17T11:13:59Z,216,"house,learn,only"
c_000253,Knowledge garden son hospital team place require institution fall food,fitness,video,beginner,Joseph Murray,2025-12-17T07:13:59Z,811,"with,again"
c_000254,Design write my he point,mental_health,quiz,advanced,Zachary Simmons,2025-02-08T20:13:59Z,163,"region,billion,young"
c_000255,Believe visit reflect exist final sell,covid19,video,advanced,Dylan Snyder,2025-08-27T23:13:59Z,226,"cause,year,everybody,speak"
c_000256,Professor fund line size front can,men_health,quiz,beginner,Angela Lewis,2025-05-04T15:13:59Z,368,"American,world,some,season"
c_000257,Billion answer bit line back,cold_flu,article,advanced,Daisy Wood,2025-09-10T08:13:59Z,121,"left,purpose,student,car"
c_000258,Red yeah this seat,skin_care,article,beginner,Jeremy Osborne,2025-12-21T12:13:59Z,605,"watch,yourself,over,blood,gas,foot"
c_000259,Former network protect report college type eye,skin_care,article,beginner,Dr. Lori Nunez MD,2025-02-15T01:13:59Z,350,"site,agreement,result,notice"
c_000260,Nice financial live company question accept,heart_health,quiz,beginner,James Pierce,2025-08-15T03:13:59Z,631,"they,important,director"
c_000261,Develop source out moment require light condition north its,women_health,article,beginner,Kimberly Gates,2025-10-15T02:13:59Z,233,"shoulder,fear,party,state"
c_000262,Knowledge tell you part month officer career research speech,nutrition,video,intermediate,Melissa Jones,2025-07-05T01:13:59Z,592,"score,your"
c_000263,Meet international east economy,cold_flu,video,advanced,Amy Allen,2025-10-24T05:13:59Z,424,"success,perhaps,establish,industry"
c_000264,Exactly leg among mind summer standard number,weight_loss,quiz,advanced,Tamara Delacruz,2025-08-21T03:13:59Z,107,"direction,serious"
c_000265,Could Mr age seven area yeah whether style,covid19,article,intermediate,Sarah Nunez,2025-03-11T23:13:59Z,320,"add,skin,car"
c_000266,Mother focus which entire yes,cold_flu,quiz,advanced,Michelle Bender,2025-05-15T22:13:59Z,315,"game,apply,walk,consumer,trade"
c_000267,Choose computer about yourself should,stress,quiz,advanced,Dorothy Mckay,2025-09-08T22:13:59Z,290,"old,act,action,art"
c_000268,Conference industry media back find involve class guess term source,covid19,video,advanced,James Jennings,2025-02-16T05:13:59Z,494,"son,baby,available,down"
c_000269,Wide last final deal reflect fish would skill kid cost hope,nutrition,quiz,advanced,Jordan Gomez,2025-05-26T05:13:59Z,720,"painting,treatment"
c_000270,Create well next season,skin_care,video,intermediate,Roy Gibbs,2025-07-23T03:13:59Z,130,"thus,try,hand,weight"
c_000271,Common risk significant dog,mental_health,video,intermediate,Jonathan Roberts,2025-09-09T17:13:59Z,207,"bank,with,finally,bring"
c_000272,Believe personal director when art film total soldier,stress,quiz,beginner,Crystal Callahan,2025-02-07T18:13:59Z,424,"wear,too"
c_000273,Daughter matter keep season about then visit be sea today,cold_flu,video,beginner,John Cooper,2025-06-24T17:13:59Z,783,"stay,ability,among,keep,each"
c_000274,Industry pass customer about else design can,sleep,article,beginner,Mrs. Alison King,2025-02-09T15:13:59Z,595,"economic,wait,paper"
c_000275,Garden network able a never head series,digestive_health,article,advanced,Michele Byrd,2025-11-03T19:13:59Z,221,"cut,recent"
c_000276,National race anyone actually,skin_care,quiz,beginner,Devon Day,2025-09-30T10:13:59Z,549,"call,miss,include,per,dog"
c_000277,Away late book yard especially,nutrition,article,intermediate,Tyler Rowe,2025-08-10T15:13:59Z,302,"always,military,better,close,city,base"
c_000278,Perform time short science ball,weight_loss,article,advanced,Patricia Brooks,2025-12-01T12:13:59Z,608,"executive,will"
c_000279,Truth accept describe like fall end third,covid19,article,intermediate,Jason Williams,2026-01-24T03:13:59Z,218,"here,whom,sea,provide,agent"
c_000280,Figure the perhaps owner somebody choose,nutrition,article,beginner,Steve Hernandez,2025-05-10T07:13:59Z,127,"should,week,administration"
c_000281,Religious again democratic direction buy everyone,weight_loss,article,beginner,Sheryl Porter,2026-01-24T08:13:59Z,589,"American,cold"
c_000282,Bring material again,women_health,video,advanced,Paige Jarvis,2025-09-04T01:13:59Z,530,"available,practice,attorney,thousand,radio"
c_000283,Explain present course official garden,women_health,video,advanced,Steven Stewart,2025-08-27T18:13:59Z,300,"reveal,seek"
c_000284,Media different southern she,skin_care,article,intermediate,Charles Rasmussen,2025-04-02T07:13:59Z,394,"goal,again,similar,soldier"
c_000285,Physical agency economic,cold_flu,article,intermediate,Austin Kelly,2025-11-26T09:13:59Z,821,"develop,position"
c_000286,Plan can head yard choice fight,skin_care,video,intermediate,Lorraine Avila,2025-06-09T04:13:59Z,797,"price,either,south,first,strategy"
c_000287,Song hundred low century kid hotel color all region to ever,diabetes,article,beginner,Lindsay Carey,2025-04-19T18:13:59Z,485,"nothing,expert,professor,sound,notice"
c_000288,South recognize describe there line time around know,skin_care,video,intermediate,Michael Edwards,2025-07-24T21:13:59Z,843,"buy,particular,including,seven"
c_000289,Indeed grow price room,covid19,video,intermediate,Dana Rodriguez,2025-05-18T05:13:59Z,735,"arm,might,speak,few,different"
c_000290,Eye food send religious learn her,sleep,article,beginner,Vincent Stanley,2025-12-23T12:13:59Z,276,"each,middle,sea,meet,pass,by"
c_000291,Strategy brother and today husband ground sister structure difference Mrs,digestive_health,video,advanced,Matthew Kirk,2025-08-12T02:13:59Z,98,"sell,policy,defense,company,head"
c_000292,Role college lawyer education role lay history,nutrition,article,intermediate,Scott Maxwell,2025-10-31T06:13:59Z,107,"feel,enter,dream,standard"
c_000293,Man third charge whatever rock value gun later,mental_health,video,beginner,Jasmine Abbott,2025-12-17T08:13:59Z,346,"open,report,ever"
c_000294,Miss player long western worry science about fill wide respond ready far,mental_health,quiz,beginner,Thomas Jackson,2025-03-02T17:13:59Z,428,"political,always,defense,try"
c_000295,Process positive compare television here,covid19,video,intermediate,John Acosta,2025-05-14T14:13:59Z,376,"base,smile,not"
c_000296,Specific item conference since keep interview dinner,weight_loss,video,beginner,Kelly Wood MD,2025-05-04T18:13:59Z,839,"everyone,every,road,significant,begin"
c_000297,Police among nature couple all manager close candidate north and,cold_flu,article,beginner,Stephen Adams,2025-09-16T02:13:59Z,185,"their,industry,by"
c_000298,Usually police city chair stop film,stress,article,beginner,Chelsea Carr,2025-03-22T06:13:59Z,191,"loss,memory,source,hope,clearly"
c_000299,Him happen his laugh body,fitness,video,intermediate,Richard Kim,2025-03-06T00:13:59Z,180,"itself,enough,among,season"
c_000300,Here light while role work election hospital Republican,skin_care,article,beginner,Anthony Harris,2026-01-06T20:13:59Z,410,"main,lose,tree,read,then,develop"
c_000301,Even leave under system might smile draw my,diabetes,quiz,intermediate,Gregory Harper,2025-09-15T21:13:59Z,491,"trip,worry,decide,region,positive,walk"
c_000302,Various agreement ability sport project case official understand,fitness,article,intermediate,Michael Grant,2025-06-09T12:13:59Z,363,"whatever,market"
c_000303,Imagine forget particularly remember maintain together answer knowledge tell cover officer,heart_health,video,beginner,Sandy Johnson,2025-10-22T23:13:59Z,407,"fast,difference,shake,own"
c_000304,Floor share tell even run threat memory consumer guy my speak,mental_health,article,advanced,Julie Fitzgerald,2025-07-24T16:13:59Z,408,"like,account,such,condition"
c_000305,Believe head religious far everyone work brother,skin_care,video,advanced,Alexander Shelton,2025-10-28T07:13:59Z,616,"short,red,ready,may,offer,shake"
c_000306,Specific choice item yet science report walk few so level realize,diabetes,quiz,advanced,Daniel Martin,2025-08-04T12:13:59Z,307,"into,able"
c_000307,Interesting section tonight PM arm,mental_health,video,beginner,Ronald Berger,2025-07-25T23:13:59Z,212,"election,upon"
c_000308,Authority glass star speak sure,sleep,quiz,intermediate,Victor Little,2025-12-30T16:13:59Z,224,"fear,her"
c_000309,Local possible stuff buy specific who two vote candidate age,nutrition,article,advanced,Amanda Hall,2025-10-07T03:13:59Z,589,"stop,capital,need"
c_000310,Class service,women_health,quiz,advanced,William Scott,2025-11-06T23:13:59Z,287,"catch,question,friend,resource,front,threat"
c_000311,Box focus film hard need should,weight_loss,article,beginner,Craig Raymond,2025-10-24T05:13:59Z,546,"many,type,pay,strong"
c_000312,Western really space certain seem grow she sing response some,fitness,quiz,advanced,Joseph Moore,2025-10-01T22:13:59Z,833,"far,beautiful,media,doctor,modern"
c_000313,Poor single most walk according leave bill study,covid19,article,beginner,Alexandria Brown,2025-07-04T09:13:59Z,779,"some,down"
c_000314,Class clearly help appear final ok,covid19,quiz,advanced,Amy Rodgers,2025-03-12T04:13:59Z,553,"speech,right,almost,store"
c_000315,Mr fast future ability full will perform organization say rate,covid19,quiz,intermediate,Linda Potts,2026-01-16T05:13:59Z,763,"lot,clearly,focus,wear,fill"
c_000316,Discuss drop to attention,sleep,video,intermediate,Edward Moore,2026-01-24T10:13:59Z,624,"sport,detail,gas,relate"
c_000317,Reveal lawyer by public current later practice difference get,digestive_health,article,beginner,Christopher Thornton,2025-11-30T20:13:59Z,514,"phone,page"
c_000318,Agent none wait together fire leader clearly sell note add personal back,men_health,quiz,advanced,Ruth Williams,2025-06-03T21:13:59Z,228,"continue,improve,worry,TV,report"
c_000319,Blue human culture sound site could new factor identify two,cold_flu,video,advanced,Brandon Stewart,2025-03-16T08:13:59Z,689,"seem,audience,day,employee,democratic"
c_000320,Article property certain again remain force increase town authority occur listen evening real,diabetes,video,advanced,Brian Barajas,2025-05-05T09:13:59Z,687,"middle,page,might,nation"
c_000321,Street staff five plan cost only position or work,diabetes,quiz,intermediate,Miguel James,2025-05-08T10:13:59Z,837,"call,include,some,task,player"
c_000322,Much focus true lose,covid19,quiz,beginner,Katherine Jones,2025-10-25T02:13:59Z,813,"successful,cultural,agree"
c_000323,Learn if court public page second project candidate war,fitness,quiz,intermediate,Richard Thompson,2025-02-19T10:13:59Z,786,"or,little,ready,moment"
c_000324,Production both dinner behavior,stress,quiz,beginner,Hannah Rodriguez,2025-12-23T11:13:59Z,328,"plant,however,assume,together,return,idea"
c_000325,Window industry through bag admit take read,weight_loss,video,beginner,Katherine Francis,2025-11-13T03:13:59Z,546,"road,blood,action,close"
c_000326,Adult garden pass support professional store medical store however,diabetes,article,intermediate,Adrian Baker PhD,2026-01-01T03:13:59Z,813,"another,floor"
c_000327,Simply meet American onto huge field little society,women_health,quiz,beginner,Dr. Eric Brown,2026-01-12T21:13:59Z,600,"store,modern,maybe,enough,own,win"
c_000328,Bit medical majority seek without design team expert your,mental_health,quiz,beginner,Cynthia Gilbert,2025-09-16T15:13:59Z,319,"analysis,space,reach,today,stock"
c_000329,Treat industry person region wait mention,stress,article,beginner,Michelle Jones,2025-12-21T22:13:59Z,544,"week,professor,cause,court,significant,myself"
c_000330,Discover full mention along sometimes,fitness,quiz,intermediate,Ashley Ellison,2025-08-20T05:13:59Z,672,"physical,trade,Mr"
c_000331,Would better air sometimes,diabetes,article,advanced,Christina Cooper,2025-03-09T10:13:59Z,358,"prove,discussion,professor,site,attack,eye"
c_000332,Source talk few company can recognize hospital computer guess,sleep,video,advanced,Kelly Colon,2025-06-25T07:13:59Z,240,"research,page"
c_000333,Boy group any visit carry series,heart_health,quiz,advanced,Nathaniel Fields,2025-07-27T04:13:59Z,350,"join,individual,meet"
c_000334,Gas rate this cultural,men_health,quiz,beginner,Lori Garcia,2025-08-24T18:13:59Z,367,"couple,reach,including"
c_000335,Behavior son campaign any plan during hotel election appear,fitness,video,beginner,Derrick Hansen,2026-01-05T02:13:59Z,719,"staff,be,spring"
c_000336,Easy ago probably,fitness,article,advanced,Kristin Robles,2025-06-06T08:13:59Z,359,"still,research,call,million"
c_000337,Would yet few where affect carry beautiful like,sleep,video,intermediate,Norma Johnson,2025-07-11T18:13:59Z,557,"major,well,Mrs,different,street,certain"
c_000338,Government economy reflect walk office cell PM,weight_loss,quiz,intermediate,Heather Espinoza,2025-05-26T13:13:59Z,506,"either,expert,race,threat,huge"
c_000339,Energy brother measure recognize soon tax,men_health,video,beginner,Tammy Hunter,2025-12-25T21:13:59Z,188,"national,chance,over,instead,within"
c_000340,Low plant only coach lead field little,skin_care,video,intermediate,Holly Lucas,2025-03-11T04:13:59Z,66,"picture,fast,majority,watch,financial"
c_000341,Medical center top across boy nor outside reason,heart_health,video,advanced,Dustin Greer,2025-05-07T01:13:59Z,172,"yes,agent,they,anything"
c_000342,Big wish modern close item control floor activity,heart_health,article,beginner,Robert Watson,2025-07-24T18:13:59Z,84,"quality,order"
c_000343,Teach right sure,skin_care,article,beginner,Kathleen Davis,2025-08-28T13:13:59Z,682,"everybody,close,yourself,send,hair,simply"
c_000344,List garden chair effort market project,stress,article,advanced,Mark Nguyen,2026-01-05T22:13:59Z,534,"music,usually"
c_000345,None computer Republican place day down board method teach what benefit under,fitness,article,intermediate,Robert Miller,2025-06-12T10:13:59Z,511,"might,group,especially"
c_000346,About staff treatment store,digestive_health,article,advanced,Natalie Ward,2025-12-26T18:13:59Z,406,"scientist,well,Congress"
c_000347,Enjoy list ago pull between argue mind series bag unit why,weight_loss,article,beginner,Lori Smith,2026-01-31T12:13:59Z,381,"agency,doctor"
c_000348,Toward loss defense space the employee stay even interesting strategy big,fitness,article,beginner,James Moore,2025-09-05T05:13:59Z,745,"think,wide,certain,or,factor,deep"
c_000349,Meeting yes truth blue continue thing condition issue participant,men_health,quiz,intermediate,Linda Wagner,2025-08-14T21:13:59Z,263,"policy,west"
c_000350,Other performance could address most together tree myself along will,sleep,quiz,beginner,Brenda Vega,2025-09-04T17:13:59Z,351,"half,where"
c_000351,Person suffer reduce food candidate Republican seem door yard,nutrition,video,intermediate,Alexander Allen,2025-11-23T00:13:59Z,768,"toward,different,chance,agency,spring"
c_000352,Should population population listen worker local admit treat,diabetes,video,advanced,Misty Green,2025-11-18T07:13:59Z,407,"animal,not,chair,and,well,care"
c_000353,Central individual size when,men_health,video,intermediate,Mark Stout,2025-10-20T05:13:59Z,840,"knowledge,lose,capital,bring"
c_000354,Reach country service three,weight_loss,video,advanced,Jasmine Anderson,2025-08-16T19:13:59Z,666,"age,need,page,whom"
c_000355,Simple responsibility sell what thus wall thousand role deal specific record summer,skin_care,article,beginner,Holly White,2025-09-23T08:13:59Z,179,"born,least,involve,area,worker"
c_000356,Work church across ago someone too senior major buy sport,sleep,article,intermediate,Manuel Stewart,2026-01-10T16:13:59Z,408,"citizen,food,yet,catch,shake,doctor"
c_000357,Hot security certain front report,heart_health,video,intermediate,Deborah Rogers,2025-10-09T05:13:59Z,290,"particular,poor,hold,into,small"
c_000358,Guy hot civil rock again ready fund,covid19,quiz,beginner,Ana Vega,2025-08-14T05:13:59Z,333,"guess,number,article,effort,pick,yet"
c_000359,West risk environmental economy plan serious hour seven technology personal,weight_loss,article,advanced,Melissa Jackson,2025-12-02T23:13:59Z,669,"particular,report,by"
c_000360,Grow popular door to billion hair worker fund or low me speak forget,mental_health,article,beginner,Joseph Castillo,2026-01-08T02:13:59Z,796,"clear,window,see,add,road"
c_000361,Institution particular raise deal attack reflect fact add together,digestive_health,video,beginner,Derek Hood,2025-12-25T21:13:59Z,641,"scene,structure,would,individual,just,force"
c_000362,Act likely everybody include home around under hair already recognize pick,cold_flu,video,beginner,Mrs. Danielle Smith,2025-05-03T06:13:59Z,742,"institution,allow,protect,high"
c_000363,Watch deep while mother hear left young pattern from not,diabetes,video,beginner,Danielle Gonzalez,2025-04-30T19:13:59Z,391,"society,position"
c_000364,Road clearly young father that economic raise according week year,heart_health,video,beginner,Lindsay Hernandez,2025-07-06T12:13:59Z,568,"near,western"
c_000365,Senior somebody recognize physical many himself recent hit hour live among sense garden,covid19,quiz,beginner,Benjamin Gonzales,2025-04-13T12:13:59Z,205,"prepare,vote,along,money"
c_000366,Material teacher letter official well level during child,men_health,quiz,advanced,Brian Navarro,2025-12-04T17:13:59Z,623,"despite,require,rate,city"
c_000367,Property seek allow check,covid19,article,advanced,Andrew Gonzalez,2025-11-10T00:13:59Z,795,"local,policy,street,need,student"
c_000368,Car either,covid19,quiz,beginner,Elizabeth Campbell,2025-03-27T21:13:59Z,756,"summer,leave,manager"
c_000369,Parent thing then reality discuss check,diabetes,article,beginner,Justin Sanchez,2025-04-11T07:13:59Z,512,"key,they"
c_000370,Both difficult husband,skin_care,quiz,advanced,Jessica Martinez,2025-03-03T11:13:59Z,620,"president,rather,wide,baby"
c_000371,Word really space help education middle radio seat camera than west change reduce,sleep,video,advanced,Kimberly Franklin,2025-07-06T22:13:59Z,837,"compare,run,pressure"
c_000372,Example phone population everyone their win time third,stress,article,beginner,Katherine Sharp,2025-09-30T12:13:59Z,388,"performance,turn,beautiful,might,collection,analysis"
c_000373,Build up experience answer decision also much pretty available value do,men_health,video,advanced,Victor French,2025-12-30T19:13:59Z,74,"require,many"
c_000374,Professional politics that pull chair herself fire prevent,mental_health,quiz,advanced,Lucas Diaz,2025-03-20T18:13:59Z,467,"home,during,maintain"
c_000375,Spend high baby red responsibility five understand ten buy,mental_health,quiz,intermediate,Darryl Moore,2025-07-13T12:13:59Z,121,"game,would,current,realize"
c_000376,Open social few speak trip population case,nutrition,quiz,beginner,Carolyn Ayers,2025-05-03T11:13:59Z,440,"send,thus"
c_000377,We place view home the television upon director system ask many,weight_loss,video,beginner,Daniel Dixon,2025-06-28T13:13:59Z,124,"learn,many,ahead,sister,writer"
c_000378,During again reduce source eat election mother then,mental_health,article,advanced,Aaron Glover,2025-08-05T14:13:59Z,849,"cell,long,like,candidate,thank,bank"
c_000379,Popular activity father ahead myself outside drug not happen fall,women_health,quiz,advanced,Maria Hogan,2025-05-14T01:13:59Z,94,"my,near,western,trip,design,reason"
c_000380,Coach box level choice less set yet discuss least,nutrition,video,beginner,Tanya Ray,2025-08-13T22:13:59Z,738,"really,today,pattern,personal,experience"
c_000381,Article choose claim also prove worker rate several dream different may,women_health,quiz,advanced,Philip Carter,2026-01-29T13:13:59Z,627,"nor,least,somebody"
c_000382,President suggest family talk,heart_health,article,advanced,Justin Choi,2025-12-16T12:13:59Z,319,"pay,face,part,crime"
c_000383,State able speak key buy various standard between,mental_health,quiz,intermediate,Stephanie Hernandez,2025-03-13T12:13:59Z,297,"condition,contain"
c_000384,Continue hand doctor everybody defense,sleep,video,beginner,Tammy Ball,2025-06-10T17:13:59Z,88,"open,stock,cost,account"
c_000385,Force we art smile difficult hard option life,sleep,article,advanced,Mark Evans,2025-05-10T10:13:59Z,106,"ever,teach,exist"
c_000386,Letter mother reason result lay only attack staff modern,stress,article,beginner,Kristin Braun,2025-10-12T05:13:59Z,586,"scientist,Mrs,term"
c_000387,Care behind red technology team entire,covid19,video,beginner,Katherine Sanchez,2025-10-21T13:13:59Z,312,"really,able,for,either,myself,course"
c_000388,Sit scene term feeling push,cold_flu,video,beginner,Thomas Warren,2025-12-25T22:13:59Z,95,"painting,environmental,learn"
c_000389,Little former no baby end face away key,digestive_health,article,advanced,Brittany Sanders,2025-06-01T22:13:59Z,359,"want,policy"
c_000390,Likely officer ability,weight_loss,article,intermediate,Jeffery Andrews,2025-11-18T12:13:59Z,491,"form,clear,tell,about,window"
c_000391,Page project them service long,fitness,article,intermediate,Emily Kelly,2025-10-16T03:13:59Z,773,"new,remain,avoid,understand"
c_000392,Small exactly maybe follow,stress,article,intermediate,Sandra Robinson,2025-04-12T08:13:59Z,871,"analysis,radio,learn,present,painting,create"
c_000393,Would save number be animal soldier experience agreement result good,nutrition,video,beginner,Peter Martinez,2025-05-14T22:13:59Z,299,"score,next,development"
c_000394,Mother past clearly cup yet,skin_care,article,intermediate,Monica Swanson MD,2025-04-12T16:13:59Z,666,"owner,eight,popular,before"
c_000395,Word force space,covid19,video,intermediate,Renee Townsend,2025-08-09T18:13:59Z,160,"international,page,call"
c_000396,Dinner they set development which size star deal should training then,stress,article,beginner,Jonathan Lane,2025-09-08T10:13:59Z,664,"police,thousand"
c_000397,Organization choose everything laugh represent college onto group,stress,video,intermediate,Anthony Riley,2025-04-16T23:13:59Z,816,"word,travel,dream"
c_000398,Wear or necessary majority,fitness,video,beginner,Jason Dunn,2025-06-27T04:13:59Z,797,"argue,begin,event"
c_000399,Center way yard measure natural sometimes case,stress,article,intermediate,Abigail Smith,2025-04-30T08:13:59Z,81,"power,put,professional,tough,nearly"
c_000400,Right place director,women_health,article,advanced,Sarah Mann,2026-01-03T13:13:59Z,798,"she,parent,piece,market"
c_000401,Show skill able smile common,mental_health,article,advanced,Edward Mercado,2025-12-30T13:13:59Z,664,"rather,idea,design,year,rule"
c_000402,Pull there through small what future would check challenge,skin_care,quiz,advanced,Nicole Murray,2025-11-27T02:13:59Z,478,"table,general,spring"
c_000403,Society likely agree magazine science eight stand,cold_flu,article,intermediate,Diamond Weber,2025-11-26T13:13:59Z,582,"inside,tend,impact,million"
c_000404,Pass look amount kitchen think reach system population,mental_health,article,beginner,Robert Burton,2025-04-08T02:13:59Z,157,"business,security,material"
c_000405,Population consider nature receive,fitness,article,intermediate,Angelica Raymond,2025-10-16T16:13:59Z,701,"care,drug,green"
c_000406,Nearly we somebody deal fire place beat,sleep,quiz,intermediate,Peggy Ray,2025-05-21T17:13:59Z,258,"these,ask,after,property,about,culture"
c_000407,Foot result support yourself could,nutrition,article,beginner,Kevin Serrano,2025-07-02T21:13:59Z,137,"painting,international,turn,would"
c_000408,Former bag question system from discussion tree like,mental_health,article,advanced,Megan Watson,2025-08-02T21:13:59Z,860,"day,west,push"
c_000409,Probably quite allow bed tax receive near,diabetes,article,advanced,Jeremy Bennett,2025-07-20T19:13:59Z,217,"star,better,PM,born,treat"
c_000410,Spend improve may TV marriage body responsibility red morning,stress,video,advanced,Alexander Kim,2025-07-10T09:13:59Z,668,"high,one"
c_000411,Conference prepare most base respond listen subject,skin_care,quiz,advanced,Trevor Eaton,2025-12-14T04:13:59Z,304,"attack,rest,special,something,sister"
c_000412,Leg force me hospital,women_health,video,beginner,Ryan Estrada,2025-09-03T11:13:59Z,769,"wide,task,office"
c_000413,Tend yes painting up myself pretty wear common,heart_health,video,advanced,Casey Wright,2025-08-27T00:13:59Z,620,"investment,specific,laugh,sure,area"
c_000414,Doctor west wait impact wide,nutrition,quiz,beginner,Kimberly Luna,2026-01-30T23:13:59Z,725,"line,bank"
c_000415,Feeling reason not city heavy and,diabetes,article,advanced,Lisa Roman,2025-02-04T08:13:59Z,201,"who,bed,great,interest,remember,others"
c_000416,Stay win soon large effort relate world activity,diabetes,article,intermediate,Jacob Guerra,2025-12-26T16:13:59Z,281,"about,blue,each,before,claim"
c_000417,Edge career manager approach southern how itself science car American which cause,heart_health,video,beginner,Nancy Taylor,2025-10-11T02:13:59Z,749,"court,perform,improve,charge,forget"
c_000418,Party on person,fitness,article,intermediate,Dean Mcfarland,2025-06-03T05:13:59Z,163,"among,travel,friend,fine,type,while"
c_000419,There effort tree company wife run paper remain,cold_flu,video,intermediate,Cody Bradley,2025-04-17T16:13:59Z,153,"investment,method,majority,significant,instead,area"
c_000420,Tax identify personal along real claim start,women_health,article,advanced,Megan Jordan,2025-02-21T07:13:59Z,838,"ten,particularly,away,cultural"
c_000421,Production fear level partner,mental_health,video,intermediate,Lonnie Davenport,2025-05-20T08:13:59Z,860,"give,per,inside,magazine,environmental,recently"
c_000422,Accept during,heart_health,video,intermediate,Justin Thomas,2025-02-22T18:13:59Z,560,"successful,become,rule,responsibility,degree"
c_000423,Question list take within seat family policy simply crime way affect responsibility yard,men_health,video,intermediate,Joan Mejia,2025-04-02T10:13:59Z,231,"health,international,various,there,set,that"
c_000424,Leg run recent,nutrition,article,beginner,Charles Powell,2025-10-06T00:13:59Z,387,"chair,series,wall"
c_000425,Sit kid walk sport rule sit experience,diabetes,video,intermediate,Bridget Sullivan,2026-01-07T08:13:59Z,334,"tree,image,simply,player,time"
c_000426,Sure church now as star research into,nutrition,quiz,beginner,Charles Carpenter,2025-05-10T03:13:59Z,212,"identify,young,sport,subject,professional,allow"
c_000427,Able minute right ask character someone,men_health,quiz,beginner,Mike Bowman,2025-11-09T16:13:59Z,93,"these,management,statement"
c_000428,Mention visit approach others audience quite friend,cold_flu,video,beginner,Jamie Scott,2025-08-31T03:13:59Z,74,"everybody,scene,allow"
c_000429,Network data trouble shake feeling study hour,digestive_health,video,intermediate,Kelly Frazier,2025-04-25T04:13:59Z,180,"skill,question,list,four,threat,go"
c_000430,Recognize he stay doctor,heart_health,quiz,advanced,Micheal Christensen,2025-03-27T07:13:59Z,588,"he,low"
c_000431,Name receive spring bad,digestive_health,article,intermediate,Michelle Cohen,2026-01-10T00:13:59Z,108,"lose,approach,site,station,people,exist"
c_000432,Music dream wide water friend,heart_health,article,intermediate,Justin Nguyen,2025-02-16T09:13:59Z,203,"stay,key"
c_000433,And when,mental_health,video,intermediate,Michael Walker,2025-07-01T10:13:59Z,740,"entire,option,whatever,main,relationship"
c_000434,Business bit less leg,heart_health,video,advanced,Krista Mccann,2026-01-26T11:13:59Z,752,"subject,small"
c_000435,Player act paper young time customer,digestive_health,quiz,advanced,Rebecca Franco,2026-01-31T23:13:59Z,233,"event,certain"
c_000436,Tv heavy position movement ability,fitness,video,intermediate,Robert Nelson,2026-01-19T13:13:59Z,289,"example,car,police"
c_000437,Number get gun,men_health,video,beginner,Morgan Schmidt,2025-07-14T17:13:59Z,498,"all,old,career"
c_000438,Choose field employee serve win improve,sleep,article,advanced,Fernando Greene,2025-06-21T00:13:59Z,225,"power,world,exactly"
c_000439,Office beat because guess low will,nutrition,quiz,advanced,Phillip Sandoval,2025-03-29T17:13:59Z,845,"real,more,enough"
c_000440,Five identify down above dog,nutrition,article,beginner,Karen Mcguire,2025-12-23T22:13:59Z,707,"local,future,run,similar"
c_000441,Can successful act production fill carry,heart_health,quiz,intermediate,Ellen Carroll,2025-02-25T14:13:59Z,617,"body,work,improve,meet"
c_000442,Money everything gun car many,skin_care,quiz,advanced,Michael Evans,2026-01-30T23:13:59Z,430,"owner,community,seek"
c_000443,Information matter agree while future,women_health,article,intermediate,Anna Wood,2025-03-28T14:13:59Z,610,"business,must,reflect,four"
c_000444,Positive offer create take,cold_flu,quiz,beginner,Hector Campbell,2025-02-17T03:13:59Z,654,"worker,manage,color,decade"
c_000445,Company technology adult whose each attack consumer part now deal,digestive_health,article,beginner,Brian Howell,2025-09-27T08:13:59Z,180,"attention,effort,save,subject"
c_000446,Piece Republican medical explain range,weight_loss,article,advanced,Natasha Vaughan,2025-06-25T22:13:59Z,450,"support,pull,painting"
c_000447,First seek,nutrition,video,beginner,Kelly Fuller,2025-03-22T20:13:59Z,336,"as,item,process,traditional"
c_000448,Seek fill carry,weight_loss,video,intermediate,Scott Woods,2026-01-25T06:13:59Z,900,"life,approach,light,ago,visit"
c_000449,Establish maybe ask less finish know apply son,cold_flu,article,advanced,Sheila Baker,2025-07-23T20:13:59Z,152,"guy,work,physical,one,rule"
c_000450,Why hot then idea in left goal try chance,diabetes,video,advanced,Joseph Carroll,2025-09-11T16:13:59Z,302,"order,perform,between,entire"
c_000451,Food entire maintain often degree for,mental_health,video,advanced,Melissa Lawrence,2025-08-15T11:13:59Z,398,"onto,use,relationship"
c_000452,Suddenly own civil dinner,women_health,quiz,beginner,Madison Guerrero,2026-01-11T18:13:59Z,641,"item,major,set,too,admit,give"
c_000453,Walk over push general door,fitness,video,beginner,Richard Smith,2026-01-26T03:13:59Z,480,"learn,fish,wind"
c_000454,Event fast,men_health,article,advanced,Jacqueline Smith,2025-05-05T08:13:59Z,820,"staff,Republican,product"
c_000455,Artist blue indeed record door east sign blood generation,nutrition,article,beginner,Kylie Clark,2026-01-23T17:13:59Z,330,"across,blue,add,over,property"
c_000456,Interest case house thousand year same plant,men_health,quiz,advanced,Brian Padilla,2025-03-08T12:13:59Z,777,"model,race,purpose"
c_000457,Worker condition art explain whole wear poor yeah enjoy suffer,women_health,video,intermediate,Dr. Ariel Scott MD,2025-05-08T08:13:59Z,533,"out,we,west,discussion,since,painting"
c_000458,Close end way seven always space pattern expert television,nutrition,article,intermediate,Yolanda Lowe,2025-03-21T01:13:59Z,237,"another,kid"
c_000459,Color medical southern more hit stage this,fitness,quiz,intermediate,Dr. Angela Mckee,2025-09-18T06:13:59Z,772,"attention,whole,reach,his"
c_000460,Same little social put manage start rule successful hope traditional but or,nutrition,article,advanced,Robert Holmes,2025-04-05T02:13:59Z,268,"benefit,concern"
c_000461,Face particular method understand quickly establish,fitness,video,intermediate,Carlos Cannon,2025-03-15T13:13:59Z,254,"beyond,spend,name"
c_000462,Then more third star store recognize approach hotel,stress,article,intermediate,Adrian Hall,2025-05-30T12:13:59Z,309,"cut,floor,hit,able,building"
c_000463,Alone down development mouth interview director stock,men_health,article,beginner,Norman Friedman,2025-04-19T17:13:59Z,241,"pattern,bag"
c_000464,Here task million everyone stop he organization parent own join election,sleep,video,advanced,David Johnson,2025-09-28T23:13:59Z,889,"process,area,value,style,out"
c_000465,Quite cost change close consider,men_health,quiz,beginner,Tyler Walker,2025-04-04T02:13:59Z,256,"method,take,stock,behavior,beautiful,south"
c_000466,Difference both must military into human give computer,heart_health,video,beginner,Rebecca Davies,2025-04-13T08:13:59Z,435,"recent,under,general,necessary,seat,pick"
c_000467,Have energy sure really themselves,heart_health,video,intermediate,Jasmine Wilson,2025-05-23T00:13:59Z,212,"full,question,perhaps"
c_000468,College prevent continue chance,heart_health,video,intermediate,Benjamin Brennan,2025-04-12T20:13:59Z,351,"thing,role,into,cultural,for"
c_000469,Have camera court south statement,sleep,quiz,beginner,Jocelyn Molina,2025-06-12T19:13:59Z,262,"successful,send,enough,town"
c_000470,Produce nor reality federal note outside you,women_health,quiz,intermediate,David Lowery,2025-11-04T22:13:59Z,214,"option,buy,discussion,add,common,fund"
c_000471,Break figure realize approach join raise rise where course,digestive_health,video,advanced,Mariah King,2026-02-02T10:13:59Z,428,"study,hundred,read"
c_000472,Relate position see whether space world staff statement see,heart_health,quiz,intermediate,Kimberly Allen,2026-01-07T10:13:59Z,345,"than,cell,raise,threat,successful"
c_000473,Author north make almost find family treat six voice machine,cold_flu,video,advanced,Amanda Moss,2025-12-14T15:13:59Z,189,"however,seven,gas"
c_000474,Great evidence run coach manage physical,heart_health,video,beginner,Kelly Arellano,2026-01-01T09:13:59Z,249,"TV,with"
c_000475,Produce little point best open local last issue,fitness,article,beginner,Katherine Williams,2025-07-18T07:13:59Z,677,"guess,those,girl"
c_000476,Must do later far,sleep,article,advanced,Kristen Hicks,2025-07-28T11:13:59Z,167,"employee,firm,pull"
c_000477,Owner cup surface,cold_flu,video,advanced,Carmen Smith,2025-11-04T08:13:59Z,230,"line,news,type,be,decision"
c_000478,Whole cold determine else college home know wind front store peace,stress,video,intermediate,Bruce Rodriguez,2025-12-20T02:13:59Z,120,"explain,bring,start,claim,read,experience"
c_000479,Future ground film lot popular fact industry admit recently,men_health,article,intermediate,Patricia Meyers,2025-06-19T19:13:59Z,323,"coach,pass,range,record"
c_000480,Again child player it,men_health,video,beginner,Sarah Long,2025-04-09T03:13:59Z,224,"close,benefit,form,sign,there"
c_000481,Day money agree standard your up way,men_health,video,beginner,Cheyenne Brown MD,2025-10-21T01:13:59Z,389,"worker,speak,find,activity,glass"
c_000482,Always throughout between sit success nothing create employee nice but example,diabetes,article,advanced,Matthew Carter,2025-09-13T21:13:59Z,372,"current,law,white,science,nature"
c_000483,Voice movement use someone set ball,fitness,quiz,intermediate,Theresa Lamb,2025-12-28T06:13:59Z,402,"full,tree"
c_000484,Thought onto no,heart_health,video,advanced,Jeremiah Williams,2025-11-02T11:13:59Z,755,"current,there,simply"
c_000485,Spend send may protect player actually approach realize seem century soon,diabetes,quiz,advanced,Kelly Lawson,2025-02-18T02:13:59Z,869,"six,here"
c_000486,Behind form everyone eight past available,mental_health,quiz,beginner,Katherine Keller,2025-11-15T04:13:59Z,181,"rather,us,range,politics,treatment"
c_000487,Oil food give and security pretty,women_health,article,beginner,Corey Mullins,2025-03-21T00:13:59Z,98,"audience,mouth,finally,wife,kitchen"
c_000488,Certainly air suggest rather price American actually,mental_health,video,advanced,Christopher Michael,2025-11-04T01:13:59Z,183,"attack,process,according,pressure,still"
c_000489,Word and pick president program,cold_flu,article,intermediate,Deborah Frank,2025-06-11T17:13:59Z,356,"yourself,scientist,wrong,ground,later,at"
c_000490,Sound wonder serious process body threat,digestive_health,video,beginner,Heather Dennis,2025-06-12T11:13:59Z,542,"manager,start,religious,different"
c_000491,History here possible stuff,skin_care,quiz,advanced,Christine Lawrence MD,2026-02-01T03:13:59Z,765,"site,many"
c_000492,Partner western trial garden cell,stress,quiz,advanced,James Greer,2025-08-28T20:13:59Z,710,"against,American,visit"
c_000493,Manage mind better statement authority,covid19,quiz,intermediate,Dawn Holmes,2025-10-09T11:13:59Z,691,"bit,street,camera,star,it,throw"
c_000494,Investment chair company capital work,cold_flu,quiz,intermediate,Elizabeth Bennett,2025-06-15T19:13:59Z,777,"control,go,improve,hold,now"
c_000495,Common wonder national food create price project,men_health,quiz,intermediate,Philip Sims,2025-06-30T20:13:59Z,274,"discuss,chance,rate,time,production,well"
c_000496,Against over necessary year also audience give life follow statement,nutrition,video,intermediate,Michele Yang,2025-06-20T18:13:59Z,398,"dinner,attorney"
c_000497,Officer lot pretty,sleep,video,beginner,Michelle Diaz,2025-10-29T01:13:59Z,95,"memory,sport,firm,do"
c_000498,Believe main deep whatever week to buy,skin_care,quiz,intermediate,Marc Wright,2025-08-25T09:13:59Z,285,"administration,something,modern,drug,pretty,win"
c_000499,Stuff than address society radio our phone interview,covid19,video,advanced,Jeffrey Moreno,2025-09-26T14:13:59Z,754,"industry,career"
c_000500,Floor able add possible lot,stress,video,advanced,Erica Hall,2025-10-27T16:13:59Z,458,"standard,thus"
c_000501,Though wide way character yeah beautiful,cold_flu,quiz,intermediate,Erica Crawford,2025-04-03T08:13:59Z,333,"manage,vote,walk"
c_000502,Kind theory offer,women_health,quiz,advanced,Ashley Turner,2025-11-03T21:13:59Z,243,"writer,memory,class,everyone,expert"
c_000503,Modern technology some strong section responsibility within away better film performance,diabetes,quiz,advanced,Sarah Martin,2026-01-07T21:13:59Z,546,"resource,fast,store,forget,foreign"
c_000504,Cup time find despite bill travel also still factor information,covid19,video,beginner,Julie Griffin,2026-01-26T22:13:59Z,75,"traditional,middle,fish,trouble,of"
c_000505,Television air weight stuff red should rate on door,sleep,article,intermediate,Melissa Burch,2025-06-28T18:13:59Z,178,"range,yet,almost"
c_000506,Face material thought three,fitness,article,intermediate,Robert Murray,2025-07-06T19:13:59Z,740,"ever,defense"
c_000507,Once sister according whole receive explain,cold_flu,quiz,advanced,Leslie Walker,2025-05-07T19:13:59Z,368,"probably,senior,program"
c_000508,Decade compare at explain conference last follow interview class,women_health,article,advanced,Matthew Elliott,2025-08-14T06:13:59Z,852,"news,idea,discuss"
c_000509,Mention country race safe movie term,covid19,quiz,advanced,Richard Spencer,2025-07-28T23:13:59Z,578,"phone,including"
c_000510,Growth list those someone participant mouth report month occur unit analysis,stress,article,intermediate,Richard Fleming,2026-01-25T00:13:59Z,278,"here,summer,heavy"
c_000511,Couple note responsibility agent decision past beyond himself,fitness,video,beginner,Christine Mcdowell,2025-04-23T15:13:59Z,644,"seat,contain,light,manage"
c_000512,Thank be boy,heart_health,article,advanced,Madison Williams,2025-10-23T20:13:59Z,565,"north,fast,term,father"
c_000513,Theory stand on shake role which size college amount,nutrition,video,intermediate,Jim Rojas,2026-01-02T14:13:59Z,705,"shoulder,animal"
c_000514,Sell page together suffer,stress,quiz,intermediate,Chloe Bryant,2025-12-12T07:13:59Z,894,"possible,under,article,baby,they,evidence"
c_000515,Drop learn thought follow score,fitness,article,beginner,Karen Nelson,2025-09-16T23:13:59Z,403,"minute,coach,good,order,public,stand"
c_000516,So model security group important impact run share consumer including economy stage point,covid19,article,advanced,Todd Johnson,2025-09-05T21:13:59Z,774,"treat,radio,food,teach,agree,series"
c_000517,Hope society seek the,heart_health,article,beginner,Haley Bryant,2025-10-07T14:13:59Z,295,"American,strategy,or,thousand,what,treatment"
c_000518,Fast book suggest culture certain total either,men_health,video,advanced,Cody Kelly III,2025-02-18T14:13:59Z,842,"summer,question"
c_000519,Task food military develop throughout name eye,sleep,quiz,beginner,Sue Stevens DVM,2026-01-13T01:13:59Z,229,"knowledge,up,relate,bit,into"
c_000520,Market agent plan quality federal road machine top sport outside without,women_health,article,intermediate,Manuel Watkins,2025-05-07T20:13:59Z,739,"design,threat"
c_000521,Not behind point about interest expert,men_health,quiz,advanced,Shelly Peterson,2025-12-10T22:13:59Z,238,"recognize,under,sit"
c_000522,Standard finally language certain order week six situation,cold_flu,article,intermediate,Tony Miller,2025-07-23T09:13:59Z,816,"answer,possible,unit,modern"
c_000523,Society either risk right gas capital late state hundred,stress,quiz,beginner,Debra Rodriguez,2025-09-21T17:13:59Z,562,"economy,president,form,court,less"
c_000524,Building heavy fish subject yeah see opportunity agency trouble,digestive_health,video,advanced,Gregory Terry,2025-12-01T00:13:59Z,623,"fight,black"
c_000525,Business party above him something hope country human,diabetes,video,intermediate,Caitlin Sellers,2025-12-22T10:13:59Z,568,"great,indeed,dinner"
c_000526,Discover rule identify level democratic middle,mental_health,video,beginner,Amber Fernandez,2025-10-31T10:13:59Z,235,"idea,also,field,course"
c_000527,Economy rock crime,covid19,video,beginner,Kristopher Williams,2025-10-04T15:13:59Z,491,"score,himself,before,impact"
c_000528,Later partner me pick,heart_health,video,intermediate,Jerry Moreno,2025-12-06T12:13:59Z,619,"receive,major,represent"
c_000529,Occur professor over week view notice myself much,men_health,article,intermediate,Rachel Garza,2025-02-26T19:13:59Z,840,"arrive,social,wait,but,better,age"
c_000530,Science skill month huge investment,digestive_health,video,beginner,Kevin Schroeder,2025-08-16T12:13:59Z,197,"be,treatment,test,though,magazine"
c_000531,State big suddenly big dinner,cold_flu,quiz,intermediate,Suzanne West,2025-06-30T15:13:59Z,813,"large,whatever"
c_000532,Station property art air that worker lead who fly,digestive_health,quiz,advanced,Anthony Walter,2025-07-21T21:13:59Z,143,"vote,south,number,police,fund,similar"
c_000533,Born right both age investment perform form threat,digestive_health,article,intermediate,Maria Wilson,2025-09-21T19:13:59Z,208,"by,into"
c_000534,After safe study force police some world seat deep exactly course,fitness,article,advanced,Emily English,2025-11-27T10:13:59Z,327,"determine,option,capital"
c_000535,Mrs indeed choice pass hotel move mission,fitness,quiz,intermediate,Stacey Scott,2025-06-06T16:13:59Z,692,"line,training,animal,including,black,policy"
c_000536,Voice because idea war agency true yes,covid19,quiz,intermediate,Andrea Henry,2025-06-12T04:13:59Z,384,"development,almost"
c_000537,There history behind speech oil likely read several natural economy film question current,diabetes,article,intermediate,Randy Hayes,2026-01-11T20:13:59Z,824,"brother,adult,fill,sea,head"
c_000538,Try water strategy what,nutrition,article,advanced,Christina Castillo,2025-03-29T01:13:59Z,445,"bed,rather,kitchen"
c_000539,His around stuff speak this care sport,skin_care,quiz,beginner,Cindy Bell,2025-05-23T10:13:59Z,498,"girl,camera,sing,race,high"
c_000540,How fight attention its several bed record let,diabetes,quiz,advanced,Susan Fleming,2025-03-22T11:13:59Z,534,"professor,trial,write,certain,service"
c_000541,Method car break professor act alone account,heart_health,quiz,advanced,Matthew Archer,2026-01-01T03:13:59Z,881,"language,director,sign,run,law,lose"
c_000542,Face pass ground peace but security west,mental_health,article,advanced,Martin Torres,2025-06-21T15:13:59Z,610,"American,success,sometimes,not"
c_000543,List more able include little result rich skill bed alone,covid19,video,intermediate,Amber Stewart,2025-09-17T09:13:59Z,770,"try,cell"
c_000544,Contain ask guy themselves test,nutrition,video,beginner,Teresa Barnett,2025-06-04T03:13:59Z,368,"sure,start,happen,of,fish"
c_000545,Current and town tough door stage,weight_loss,video,beginner,Allison Cooper,2025-07-18T17:13:59Z,424,"goal,individual"
c_000546,Most pay commercial yes prevent end wife,women_health,video,intermediate,Nancy Horn,2025-10-28T03:13:59Z,85,"travel,media,through,thus,themselves,red"
c_000547,Few gun,stress,article,beginner,Tracy Thomas,2025-05-16T16:13:59Z,671,"quality,international,reflect,worker,individual"
c_000548,Game born knowledge recently bag speak require area month,digestive_health,video,intermediate,Charles Rogers,2025-06-09T05:13:59Z,540,"part,general,morning,us,fire,evidence"
c_000549,Two hot shoulder,heart_health,quiz,advanced,Brian Watts,2025-03-04T17:13:59Z,304,"water,not,arm"
c_000550,View experience threat peace administration time,cold_flu,video,intermediate,Erin Martin,2025-10-14T10:13:59Z,612,"science,task,inside,interview"
c_000551,Clearly only although carry wind national song three couple gun pull society anyone,nutrition,quiz,advanced,Michelle Stone,2025-03-05T06:13:59Z,832,"including,nature,admit,move"
c_000552,Join southern report,nutrition,video,intermediate,Lauren Hernandez,2025-02-16T06:13:59Z,579,"list,reality,fill,or,occur"
c_000553,West soon in name edge,covid19,video,beginner,Mrs. Vicki Mcdonald,2025-07-01T19:13:59Z,451,"also,control,attack,well,court,important"
c_000554,Season ball treatment right affect require feel seat now visit,women_health,quiz,intermediate,Melanie White,2025-04-17T10:13:59Z,284,"record,age,suddenly,customer"
c_000555,Something social perhaps action eye somebody television,nutrition,article,intermediate,Trevor Mercado,2025-11-14T15:13:59Z,125,"itself,enter,pretty"
c_000556,Give difficult usually same your director watch any I,heart_health,quiz,advanced,Stacy Perry,2025-11-28T20:13:59Z,188,"summer,participant,heart,chance"
c_000557,Purpose well understand,weight_loss,video,intermediate,Catherine Randall,2025-10-04T17:13:59Z,790,"beat,image,audience"
c_000558,Rich drug remember take relate theory accept say out positive support,mental_health,video,advanced,Kathleen Young,2025-12-22T21:13:59Z,636,"impact,number,admit,read"
c_000559,Impact according heart action with,digestive_health,article,advanced,Colin Erickson,2025-04-09T00:13:59Z,487,"benefit,election,anyone,change,should,later"
c_000560,Wait thought member community wife meeting between affect,fitness,article,beginner,Jessica Brown,2025-09-18T07:13:59Z,148,"similar,project"
c_000561,So audience alone chair whom save little low,digestive_health,quiz,advanced,Cynthia Morgan,2025-02-22T13:13:59Z,685,"yard,pull,film,air,child"
c_000562,Recognize price send memory,mental_health,video,beginner,Candace Padilla,2025-09-09T02:13:59Z,216,"maintain,generation,cause"
c_000563,Answer structure people,digestive_health,video,beginner,Howard Chambers,2025-02-03T19:13:59Z,175,"government,road"
c_000564,Herself opportunity always camera these box cause your range power law,diabetes,article,advanced,Melody Jenkins,2025-05-09T16:13:59Z,701,"range,call,site"
c_000565,Majority side recent spend lead return weight author room become stock,skin_care,video,advanced,Melissa Delacruz,2025-08-03T20:13:59Z,399,"address,quite,democratic,benefit,memory,oil"
c_000566,Institution across significant lawyer fire,fitness,quiz,beginner,Elizabeth Mejia,2025-07-06T16:13:59Z,520,"meet,ground,none"
c_000567,Imagine here cause respond affect everybody do beat,fitness,video,intermediate,Shawn Winters,2025-07-01T09:13:59Z,167,"down,government,against"
c_000568,Happen maybe eight say,women_health,quiz,advanced,Lisa Williams,2025-10-26T16:13:59Z,507,"tax,federal,road"
c_000569,Think media lose would special laugh mean stage,weight_loss,quiz,beginner,Andrew Garner,2025-06-30T08:13:59Z,454,"music,make,grow,sea,answer"
c_000570,Writer wait rock level cup not edge husband law,sleep,article,beginner,Laura Ali,2025-07-12T07:13:59Z,275,"couple,game,manage,voice"
c_000571,White mother property nearly beyond shoulder perhaps understand have,diabetes,article,beginner,Joan Oneal,2026-01-28T17:13:59Z,502,"just,hand,she,card"
c_000572,Near idea trade tough industry determine,digestive_health,video,advanced,James Martinez,2025-11-02T13:13:59Z,268,"exactly,environmental,as,tell,share,either"
c_000573,Herself page pay discover nice wall economic,covid19,article,intermediate,Rebecca Valencia,2025-05-20T03:13:59Z,546,"most,buy,oil,laugh"
c_000574,Hear just after us,diabetes,video,advanced,Brandon Hall,2025-03-08T17:13:59Z,862,"leader,appear,while,manager"
c_000575,Husband reveal attorney beautiful lay couple and,covid19,article,intermediate,Melissa Johnson,2025-04-13T13:13:59Z,443,"husband,campaign,else,their"
c_000576,Bit about particularly,sleep,video,intermediate,Anthony Sullivan,2025-12-14T04:13:59Z,790,"bank,when,bring,professional,clearly,start"
c_000577,Role company look machine begin north,stress,article,advanced,James Johnson,2025-05-06T10:13:59Z,897,"leave,gun,base,adult,little,use"
c_000578,Long family church ok unit prepare contain mention this long shoulder their,weight_loss,video,advanced,Kimberly Johnson,2025-06-23T07:13:59Z,746,"design,individual"
c_000579,Church outside,skin_care,quiz,beginner,Michelle Byrd,2025-02-10T14:13:59Z,204,"than,recent"
c_000580,Window trouble moment suggest same worry after,women_health,quiz,advanced,Vanessa Barry,2025-12-23T18:13:59Z,773,"account,check,exactly,value,seem"
c_000581,Wide protect head window share between baby,stress,video,intermediate,Lisa May,2026-01-24T11:13:59Z,886,"half,decision,cover,others,and,read"
c_000582,Financial shoulder while reality join,sleep,article,intermediate,Kimberly Austin,2025-12-09T14:13:59Z,505,"population,news,suffer,exactly,nor,third"
c_000583,Statement enough the travel group drive join wall,diabetes,quiz,intermediate,James Henderson,2025-06-01T06:13:59Z,460,"story,test,require,threat,smile"
c_000584,Not one listen campaign lose nation forward item improve,digestive_health,video,intermediate,Alex Lambert,2025-08-02T00:13:59Z,598,"half,level,chance,create"
c_000585,Example large girl book someone,sleep,video,beginner,Lynn Williams,2025-07-31T11:13:59Z,80,"body,stage,new"
c_000586,Project piece lay,skin_care,quiz,intermediate,John Hill,2025-10-14T05:13:59Z,713,"sign,care,idea,fund"
c_000587,War around middle floor prepare offer green employee fact certain toward,fitness,video,beginner,Kayla Freeman,2025-11-28T07:13:59Z,508,"here,mention,far,beat,certain,continue"
c_000588,Him rich fall,stress,video,beginner,Melanie Bates,2025-09-10T08:13:59Z,856,"item,this,yes,certain"
c_000589,All work especially tax floor whole,mental_health,video,advanced,Kenneth Moore,2025-03-30T05:13:59Z,819,"analysis,size,former"
c_000590,Book likely past people friend,diabetes,video,intermediate,Justin Lynch,2025-02-27T02:13:59Z,405,"type,apply,now"
c_000591,Provide myself,digestive_health,article,beginner,Amber Leon,2025-04-14T17:13:59Z,831,"debate,senior,article,which,her,different"
c_000592,Herself need here,cold_flu,article,intermediate,Dawn Stevens,2025-12-12T14:13:59Z,543,"author,sometimes"
c_000593,Make trip dog benefit letter as deal big degree list,nutrition,article,advanced,Margaret Cruz,2025-12-24T22:13:59Z,438,"surface,remember,no"
c_000594,Sea way worker Congress eye star itself benefit simple page open,mental_health,video,advanced,David Lamb,2025-06-23T00:13:59Z,875,"consumer,box"
c_000595,Her guess,nutrition,quiz,intermediate,Edward Carter,2026-01-09T21:13:59Z,404,"three,on,turn,these"
c_000596,Build power result high north,heart_health,quiz,intermediate,Nathan Haynes,2025-04-17T17:13:59Z,399,"control,she,source,art,learn,person"
c_000597,Stuff industry once police lot,cold_flu,article,intermediate,Shelby Smith,2025-02-25T05:13:59Z,748,"end,senior,white,organization,account"
c_000598,Provide dog within appear establish avoid,fitness,quiz,beginner,Kenneth Williams,2025-03-18T23:13:59Z,759,"approach,street,raise,the,after,entire"
c_000599,Carry record full rise,men_health,article,beginner,Joann Johnson,2025-09-26T03:13:59Z,801,"professional,return"
c_000600,Better rock see for also water ok exist beautiful,women_health,article,advanced,William Mckinney,2025-09-27T17:13:59Z,782,"toward,top,song,bit,relate"
c_000601,Billion single radio interview friend,stress,article,advanced,Cynthia Taylor,2025-10-14T03:13:59Z,598,"or,fund,hope,class"
c_000602,Play medical night,covid19,quiz,intermediate,Christopher Lindsey,2025-06-08T17:13:59Z,94,"itself,often,will,help,available"
c_000603,Professional reduce age pull rich middle left,women_health,quiz,intermediate,Denise Cox,2025-04-30T05:13:59Z,655,"writer,environmental,how,own,summer,structure"
c_000604,Get senior bar job beautiful face live deal kind,men_health,quiz,beginner,Jodi Taylor,2025-06-18T21:13:59Z,600,"method,upon,dark,human,mean,address"
c_000605,Bring window might,digestive_health,quiz,advanced,Amber Turner,2025-09-09T16:13:59Z,769,"exist,draw"
c_000606,Ground under great into,skin_care,video,beginner,David Smith,2025-02-03T22:13:59Z,316,"such,worry,add,street,home"
c_000607,Event skill media community people,sleep,video,advanced,Vincent Davis,2025-10-07T19:13:59Z,322,"office,person,energy,million,decision"
c_000608,Where player and lawyer blue account book able,men_health,video,beginner,Andrew David,2025-06-08T12:13:59Z,277,"poor,mean,win,heavy,bed,eat"
c_000609,Scientist be onto material place ok energy change generation address not section skill,cold_flu,quiz,advanced,John Mclaughlin,2025-08-08T12:13:59Z,715,"job,become,more,also,Democrat,research"
c_000610,Message avoid us detail,digestive_health,video,beginner,Susan Taylor,2025-07-11T15:13:59Z,131,"without,throughout,bag,base,be,home"
c_000611,Gas happy available statement happy sure two relate air,stress,video,beginner,Lori Sheppard,2025-04-03T20:13:59Z,240,"by,customer,method,enough,inside,surface"
c_000612,Start market hair collection,digestive_health,article,beginner,Martin Hicks,2025-02-23T19:13:59Z,604,"situation,four,mind,yard,manager"
c_000613,Course similar deal magazine two cost wife country structure able across win,heart_health,video,advanced,Michael Harrison,2025-08-22T12:13:59Z,241,"goal,work,deal,ability"
c_000614,Yard beat within note book assume sense all million use,fitness,article,intermediate,Beverly Reyes,2026-01-08T15:13:59Z,240,"send,total,hair,best,my,far"
c_000615,Heavy war treatment under admit mind,stress,video,advanced,Tina Glover,2026-02-01T07:13:59Z,896,"central,brother,allow,teach"
c_000616,It current same spend,nutrition,article,intermediate,Erica Chang,2025-11-20T03:13:59Z,244,"citizen,hot,cause,three"
c_000617,Run wall ready order summer reason,men_health,article,intermediate,Carl Newton,2025-07-03T14:13:59Z,378,"thought,tax"
c_000618,Month must Mr,skin_care,video,advanced,Hannah Stanley,2025-06-27T22:13:59Z,227,"major,training"
c_000619,Soldier fill world sometimes board discussion hot guy occur,women_health,article,beginner,Laurie Cook,2025-07-22T04:13:59Z,290,"want,wait,point,risk,its"
c_000620,Among woman discover easy serve,digestive_health,article,advanced,Daniel Henderson,2025-06-18T20:13:59Z,779,"use,general,away,speak"
c_000621,Mrs important human level though character according,skin_care,video,beginner,Justin Chapman,2025-08-01T10:13:59Z,256,"in,step,keep,color,social"
c_000622,American admit treat evidence guy,mental_health,video,beginner,David Macias,2025-09-21T13:13:59Z,647,"study,indicate,whose,during"
c_000623,Understand full system cover yeah,skin_care,article,advanced,Melissa Jensen,2025-10-26T00:13:59Z,336,"perhaps,somebody,recognize,base,thousand,until"
c_000624,Agent order there those race fly record several speak treatment war,weight_loss,video,intermediate,Andrea Velasquez,2025-08-31T17:13:59Z,237,"worker,own,unit,camera,chance"
c_000625,Right to live also,diabetes,article,advanced,Carrie Weber,2025-12-14T15:13:59Z,607,"community,good,room,show"
c_000626,Avoid candidate send smile,heart_health,article,intermediate,Matthew Garcia,2025-12-25T11:13:59Z,700,"have,card,she,avoid"
c_000627,Within at eat during,nutrition,video,beginner,Scott Gonzales,2025-10-08T00:13:59Z,872,"ready,nor"
c_000628,Together measure think by message will,skin_care,video,beginner,Gregory Rivera,2025-10-09T05:13:59Z,571,"so,final,citizen,one"
c_000629,Including alone discuss compare town author option election skill let room college,heart_health,article,beginner,John Brady,2025-06-22T23:13:59Z,146,"reveal,style,chance"
c_000630,Act movement find trip no general single,men_health,video,intermediate,Patrick Tate,2025-12-28T10:13:59Z,610,"charge,eight"
c_000631,Down difficult form art fill girl,heart_health,video,advanced,Courtney Ochoa,2026-01-13T07:13:59Z,82,"control,mean,throughout"
c_000632,Make test serve,sleep,quiz,beginner,Jasmin Baxter,2025-04-06T20:13:59Z,751,"bank,when"
c_000633,Watch what fish from reach institution door threat,heart_health,video,beginner,April Rodgers,2025-11-11T20:13:59Z,648,"company,treat,where"
c_000634,Remain reveal under voice though measure natural,fitness,article,intermediate,Michelle Edwards,2025-08-11T05:13:59Z,60,"or,office,only,grow"
c_000635,Leg hair bar matter investment item,mental_health,article,advanced,Kristin Ramirez,2025-04-24T22:13:59Z,368,"perhaps,summer,catch"
c_000636,Be before age increase policy hear,diabetes,quiz,beginner,Steven Walton,2025-02-28T23:13:59Z,757,"happy,professional,quality"
c_000637,Phone Mr,men_health,quiz,intermediate,Connie Campbell,2026-01-08T08:13:59Z,628,"throw,possible,glass,ground,election"
c_000638,Risk she little through over,covid19,article,beginner,Stephanie Meadows,2025-12-03T05:13:59Z,137,"surface,factor,meet,agency,amount,bag"
c_000639,Whole face child cover,fitness,video,intermediate,Jenna Edwards,2025-06-17T17:13:59Z,396,"would,mean,know,class"
c_000640,During oil surface wish,fitness,article,beginner,Angela Mejia,2025-03-25T19:13:59Z,141,"everything,always"
c_000641,Lead million leave side get fall,stress,video,advanced,Hannah Brown,2025-03-21T10:13:59Z,382,"open,exist"
c_000642,Cut ability million again wide,stress,video,intermediate,Yvonne Clarke,2025-03-02T02:13:59Z,334,"respond,recognize,assume"
c_000643,Allow kid local early item four discuss rather,sleep,video,advanced,Mia Beard,2025-02-09T20:13:59Z,360,"campaign,continue,offer,look"
c_000644,Control including machine stay,weight_loss,video,beginner,Steven Hodges,2025-09-21T08:13:59Z,104,"study,level,at,light"
c_000645,Lay early fall American,sleep,video,intermediate,Sarah Jacobson,2025-02-07T00:13:59Z,150,"task,candidate,language,beautiful,that,threat"
c_000646,Democratic project media myself,stress,video,beginner,Laura Warner,2025-03-15T01:13:59Z,769,"build,market"
c_000647,Learn begin reason care,skin_care,quiz,beginner,Elizabeth Ramsey,2026-01-19T22:13:59Z,131,"rule,blood,cell,yourself"
c_000648,Staff lose tonight,women_health,article,beginner,Patricia Mullins,2026-01-23T08:13:59Z,186,"soldier,good,career,nice"
c_000649,Ok word cause,heart_health,article,intermediate,Maria Brown,2025-05-22T19:13:59Z,81,"other,he,mind"
c_000650,Wrong peace a,fitness,quiz,beginner,Kathleen Martin,2025-05-11T16:13:59Z,722,"decision,how,never,view,hundred"
c_000651,Fish without husband,sleep,video,advanced,Candace Norris,2025-09-08T00:13:59Z,661,"fast,little,continue,again"
c_000652,Recognize whether generation rate mouth under personal,diabetes,video,advanced,Carlos Richmond,2025-11-20T16:13:59Z,761,"use,space,total"
c_000653,Foreign southern politics my attention,stress,quiz,beginner,Bryan Leonard,2025-05-19T13:13:59Z,533,"still,spring,watch"
c_000654,Control help fund level join specific,nutrition,quiz,intermediate,Ashley Garner,2025-08-04T18:13:59Z,702,"popular,church,capital,hard,source"
c_000655,Place song husband interest seek question,weight_loss,article,beginner,Marc Bennett,2026-01-21T08:13:59Z,127,"source,oil,teacher,pay,reflect"
c_000656,Democratic country rock would everything its,digestive_health,quiz,advanced,Stacy Hill,2025-08-05T14:13:59Z,436,"course,increase,actually"
c_000657,Almost clearly really late,diabetes,video,advanced,Katherine Kennedy,2025-04-18T09:13:59Z,237,"control,positive,notice,son,rise,remain"
c_000658,Low environment character store however sort best tree bit learn pass light,heart_health,quiz,advanced,Megan Harris,2025-03-20T13:13:59Z,880,"yeah,space,early,whom,style"
c_000659,Out management allow,mental_health,video,intermediate,Cynthia Martinez,2025-07-31T05:13:59Z,462,"lawyer,five,need"
c_000660,For against rest best receive ready well here free why education,heart_health,video,advanced,Lindsey Gonzalez,2026-01-17T18:13:59Z,898,"born,consumer,teach,suffer,area,situation"
c_000661,Style less amount none woman,cold_flu,quiz,intermediate,Troy Mills,2025-11-04T03:13:59Z,885,"break,meet"
c_000662,Feel talk degree who wall deep could threat hand majority picture since,men_health,article,beginner,Robert Price,2025-10-14T22:13:59Z,857,"measure,government,black,of,current"
c_000663,Outside including actually see effect degree many sing to hit,diabetes,video,beginner,Tiffany Hill,2025-08-25T23:13:59Z,652,"since,including,accept,family,adult"
c_000664,First ground factor,diabetes,article,advanced,Nicole Stevens,2025-10-29T07:13:59Z,720,"across,get,surface"
c_000665,Few support list bag him growth east even daughter up,fitness,quiz,beginner,George Mccormick,2025-05-21T13:13:59Z,561,"physical,station,nothing,big"
c_000666,Something center such,heart_health,video,intermediate,Robert Ellison,2025-10-15T22:13:59Z,408,"both,marriage,perhaps,skill"
c_000667,Trade crime training success trip,men_health,video,intermediate,Michael Melton,2025-06-13T16:13:59Z,737,"ok,until,especially,industry,now"
c_000668,Eight firm guy impact believe trip only,men_health,quiz,beginner,Alan Hall,2025-10-07T05:13:59Z,445,"beat,including,listen,movement"
c_000669,Raise approach else draw cup,nutrition,article,intermediate,Jennifer Moses,2025-12-04T02:13:59Z,367,"organization,authority,two,raise"
c_000670,Change matter available resource source unit behavior account,sleep,video,advanced,Lauren Rodriguez,2025-04-02T05:13:59Z,700,"effort,today,what"
c_000671,Actually eye baby us control note,nutrition,quiz,advanced,Brian Herman,2025-02-27T05:13:59Z,266,"floor,guess,national"
c_000672,National camera success right enjoy particularly leave fill,men_health,article,advanced,Felicia Burke,2025-08-06T03:13:59Z,525,"appear,lawyer,stock,across"
c_000673,Trade water lawyer soon investment state whose adult at well education yourself themselves,men_health,video,intermediate,Sandra Thompson,2025-10-26T21:13:59Z,503,"interesting,if,ground"
c_000674,Wall five report political class exactly they turn,sleep,video,intermediate,Luis Suarez,2025-10-15T11:13:59Z,779,"public,speak,now"
c_000675,Suggest thus image eye various rule heavy challenge call development share necessary,covid19,video,intermediate,Ronald Duffy,2025-11-22T01:13:59Z,597,"subject,police,defense,table,none"
c_000676,Night effort low life stay appear,women_health,video,advanced,Rachel Black,2025-02-20T02:13:59Z,749,"position,affect,thousand,hospital"
c_000677,Son poor other not between,cold_flu,quiz,intermediate,Jeffrey Gray,2025-03-25T04:13:59Z,269,"you,line,model,kitchen,cover,north"
c_000678,Any fast fall decade church,nutrition,quiz,intermediate,Jose Padilla,2025-10-07T21:13:59Z,726,"argue,change,cell,speech,all,present"
c_000679,Happen group bar author,weight_loss,article,advanced,Sean Scott,2025-02-15T19:13:59Z,98,"behavior,rate,report"
c_000680,Grow next special blue,sleep,article,advanced,Dawn Petersen,2025-02-17T01:13:59Z,882,"rise,commercial,season"
c_000681,Husband receive report edge scientist its,nutrition,video,advanced,Loretta Ward,2025-04-07T11:13:59Z,545,"community,force"
c_000682,There note may building can action various top,stress,video,beginner,Sarah Ellis,2025-05-04T02:13:59Z,243,"office,whose,race,international,across"
c_000683,Need experience more American evening card central have manage ground,sleep,video,advanced,John Ray,2025-06-15T07:13:59Z,591,"wear,often,tree,set"
c_000684,Among board your become let,digestive_health,quiz,beginner,Dana Gonzalez,2025-07-06T12:13:59Z,380,"age,great"
c_000685,Her we heart guy at region seek short born,sleep,quiz,beginner,Alicia Carroll,2025-06-09T03:13:59Z,397,"seek,fall,street,woman,everyone"
c_000686,Goal since environment,mental_health,article,advanced,Jennifer Cook,2025-12-17T15:13:59Z,381,"why,many"
c_000687,Just worry notice head should truth large most because,heart_health,video,intermediate,Anthony Mcclure,2025-12-24T20:13:59Z,181,"choose,commercial"
c_000688,Choose pull allow step,mental_health,quiz,beginner,Charles Barker,2025-12-05T00:13:59Z,127,"a,ever,store,quickly"
c_000689,Management billion form center hard especially surface off green,heart_health,video,intermediate,Angela Fritz,2025-10-29T03:13:59Z,841,"surface,tonight,method,mind"
c_000690,Our beautiful away month,weight_loss,video,advanced,Jason Hanson,2025-11-15T17:13:59Z,453,"against,someone,no,discover,concern"
c_000691,Future follow walk thus,fitness,article,intermediate,Angela Trujillo PhD,2025-12-08T16:13:59Z,751,"wife,short,whatever,among,machine"
c_000692,Night address determine conference themselves young,cold_flu,video,intermediate,April Roberts,2025-09-27T19:13:59Z,607,"born,catch,inside,expert,hospital"
c_000693,Key school loss picture,cold_flu,video,advanced,Tyler Williams,2025-08-02T21:13:59Z,460,"option,test,structure"
c_000694,Recent deal probably,sleep,article,intermediate,Reginald Johnson,2025-05-14T19:13:59Z,526,"fight,wide,team"
c_000695,Main range ground season store model,men_health,quiz,intermediate,Marcus Johnson,2025-04-08T12:13:59Z,587,"present,after,weight,would,participant,town"
c_000696,Commercial road approach knowledge business range,skin_care,quiz,intermediate,Stephen Lin,2025-10-17T16:13:59Z,663,"result,increase,need,throughout"
c_000697,Third up may enter situation offer,weight_loss,article,advanced,Stephanie Adams,2025-12-15T01:13:59Z,688,"role,spend,yourself,continue"
c_000698,Add manage its measure,weight_loss,video,advanced,Timothy Edwards,2026-01-19T03:13:59Z,668,"sense,race,talk"
c_000699,Type movie onto,mental_health,article,advanced,Kayla Nelson,2025-04-12T04:13:59Z,108,"common,husband,doctor,trouble,short,north"
c_000700,Drop environmental father collection second impact money,women_health,video,advanced,Edwin Howell,2025-12-09T05:13:59Z,657,"data,dream,gas,she,live,attack"
c_000701,Else if radio whom concern dream light town point,nutrition,video,advanced,Rhonda Patrick,2025-05-29T11:13:59Z,439,"drive,full,argue"
c_000702,Develop expect third place field,weight_loss,quiz,beginner,Jennifer Montgomery,2025-03-15T02:13:59Z,642,"remain,road,three,fish"
c_000703,Shake look perhaps mother,men_health,video,advanced,Thomas Smith,2025-10-16T21:13:59Z,337,"democratic,film,market"
c_000704,Always letter inside population use,cold_flu,video,advanced,Jennifer Mora,2025-05-17T17:13:59Z,127,"training,identify,couple,special,local"
c_000705,Glass rich last democratic mind want later manage,weight_loss,video,beginner,Jerry Moore,2026-01-28T06:13:59Z,879,"music,officer,so"
c_000706,Rock amount book believe kitchen great particularly who chair five,diabetes,article,advanced,Dr. Jeremy Mcintosh,2025-07-12T17:13:59Z,776,"process,name,story,happen"
c_000707,Why fill billion could away community move someone policy cost east,skin_care,article,intermediate,William Fisher,2025-06-19T12:13:59Z,459,"alone,affect"
c_000708,Two nation Democrat story pressure lawyer because quickly recently value,cold_flu,quiz,intermediate,Gary Thompson,2025-02-20T07:13:59Z,618,"degree,worry,research,reveal,thought"
c_000709,List tree instead among first sing over indicate next argue sign,women_health,quiz,advanced,Shaun Coleman,2025-08-16T16:13:59Z,787,"across,project,down,war,part,image"
c_000710,Instead body toward discussion source six cost,sleep,quiz,advanced,Beth Thomas,2025-09-01T18:13:59Z,360,"off,low,head,action,we,recognize"
c_000711,Ground newspaper worry company,heart_health,video,beginner,Ashley Wilcox,2025-10-16T16:13:59Z,745,"agree,director,hot,how,before,here"
c_000712,Participant item skin doctor paper several,covid19,quiz,beginner,Laura Murphy,2025-06-30T10:13:59Z,118,"nation,ball,difference,owner,forget,that"
c_000713,Tree difficult impact piece poor out generation note call,stress,video,beginner,Paula Thompson,2025-10-15T03:13:59Z,500,"put,relationship"
c_000714,Southern cause fill walk campaign wear,weight_loss,video,intermediate,Matthew Horton,2025-04-16T09:13:59Z,445,"physical,nice,goal"
c_000715,General keep since reach of,heart_health,video,advanced,Kim Daniel,2025-07-27T00:13:59Z,548,"fact,region,condition"
c_000716,Care remember,fitness,quiz,beginner,Jamie Burton,2025-12-01T16:13:59Z,301,"ball,mean"
c_000717,Fire including official,heart_health,article,advanced,Amanda Lawson,2025-03-28T08:13:59Z,865,"ever,also"
c_000718,Society capital suddenly,fitness,article,intermediate,Deborah Monroe,2025-05-10T17:13:59Z,583,"fine,strong,about,hit,near"
c_000719,Gas song pass specific,cold_flu,video,advanced,Angela Marshall,2025-09-25T12:13:59Z,387,"agent,spend,book,draw,process,play"
c_000720,Range fight thank,nutrition,video,intermediate,Christian Gomez,2025-12-05T22:13:59Z,625,"beautiful,close"
c_000721,Kind talk about human work majority behavior half it quickly director board,men_health,quiz,intermediate,Shawn Coleman,2025-11-05T14:13:59Z,492,"medical,work"
c_000722,Wish television education among despite recent,stress,article,intermediate,Jose Richardson,2025-03-22T16:13:59Z,900,"plan,day,hour,author,effect,argue"
c_000723,Market author hospital hard last standard eight lay structure lead,weight_loss,article,beginner,Thomas Rivera,2025-04-17T22:13:59Z,591,"seat,election"
c_000724,Standard image hour support against,fitness,video,beginner,Charles Copeland,2025-11-15T14:13:59Z,569,"leg,policy,many,thought,rich,firm"
c_000725,Position laugh sign seven sea trial risk,cold_flu,quiz,advanced,Tiffany Joyce,2025-03-10T20:13:59Z,318,"start,two"
c_000726,Option whether everybody the I guy student woman,fitness,article,intermediate,Courtney Freeman,2025-09-03T06:13:59Z,629,"own,field,run,ball,I"
c_000727,Family wall class table,stress,article,intermediate,Caitlin Mcmahon,2026-01-27T19:13:59Z,226,"camera,situation,brother"
c_000728,Million traditional finally dark fact hold probably think class,nutrition,video,intermediate,Brandi Henry,2025-03-28T08:13:59Z,654,"agent,really,not"
c_000729,Themselves garden simply former them how one,digestive_health,quiz,advanced,Mark Davies,2026-01-18T19:13:59Z,92,"pick,everything,store,mouth,contain"
c_000730,Last contain peace wish represent vote station,diabetes,video,beginner,Henry Ball,2025-05-04T11:13:59Z,834,"begin,total,really,guy"
c_000731,During mouth end able energy authority hear,covid19,quiz,beginner,Anthony Waller DDS,2025-02-22T15:13:59Z,814,"state,win,able,data,activity,thousand"
c_000732,Your lead expert hope reach,mental_health,video,beginner,Paul Walls,2025-02-17T11:13:59Z,372,"I,two,consumer,page"
c_000733,Concern section notice network tax about hold player fish leave,sleep,video,beginner,Tammy Flynn,2025-12-30T13:13:59Z,130,"power,scientist,where,business,create,very"
c_000734,Rule finally building list hair save,mental_health,article,beginner,Tammy Martin,2025-06-09T11:13:59Z,393,"more,speech,wait,use,material,compare"
c_000735,Perhaps soon art along,sleep,quiz,intermediate,Ellen King,2025-06-15T02:13:59Z,263,"discuss,who,edge"
c_000736,National build practice well result,sleep,article,intermediate,Tony Warren,2025-06-17T00:13:59Z,158,"body,unit,operation,exist,carry,which"
c_000737,Notice sea significant language Congress,covid19,quiz,advanced,Ashley Hess,2025-11-13T22:13:59Z,85,"outside,bring,nature,discover"
c_000738,Get make measure case black guess group fact statement,covid19,video,intermediate,Lance Griffith,2025-04-21T15:13:59Z,528,"real,country,chair"
c_000739,Speak animal maybe wish security seven detail,nutrition,quiz,intermediate,Andrea Weeks,2025-11-10T02:13:59Z,139,"address,lot,social,yet,high"
c_000740,Else important even finally stuff majority wonder,mental_health,video,advanced,Christopher Barker,2025-06-04T19:13:59Z,758,"foot,year,research,stand,contain,news"
c_000741,Exist main cell campaign draw usually listen,weight_loss,article,advanced,Kayla Owens,2025-12-09T15:13:59Z,883,"value,open,word,pattern"
c_000742,Room be occur public class,heart_health,video,advanced,Lee Villegas,2025-10-30T03:13:59Z,105,"leg,around,wonder"
c_000743,Reduce actually grow also employee each,diabetes,article,advanced,Candace Harris,2025-05-18T18:13:59Z,128,"wind,best,middle"
c_000744,Officer without lead have station writer prove,nutrition,video,advanced,Shannon Moore,2025-09-29T14:13:59Z,529,"actually,value,forget"
c_000745,Option deep future attention statement cell against writer nearly,digestive_health,video,intermediate,Michael White,2025-08-01T20:13:59Z,763,"garden,capital,red,picture,everybody"
c_000746,House wall almost bad television,women_health,video,beginner,Shari Flores,2025-12-27T15:13:59Z,338,"else,imagine,thing,on,protect,sort"
c_000747,Policy million street around full like trip,digestive_health,article,intermediate,Hannah Thompson,2025-02-13T23:13:59Z,560,"card,family,road,nor,group,perhaps"
c_000748,Green right everything likely blood surface,weight_loss,quiz,intermediate,Timothy Lara,2025-05-28T04:13:59Z,767,"high,democratic,her,about,nothing"
c_000749,Point two other concern major popular laugh,heart_health,quiz,advanced,Colleen Sanders,2025-10-30T04:13:59Z,756,"news,charge,last,which"
c_000750,Together language make stuff end,women_health,video,beginner,Scott Gomez,2025-10-14T22:13:59Z,460,"age,product,others,pretty,analysis,challenge"
c_000751,Sea throughout which approach it box,skin_care,video,intermediate,Jason Johnson,2025-02-21T21:13:59Z,893,"entire,through,recently,media,between"
c_000752,Two here see wife never without class former,fitness,article,beginner,Alicia Young,2025-12-29T05:13:59Z,86,"coach,ok,oil,imagine"
c_000753,Role during sound season,covid19,article,advanced,Jermaine Smith,2025-06-13T15:13:59Z,673,"amount,mention,billion,firm,perform,leader"
c_000754,Bed certain wind wind lawyer according,cold_flu,article,beginner,Lawrence Olsen,2025-02-17T21:13:59Z,201,"newspaper,industry,stage,whose,student,listen"
c_000755,Song mission blue eye low,cold_flu,quiz,intermediate,Stephanie Baker,2025-12-29T09:13:59Z,729,"explain,your,all,itself,interest"
c_000756,Card material church consumer situation which response view property piece American,fitness,video,beginner,Derek Wood,2025-11-21T23:13:59Z,627,"run,drug"
c_000757,Dark deal tree hospital better,fitness,quiz,intermediate,Amy Taylor,2025-03-06T09:13:59Z,123,"actually,lot,someone,how,else"
c_000758,Then economic dog leave service perhaps similar pass fish,diabetes,article,beginner,Antonio Perez,2025-05-05T03:13:59Z,544,"again,sort,day,stock"
c_000759,Through voice agreement son meeting base choose senior,men_health,video,advanced,Cody Martinez,2025-02-14T22:13:59Z,506,"thus,risk"
c_000760,Tell protect hospital vote across light production write,heart_health,article,beginner,David Potter,2026-01-28T15:13:59Z,410,"one,capital,determine,ground,already,you"
c_000761,Available let general commercial history response remain,men_health,quiz,advanced,James Fisher,2025-02-28T13:13:59Z,662,"buy,fear,teach,low,five"
c_000762,Book group music about government very picture news woman,heart_health,article,intermediate,Kelly Welch,2025-05-28T20:13:59Z,456,"until,positive,go,economy"
c_000763,General will staff process issue,covid19,quiz,advanced,Katelyn Lam,2025-05-18T17:13:59Z,467,"thought,change,cup,coach"
c_000764,Reason school land management whose view main themselves defense few,stress,video,intermediate,Daniel Carpenter,2025-08-31T05:13:59Z,695,"education,candidate,order,through"
c_000765,Tend head race ok war on,stress,video,intermediate,Kendra Dawson,2025-06-25T19:13:59Z,316,"scientist,claim,appear,owner,value,five"
c_000766,About owner make tree south officer alone pull,skin_care,article,intermediate,Jeffrey King,2025-07-30T17:13:59Z,602,"peace,wall"
c_000767,Responsibility success scene art,weight_loss,article,intermediate,Kevin Hill,2025-03-28T14:13:59Z,230,"but,different,begin"
c_000768,Particularly certain of ready safe ability generation specific fear attack executive,cold_flu,video,intermediate,Jacqueline Brown,2025-03-24T19:13:59Z,488,"threat,deal,no,across,final,hot"
c_000769,Unit administration ok wide owner far impact which,cold_flu,quiz,advanced,Robert Hicks,2025-02-07T12:13:59Z,369,"art,I"
c_000770,Radio offer green west daughter shake,mental_health,quiz,advanced,Katherine Miranda,2025-05-31T00:13:59Z,106,"voice,behind,campaign"
c_000771,Live huge prove involve court wall fire final serve start scene we exist,skin_care,quiz,beginner,Joshua Williams,2025-08-07T10:13:59Z,596,"artist,single,truth,determine,three,free"
c_000772,Sister leg become,nutrition,quiz,advanced,Kevin Castro,2025-04-18T00:13:59Z,361,"table,perhaps"
c_000773,Again upon issue walk only population once song son take effort,stress,quiz,advanced,Nicole Cummings,2026-01-07T20:13:59Z,699,"treat,beat,close"
c_000774,Think make him,cold_flu,article,advanced,Jennifer Mclean,2025-12-03T09:13:59Z,819,"magazine,important"
c_000775,Tax next item gun receive per easy without understand involve expect,nutrition,video,intermediate,Shelly Martinez,2025-09-15T10:13:59Z,238,"mission,light,spring"
c_000776,Kind oil experience will hair,stress,article,intermediate,Michael Miller,2025-11-16T22:13:59Z,95,"ability,next,share,land,indicate,international"
c_000777,Return hair thing dark less performance especially executive my finish one,covid19,video,beginner,Jesus Todd,2026-01-13T20:13:59Z,475,"consider,interesting,catch,decide"
c_000778,Out market wait almost back who six cold region,mental_health,article,advanced,Abigail Robertson,2026-01-08T09:13:59Z,351,"describe,million"
c_000779,Hour now son type ever somebody theory,women_health,video,beginner,Meagan Sexton,2025-03-14T03:13:59Z,411,"catch,create,true,continue,during"
c_000780,Director building agreement born somebody bed threat,sleep,quiz,advanced,Susan Cox,2025-02-16T22:13:59Z,439,"war,close"
c_000781,Discuss choose all issue color,cold_flu,video,advanced,Sheila Sutton,2025-12-11T21:13:59Z,637,"raise,mean"
c_000782,Into fact through,sleep,quiz,beginner,Jennifer Hinton,2025-11-29T20:13:59Z,221,"meeting,election,unit,wait,expect"
c_000783,Throw recent ahead attorney by,cold_flu,article,beginner,Dr. Kelly Smith,2025-11-01T12:13:59Z,335,"reach,real,court,amount,along,let"
c_000784,Yard goal happen health dream long bag Mrs,digestive_health,article,beginner,Charles Williams,2025-09-14T18:13:59Z,745,"factor,need"
c_000785,Open area maintain,stress,quiz,advanced,Douglas Gonzalez,2026-01-15T23:13:59Z,876,"their,white"
c_000786,Sign Democrat shake clear exactly despite rather direction red least,skin_care,video,beginner,Tammy Simmons,2025-05-27T10:13:59Z,837,"help,establish"
c_000787,Both event development,digestive_health,video,advanced,Mrs. Sarah Acevedo,2025-11-24T21:13:59Z,602,"number,quite,young,yes,probably,heavy"
c_000788,Billion list catch woman cost even,men_health,quiz,beginner,Maria Hall,2025-09-26T19:13:59Z,869,"can,rich,type"
c_000789,Military time option represent likely,heart_health,quiz,advanced,Brian Elliott,2025-07-23T09:13:59Z,361,"media,heavy,once,nice,cover,subject"
c_000790,Add instead cold themselves in consider write raise meeting property environment,skin_care,video,advanced,Brian Torres,2025-11-23T00:13:59Z,792,"hair,same,character"
c_000791,Offer us everybody soldier end available occur defense fish Democrat,weight_loss,video,intermediate,Colin Hansen,2025-10-01T12:13:59Z,328,"minute,seat,meet,why,must"
c_000792,End age yard baby moment establish ten operation hotel significant,digestive_health,quiz,advanced,Jose Walker,2025-12-03T23:13:59Z,765,"garden,since,eight,sometimes,game,entire"
c_000793,Thought hair toward wind rest,mental_health,quiz,intermediate,Kyle Dudley,2025-05-19T03:13:59Z,468,"message,hit,different,source,itself"
c_000794,Area certain truth herself few,covid19,quiz,beginner,Jared Chambers,2025-05-22T00:13:59Z,687,"democratic,eat,certain,seem,drop"
c_000795,Week would raise range reflect,men_health,quiz,intermediate,Thomas Castro,2025-03-21T11:13:59Z,721,"discussion,necessary,develop,evening,matter,scene"
c_000796,Technology paper material help growth avoid test notice,diabetes,quiz,beginner,Laura Johnson,2025-09-12T06:13:59Z,537,"quickly,region"
c_000797,Heart difficult indicate officer story,covid19,article,advanced,Patrick Brown,2025-12-06T02:13:59Z,554,"trade,include,test"
c_000798,Year state base here up black imagine whatever,nutrition,video,beginner,Antonio Ramirez,2025-09-09T20:13:59Z,217,"consider,force,rich,report,will,worry"
c_000799,Region certain network recognize commercial might those,heart_health,article,intermediate,Vernon Cooper,2025-11-09T21:13:59Z,72,"fall,soldier,law"
c_000800,Economy born key write activity after officer option exactly heavy,diabetes,video,advanced,Mr. Eric Jackson,2025-12-01T15:13:59Z,636,"candidate,plan"
c_000801,Second side threat behavior alone different read seven simple cause trial federal,weight_loss,quiz,beginner,Sharon Vaughn,2025-05-28T21:13:59Z,569,"southern,against,his,tell,health"
c_000802,City according yet,digestive_health,video,advanced,David Nguyen,2025-12-19T12:13:59Z,801,"watch,car"
c_000803,Offer pick born increase we others team,digestive_health,article,beginner,Joshua Patton,2025-06-05T17:13:59Z,320,"growth,just,win,doctor"
c_000804,Run how relate market better whom bed outside,mental_health,quiz,advanced,Mrs. Brittany Bates,2025-05-23T23:13:59Z,818,"pattern,will,bad,kind"
c_000805,Bring though ability audience food market seven woman board,covid19,article,beginner,James Whitney,2025-05-16T05:13:59Z,789,"computer,set,first,public"
c_000806,Important foreign else,fitness,article,beginner,Melissa May,2025-10-20T12:13:59Z,587,"between,find,sea,oil"
c_000807,Myself drive change this investment quickly,heart_health,article,advanced,Aimee Merritt,2025-05-26T17:13:59Z,895,"indicate,response,box,collection"
c_000808,Century force gas bit difficult around tree,diabetes,video,beginner,Chris Sanchez,2025-12-23T06:13:59Z,63,"some,what"
c_000809,Charge medical real give maybe woman analysis event position,diabetes,quiz,advanced,Richard Mills,2025-06-28T21:13:59Z,235,"situation,society,know,realize,really"
c_000810,Group who support state food beat,nutrition,quiz,beginner,Jason Dominguez,2025-09-21T10:13:59Z,117,"region,case,arm,assume,hand,concern"
c_000811,Him personal bed,covid19,video,advanced,Erin Williams,2025-12-07T12:13:59Z,547,"process,job,certainly,herself"
c_000812,Talk season stop,sleep,video,beginner,Michael Wilson,2026-01-26T14:13:59Z,552,"fast,we,away"
c_000813,None compare professor tax consumer left look market world southern morning baby soon,cold_flu,video,advanced,Jordan Garrett,2025-07-21T13:13:59Z,337,"evidence,near,color,administration,decision"
c_000814,Talk sing quickly could require,fitness,article,intermediate,Jessica Fernandez,2026-01-23T17:13:59Z,509,"I,protect,language"
c_000815,Write individual arm city seat past,heart_health,article,advanced,Nicole Hickman,2025-11-04T16:13:59Z,581,"school,defense"
c_000816,Effect treatment special without light,mental_health,article,advanced,Anthony Anderson,2025-07-29T17:13:59Z,243,"often,have,mind,far"
c_000817,Moment often impact heart improve attorney travel never realize,skin_care,quiz,advanced,Dawn Murillo,2025-06-27T01:13:59Z,577,"ask,agreement,say,fine,so"
c_000818,Recognize risk finally gun in model drug,nutrition,quiz,advanced,Victor Castro,2025-03-29T09:13:59Z,252,"anything,rich,partner"
c_000819,Economy common spring senior section school its best baby daughter,men_health,article,intermediate,Sharon Mclean,2026-01-26T02:13:59Z,616,"billion,road"
c_000820,Speak successful cup chair,heart_health,quiz,intermediate,Daniel Owens,2025-07-17T09:13:59Z,414,"claim,ground,anything,treatment"
c_000821,Direction either question together heart thing letter skill appear my process wife institution,stress,quiz,beginner,Jennifer Cervantes MD,2025-03-20T15:13:59Z,391,"finish,us,beautiful,throughout,least"
c_000822,Trial foot end area director a west use building her trouble writer create,stress,article,advanced,Ryan Walls,2025-11-27T22:13:59Z,249,"upon,card,ten"
c_000823,Will program blue,weight_loss,article,beginner,Kristin Knight,2026-01-20T01:13:59Z,83,"sometimes,spring,media,school,dinner,news"
c_000824,Beautiful several investment thousand skin yard north manager actually fall avoid national,men_health,quiz,intermediate,Robert Russell,2025-12-22T00:13:59Z,867,"outside,less"
c_000825,Spring partner important risk car conference fact herself,weight_loss,video,beginner,Carolyn Parrish,2025-12-26T13:13:59Z,104,"shake,different,can,how,argue,worker"
c_000826,Watch peace conference building,mental_health,article,intermediate,Hannah Hanson,2025-11-23T19:13:59Z,487,"notice,rate,get"
c_000827,Show interest cause performance board wrong,fitness,article,beginner,Jason Palmer,2025-03-17T07:13:59Z,763,"air,relate,ready"
c_000828,Return successful first shoulder to measure same public throw,sleep,video,beginner,Michael Vang,2025-04-15T21:13:59Z,670,"rather,from"
c_000829,Per role beat tell its visit protect tree seem,stress,article,advanced,Rachael Gonzalez,2025-05-10T02:13:59Z,789,"give,often,mean,population"
c_000830,Grow view various let nearly doctor live clear pay modern,sleep,video,advanced,Richard Le,2025-04-12T21:13:59Z,776,"inside,put,response,edge"
c_000831,Here nation development ready lose cell,fitness,video,intermediate,Laurie Holt,2025-07-30T10:13:59Z,113,"board,Congress,deep,office,run,wife"
c_000832,During nothing anything let table,nutrition,article,beginner,Donald Lynch,2025-11-14T05:13:59Z,832,"price,friend,happy,worker,song"
c_000833,Team middle three today notice,weight_loss,video,intermediate,Michelle Johnson,2025-03-01T17:13:59Z,461,"evening,recognize,bank,billion,our,approach"
c_000834,Him than himself animal eye realize,heart_health,article,advanced,Theodore Duran,2025-08-24T13:13:59Z,287,"whole,money,base,learn"
c_000835,Its often laugh,mental_health,quiz,intermediate,Robert Wong,2025-07-16T21:13:59Z,811,"start,let"
c_000836,This themselves development,fitness,video,beginner,James Choi,2025-05-20T12:13:59Z,652,"almost,board,herself,recognize,operation,enough"
c_000837,Positive set discuss mother resource either individual serve realize television ahead,mental_health,video,beginner,Erin Ray,2025-07-29T08:13:59Z,461,"message,not"
c_000838,Laugh factor daughter cause likely although,nutrition,quiz,advanced,Lisa Freeman,2025-11-11T21:13:59Z,406,"order,resource,front,office,source"
c_000839,Similar hear soon interest house card each free deal focus,cold_flu,video,intermediate,Susan Collins,2026-01-24T18:13:59Z,614,"tree,act"
c_000840,Practice apply relationship side area people government response,sleep,quiz,beginner,Donna Cherry,2025-10-02T01:13:59Z,334,"better,head,what"
c_000841,Hand remain inside present have position agent college same,cold_flu,video,intermediate,Christina Williams,2025-09-26T23:13:59Z,496,"near,but,late,sell,test,foreign"
c_000842,Indicate should college fight sort challenge,diabetes,quiz,intermediate,Elizabeth Williams,2025-03-19T05:13:59Z,231,"read,beyond,computer,represent,most"
c_000843,Executive fast across,covid19,video,intermediate,Jesus Carlson,2025-04-11T23:13:59Z,719,"drug,forget,response"
c_000844,Order feel,digestive_health,video,intermediate,Brooke Reed,2025-02-25T03:13:59Z,407,"tax,politics,would,he,represent"
c_000845,Section painting pull good hotel,skin_care,video,beginner,Jonathan Collins,2025-04-04T21:13:59Z,396,"responsibility,administration,trade,one,remain"
c_000846,Knowledge nice hear per,mental_health,quiz,beginner,Olivia Rodriguez,2025-05-10T05:13:59Z,766,"month,father,area"
c_000847,Position suggest article attack reveal get nor far head,skin_care,quiz,advanced,Sally Richardson,2025-07-01T13:13:59Z,271,"owner,sister"
c_000848,Wife change air prove single,heart_health,article,beginner,Daniel Coleman,2025-06-30T22:13:59Z,216,"speech,avoid,including"
c_000849,Level treatment true door every ability above smile,weight_loss,quiz,advanced,Crystal Pham,2026-01-09T12:13:59Z,871,"for,personal,entire,baby,power"
c_000850,Whatever certain benefit authority north walk explain question organization and,nutrition,video,intermediate,Jessica Reynolds,2025-07-05T11:13:59Z,452,"raise,knowledge,race,another,cause"
c_000851,Cultural unit remain language,nutrition,article,intermediate,Timothy Perez,2025-07-19T14:13:59Z,775,"low,main"
c_000852,Seek table quickly then end,cold_flu,video,intermediate,Craig Kelley,2025-05-31T22:13:59Z,617,"customer,knowledge,across"
c_000853,Art subject generation thing,women_health,article,advanced,Oscar Hernandez,2025-06-21T20:13:59Z,430,"mean,unit,stop,heart,manager"
c_000854,Detail course official star road sometimes similar course image,skin_care,video,intermediate,Glenda Norton,2025-10-16T23:13:59Z,533,"power,cut,drop"
c_000855,Practice happy skill middle real,skin_care,quiz,advanced,Andrew Phillips,2025-03-24T11:13:59Z,589,"will,issue,the,edge"
c_000856,Side idea tough sport candidate,sleep,quiz,intermediate,Dustin Lane,2025-09-30T06:13:59Z,805,"crime,position,impact"
c_000857,Grow sound lay western chair why recent method perhaps seven,heart_health,video,beginner,Stephanie Hardin,2025-11-10T18:13:59Z,760,"their,nice"
c_000858,Country book cold section,weight_loss,video,advanced,Angela Moore,2026-01-30T18:13:59Z,216,"friend,know,new"
c_000859,Impact trial indicate myself he manage training bar,stress,video,intermediate,Scott Mendoza,2025-05-11T21:13:59Z,775,"nature,very"
c_000860,Be brother personal include bring director,women_health,quiz,advanced,Jill Coffey,2025-03-18T17:13:59Z,456,"interesting,stock,piece,gas,last"
c_000861,Eat center about speak charge traditional accept,nutrition,video,intermediate,Sherry Dawson,2025-12-28T05:13:59Z,815,"whom,less,believe"
c_000862,While Congress forget water quite,men_health,article,advanced,Taylor Wheeler,2025-02-11T18:13:59Z,94,"finish,bag,law,everything,type"
c_000863,Office theory,weight_loss,video,intermediate,Haley Evans,2025-05-21T05:13:59Z,652,"good,again,vote,save"
c_000864,Type wind executive yard relationship type,skin_care,article,intermediate,Darren Giles,2026-01-19T06:13:59Z,141,"condition,put"
c_000865,Dark better assume say industry look up heart,sleep,quiz,advanced,Wendy Robinson,2025-03-28T21:13:59Z,214,"order,boy,stuff,actually"
c_000866,Her yet rise son be bag new but maintain heavy somebody,stress,article,beginner,David Gonzalez,2025-02-25T10:13:59Z,216,"claim,spend"
c_000867,Politics resource never painting pattern cell reflect where off speech,sleep,video,advanced,Aaron Turner,2025-08-14T19:13:59Z,869,"front,keep,else,usually,at,level"
c_000868,Campaign actually wrong class occur capital something,heart_health,video,intermediate,Carrie Marshall,2026-01-17T16:13:59Z,542,"senior,foot,since,region"
c_000869,True remember why reveal,covid19,quiz,advanced,Michelle Baker,2025-06-24T05:13:59Z,768,"green,art"
c_000870,Dog see room small,covid19,article,advanced,Carl Baker,2025-10-07T11:13:59Z,635,"tell,important,according"
c_000871,Occur police clearly lot off,weight_loss,article,beginner,Bobby Andrade,2025-09-30T14:13:59Z,291,"dog,finish,place,while,or"
c_000872,Once claim support wide beautiful after stand simple risk,skin_care,video,intermediate,Mark Anderson,2025-07-12T07:13:59Z,184,"serve,give,page"
c_000873,Race focus use catch,skin_care,article,advanced,Raymond Reese,2025-03-22T00:13:59Z,618,"major,care,site,eight,eye"
c_000874,Everybody every raise speak century many,mental_health,quiz,advanced,Jordan Franco,2025-07-24T18:13:59Z,632,"catch,heavy,daughter,short"
c_000875,Small recognize campaign room network box happy herself game economic,diabetes,quiz,advanced,Daniel Munoz,2025-11-30T16:13:59Z,663,"anything,cold,before"
c_000876,Toward field my,heart_health,video,advanced,Joseph Smith,2025-02-12T01:13:59Z,290,"image,official,person,stand,change"
c_000877,Hand subject movie check responsibility,heart_health,article,advanced,Victoria Gross,2025-09-13T04:13:59Z,562,"writer,conference,series,high"
c_000878,Mr though hospital may food whose news in project recent,fitness,video,beginner,Kayla Fox,2025-04-13T02:13:59Z,102,"game,standard,bit,before,per"
c_000879,Set employee administration write,nutrition,article,beginner,Chelsea Perez,2025-12-03T19:13:59Z,381,"though,key"
c_000880,Father it goal might education personal us month dream,weight_loss,article,intermediate,Miss Maria Rivera,2025-10-25T03:13:59Z,298,"wall,give"
c_000881,Student surface else keep character by by arrive million relate several get,men_health,quiz,beginner,Sara Stewart,2025-12-11T17:13:59Z,739,"able,history,church,safe,loss"
c_000882,Beat activity sea new do floor tend bit side style floor expert,cold_flu,article,intermediate,Matthew Terry,2025-03-11T17:13:59Z,449,"may,fast,story,foreign"
c_000883,Tax door quite want ask big,covid19,quiz,intermediate,Jorge Smith,2025-03-03T16:13:59Z,323,"suddenly,message,me,lose"
c_000884,Agent difference ball mother star production pay cultural information,weight_loss,video,beginner,Carrie Smith,2025-10-07T06:13:59Z,116,"walk,join,issue"
c_000885,Impact theory five glass investment practice both career drug make board,sleep,article,advanced,Louis Hunt,2025-08-23T00:13:59Z,105,"model,affect,collection,involve,high,amount"
c_000886,Teacher heavy wide international between room,diabetes,article,advanced,Jamie Mcdonald,2025-10-08T16:13:59Z,186,"task,some,prepare,strong,stand,along"
c_000887,Their back win decade professional entire student,nutrition,article,advanced,Grace Ford,2025-04-18T16:13:59Z,596,"although,back,success"
c_000888,Season just garden focus than,mental_health,video,beginner,Nicholas Collier DVM,2025-11-01T23:13:59Z,791,"lead,party,late,present,person"
c_000889,Per than three begin chair individual kid happen fear worry sister miss,women_health,video,advanced,Thomas Leonard,2025-03-16T20:13:59Z,353,"against,and,western"
c_000890,Entire mention explain age,cold_flu,video,intermediate,Justin Whitney,2025-10-07T17:13:59Z,198,"likely,decade,speech,room"
c_000891,Example bed,women_health,video,beginner,Mark Garcia,2025-10-16T04:13:59Z,817,"prepare,student,six,project"
c_000892,Cup model option sit class,stress,quiz,beginner,Stephen Johnson,2025-10-01T18:13:59Z,884,"yourself,alone,lay,serve,really,area"
c_000893,Yeah too prevent list notice across few game hundred,sleep,quiz,intermediate,Virginia Stephens,2025-09-28T12:13:59Z,193,"these,act"
c_000894,Cold anything interview imagine perform go,men_health,video,beginner,Michelle Carlson,2025-04-17T16:13:59Z,139,"color,thousand,our,campaign"
c_000895,Western actually,stress,video,advanced,Jacob Wilson,2025-03-10T20:13:59Z,89,"own,until,debate,share,big,agent"
c_000896,Seven food poor for tell agree left serious national continue,heart_health,article,advanced,Charles Jenkins,2025-04-29T23:13:59Z,639,"serious,ball"
c_000897,Car thus set well,sleep,quiz,advanced,Taylor Woodard,2025-07-30T10:13:59Z,573,"view,middle,unit,continue,mission"
c_000898,My term democratic spring family no,sleep,quiz,intermediate,Heather Scott,2025-05-15T04:13:59Z,230,"college,run,a"
c_000899,Raise deep range break,mental_health,video,intermediate,Richard Pacheco,2025-12-06T12:13:59Z,898,"charge,figure,local"
c_000900,Bag look law among suggest million,stress,quiz,advanced,Sergio Baker,2025-10-06T22:13:59Z,874,"responsibility,painting,simple,during,magazine,more"
c_000901,Yes knowledge second above,heart_health,quiz,beginner,Timothy Gentry,2025-03-03T02:13:59Z,854,"soon,beautiful,recently"
c_000902,Herself eat direction her popular ten key,nutrition,quiz,advanced,Christopher Buckley,2025-09-29T15:13:59Z,779,"business,second,into,bar,American,recent"
c_000903,Floor instead radio continue less too,weight_loss,article,advanced,Taylor Bass,2025-02-16T21:13:59Z,733,"stand,then,where,section"
c_000904,Film compare seat,diabetes,quiz,intermediate,Kevin Lynch,2025-11-22T06:13:59Z,832,"admit,difficult"
c_000905,Always seek score case design friend across where city quite page,nutrition,video,intermediate,Robert Gutierrez,2025-03-04T23:13:59Z,537,"parent,close,administration"
c_000906,Fine low manage help student senior rock,covid19,video,advanced,Mary Martinez,2025-04-20T11:13:59Z,249,"get,discuss,but,teach"
c_000907,Know pick eat only same want recent leader power step win,stress,video,beginner,Cynthia Chavez,2025-02-06T20:13:59Z,187,"whom,attack"
c_000908,Store ready place several certainly best bit,weight_loss,quiz,beginner,Erik Alexander,2025-04-20T17:13:59Z,790,"data,mind,follow"
c_000909,Song job affect coach glass,fitness,video,beginner,Antonio Becker,2025-11-05T20:13:59Z,299,"war,practice,strong,mission"
c_000910,Despite money another despite prove,weight_loss,article,advanced,Laura Wade MD,2025-06-18T14:13:59Z,796,"position,activity,whatever,office,information,off"
c_000911,Charge difference audience dream check carry represent again until entire price,men_health,video,advanced,Laura Zamora,2025-11-04T20:13:59Z,851,"another,themselves"
c_000912,Then fear wrong opportunity anyone value,mental_health,video,advanced,Joe Small,2025-09-04T03:13:59Z,665,"reveal,simple,citizen,soldier,nation,age"
c_000913,Reason minute force during,weight_loss,quiz,beginner,Lonnie Schneider,2025-06-08T10:13:59Z,367,"early,race,side"
c_000914,Contain room page say enough pressure,men_health,article,advanced,Shannon Buckley,2025-09-22T12:13:59Z,873,"threat,question,guy,finish,just"
c_000915,Similar trial knowledge well man,covid19,quiz,beginner,Jeffrey Nelson,2025-03-30T06:13:59Z,254,"available,answer,if,mention,man,cover"
c_000916,Summer ahead may building thus,stress,quiz,advanced,Ariana Brown,2025-05-10T03:13:59Z,372,"list,what,everybody,sort,mouth,investment"
c_000917,Place operation three choose question above the image information,fitness,video,advanced,Dan Zimmerman,2025-04-17T16:13:59Z,862,"meeting,above,building,single,table,wear"
c_000918,Mouth example ahead full bag piece clear agent establish,covid19,video,beginner,Kelly Rodriguez,2025-09-19T02:13:59Z,308,"phone,story,front,military,field,home"
c_000919,Size hold certainly must issue deal less,sleep,quiz,beginner,Cory Blair,2025-03-03T20:13:59Z,125,"right,local"
c_000920,Heavy but pay recognize entire,cold_flu,article,beginner,Kelly Adams,2025-07-04T11:13:59Z,751,"first,shoulder"
c_000921,Research she later,women_health,quiz,intermediate,Sheryl Johnson,2025-05-10T02:13:59Z,546,"against,law,couple,theory"
c_000922,Place list prevent hear own financial edge,heart_health,article,intermediate,Laura Scott,2025-04-21T18:13:59Z,486,"group,history"
c_000923,Religious hold color fear political professional,covid19,article,beginner,Nicole Schmidt,2025-06-22T20:13:59Z,467,"minute,whatever,dog,natural,everyone,research"
c_000924,Partner image talk plant book,covid19,quiz,beginner,Matthew Holmes,2026-01-14T05:13:59Z,467,"between,us,star,today,our"
c_000925,Ability so owner,diabetes,article,beginner,Kathleen Rodriguez,2025-07-14T02:13:59Z,61,"official,person,place,local,research,former"
c_000926,Majority tax class threat training,weight_loss,quiz,advanced,Kelsey Thompson,2025-09-12T23:13:59Z,549,"beautiful,possible,near,laugh,lead"
c_000927,Thought throw field drive very set foot,men_health,quiz,advanced,Jasmine Clayton,2025-08-28T10:13:59Z,132,"budget,evening,before,hair,PM"
c_000928,Similar television keep physical together after management run set,skin_care,quiz,intermediate,Benjamin Matthews,2025-06-13T12:13:59Z,308,"girl,whether,role,training"
c_000929,Our try benefit environment job,cold_flu,video,advanced,Joshua Reyes,2025-10-14T11:13:59Z,647,"center,make,fast"
c_000930,Trouble stock floor any provide court,stress,quiz,advanced,Deborah Aguirre,2025-08-20T03:13:59Z,146,"serious,stand,after,minute,create,campaign"
c_000931,Check wish skin politics firm thus wear give task,weight_loss,video,beginner,Christopher Taylor,2026-01-10T05:13:59Z,350,"result,manager,rich,they"
c_000932,Democrat eat along realize detail assume,stress,article,intermediate,Brent Reyes,2025-08-06T12:13:59Z,780,"head,property,common,matter,draw,build"
c_000933,My fear ever policy deep team,heart_health,quiz,beginner,Dustin Romero,2025-10-17T01:13:59Z,646,"despite,black,friend"
c_000934,Fall check computer,digestive_health,video,advanced,Christopher Reynolds,2025-04-12T16:13:59Z,272,"new,manage,style,democratic,either"
c_000935,Else care school,covid19,article,beginner,Kelly Pham,2025-05-16T02:13:59Z,402,"commercial,whole,give,move"
c_000936,Understand tonight or book fast quickly per common,stress,video,intermediate,Rebecca Rodriguez,2025-10-17T04:13:59Z,646,"half,make"
c_000937,Which large management mother,stress,video,beginner,Charles Wolf,2025-07-01T13:13:59Z,867,"break,partner,kitchen,mother"
c_000938,Get next raise else from current cause arm economy election,stress,article,intermediate,Jason Cox,2026-01-24T14:13:59Z,71,"body,start,despite,physical,travel"
c_000939,Group open student challenge land until none stand,covid19,quiz,beginner,Alexis Irwin,2025-11-25T02:13:59Z,668,"lot,agent,hospital"
c_000940,Morning describe wish,men_health,quiz,intermediate,Allison Bender,2025-10-22T12:13:59Z,233,"floor,business,pattern,west,past,war"
c_000941,Machine final to natural Mr represent its those,men_health,video,beginner,Peter Moran,2025-04-22T09:13:59Z,652,"government,authority,financial,trade"
c_000942,Still federal,covid19,video,advanced,Terry Hartman,2025-10-09T07:13:59Z,271,"fill,use,cup,south,mention"
c_000943,Charge region later enough once identify,women_health,article,advanced,Gina Schmitt,2025-09-04T07:13:59Z,352,"civil,window"
c_000944,Congress analysis quite store class president,digestive_health,video,beginner,Elizabeth Williams,2025-12-20T12:13:59Z,861,"ball,will"
c_000945,Woman including social practice save without himself bar discuss,women_health,article,beginner,Jennifer Trujillo,2025-05-20T09:13:59Z,382,"least,new"
c_000946,Kind on would fight rest friend keep phone hear relate age major,covid19,quiz,advanced,Jamie Wang,2025-03-13T20:13:59Z,594,"approach,serious,go"
c_000947,Matter only fill building,skin_care,video,advanced,Tiffany Martinez,2026-01-28T00:13:59Z,689,"chair,where,give,small,own,make"
c_000948,During Mr possible offer drug,stress,quiz,intermediate,Heather Goodman,2025-04-02T05:13:59Z,62,"create,compare,great,outside"
c_000949,Look yes employee marriage,stress,video,advanced,Michael Davis,2025-02-15T15:13:59Z,264,"music,member,social,recognize,newspaper"
c_000950,Movie environment mother line detail type likely spend,women_health,quiz,advanced,Erin Lopez,2025-10-19T22:13:59Z,671,"single,word,hope,they"
c_000951,Mind walk other door drop summer,mental_health,article,advanced,Michael Smith,2025-11-11T22:13:59Z,92,"deep,claim,minute,despite,number"
c_000952,Television general say order commercial piece game reduce,diabetes,video,intermediate,Bradley Williams,2025-08-19T05:13:59Z,87,"memory,many,usually"
c_000953,Role person foreign,heart_health,video,advanced,Mitchell Williams,2025-05-29T21:13:59Z,230,"loss,above,part,produce"
c_000954,Low break significant nothing rise left,women_health,video,intermediate,Heather Mcmahon,2025-08-12T01:13:59Z,332,"field,prove,politics,whether,technology,across"
c_000955,Science service one,nutrition,quiz,intermediate,Edward Roberts,2025-12-28T05:13:59Z,880,"successful,order,president,yourself"
c_000956,High professor she government standard send parent,men_health,quiz,beginner,Adriana Dunn,2025-02-15T06:13:59Z,127,"able,them,international,four"
c_000957,Investment lead collection bed event,digestive_health,video,intermediate,Terri Chandler,2025-03-18T07:13:59Z,720,"view,benefit,fact,ok"
c_000958,Deep evening success hand benefit year tough environmental raise however decision,diabetes,quiz,intermediate,Amber Jones,2025-11-01T16:13:59Z,612,"live,really"
c_000959,Daughter Republican style hold pressure,sleep,video,intermediate,Elaine Hughes,2025-12-20T19:13:59Z,623,"box,plant,in,election,final"
c_000960,Step method may need best south,diabetes,quiz,advanced,Bobby Frank,2025-12-27T14:13:59Z,279,"low,dark"
c_000961,Up paper wish education remember rest discussion,mental_health,article,beginner,Tammy Thompson,2025-05-22T18:13:59Z,708,"picture,drug"
c_000962,Kind somebody bank big church station,women_health,quiz,advanced,Dr. Bethany Johnson,2025-10-30T20:13:59Z,252,"choose,weight,make,hit,position"
c_000963,Very natural eat get happy fund democratic light management,fitness,article,advanced,Leslie Harrison,2025-08-30T02:13:59Z,473,"suggest,cold,lead,night,find"
c_000964,Will through prepare party,men_health,quiz,intermediate,Thomas Peterson,2025-08-17T18:13:59Z,269,"how,common,human,if"
c_000965,Remember story move study quite old candidate attorney court occur,men_health,article,advanced,Dawn Keller,2025-10-07T13:13:59Z,753,"probably,front,get"
c_000966,Game enter various car which food,cold_flu,video,advanced,Timothy Woods,2025-07-27T10:13:59Z,381,"someone,anything"
c_000967,Professional budget last keep civil watch gun degree career,weight_loss,article,advanced,Brett Flores,2026-01-17T18:13:59Z,867,"management,animal,past,amount,paper,window"
c_000968,Tonight but I tree cause be save fast economic less choose history,men_health,article,intermediate,Frederick Williams,2025-09-26T17:13:59Z,259,"who,news"
c_000969,Bad end voice what where provide,weight_loss,article,advanced,Christina Reeves,2025-03-30T17:13:59Z,480,"action,resource,sport,order,on,term"
c_000970,Tend reveal stock author relationship common Mr east word,fitness,article,advanced,Gregory Mccarty,2025-06-01T05:13:59Z,613,"strong,situation,movie"
c_000971,Inside list place save its pass base main,heart_health,article,intermediate,Dylan Faulkner,2025-05-07T17:13:59Z,507,"give,worker,true,camera,help,approach"
c_000972,Rich center right professor through society,mental_health,quiz,advanced,Gary Li,2025-08-01T03:13:59Z,603,"have,recently,purpose,now,by"
c_000973,Both up majority foreign start defense whose,skin_care,video,beginner,Ashley Young,2025-12-21T06:13:59Z,305,"herself,phone,all"
c_000974,Me several behavior,cold_flu,quiz,intermediate,Thomas Shelton,2025-09-10T18:13:59Z,534,"soldier,threat,year,defense"
c_000975,Specific ball case,women_health,video,beginner,William Hardin,2025-12-07T04:13:59Z,646,"someone,simply,fall,want,certainly,senior"
c_000976,See act huge effect garden per,covid19,article,advanced,Hannah Smith,2025-04-01T08:13:59Z,616,"fear,when,street,worry,evidence"
c_000977,Bed card sort wind figure,covid19,quiz,beginner,Frank Brown,2025-03-04T11:13:59Z,239,"wear,TV,design"
c_000978,Me page newspaper skill purpose claim add,nutrition,quiz,advanced,Stephanie Jenkins,2025-07-09T07:13:59Z,299,"already,law,source,during"
c_000979,Test there with ever attack growth form the,skin_care,quiz,advanced,Jennifer Lee,2025-05-02T10:13:59Z,714,"after,first,medical,long,specific"
c_000980,Industry thought clearly leave wrong evening note,heart_health,quiz,advanced,Christopher Miller,2025-12-24T21:13:59Z,82,"field,be,about,several,result,network"
c_000981,Street skin rest religious party range born,women_health,quiz,beginner,Bill Wilson,2025-02-19T15:13:59Z,857,"support,the,respond,I,skill,task"
c_000982,Born eight seat,women_health,quiz,advanced,Kevin Conner,2025-02-14T18:13:59Z,671,"own,senior,drive,final"
c_000983,Turn blood room fact class trouble step national inside,weight_loss,video,advanced,Aaron Fernandez PhD,2025-02-03T22:13:59Z,812,"sure,identify,least,small,onto"
c_000984,We writer which,heart_health,video,intermediate,Brian Thomas,2026-01-27T12:13:59Z,689,"only,city"
c_000985,Offer lose decision walk,mental_health,quiz,intermediate,Chris Harris,2025-12-12T13:13:59Z,374,"not,through,piece"
c_000986,Make give mouth successful student management,stress,video,intermediate,Kimberly Miller,2025-05-25T19:13:59Z,505,"everybody,necessary,think,reflect,scene"
c_000987,Feeling hour discover doctor factor available describe trial central,nutrition,quiz,beginner,Laurie Evans,2025-06-08T16:13:59Z,120,"expect,threat,high"
c_000988,General heavy owner attorney physical why bring prove whose simply then join,mental_health,quiz,intermediate,Crystal Rodriguez,2025-12-25T16:13:59Z,207,"never,line,sister,though"
c_000989,Analysis response majority floor stay each weight technology only,covid19,quiz,advanced,Kyle Collier,2025-12-08T01:13:59Z,822,"single,apply"
c_000990,Hold who cultural relate poor exactly,sleep,article,intermediate,Brianna Curry,2025-08-29T12:13:59Z,363,"who,parent,reflect"
c_000991,Present record themselves option,mental_health,article,beginner,Brenda Anderson,2025-09-25T10:13:59Z,810,"Mrs,member,ahead,not,available,myself"
c_000992,Real yard include four television audience,mental_health,video,advanced,Brandon Coleman,2025-02-05T08:13:59Z,331,"happy,issue,according,effect,soon"
c_000993,Painting boy level purpose plant pass,women_health,article,intermediate,Isaac Davis,2025-05-29T06:13:59Z,418,"any,suffer,cost,audience,interesting"
c_000994,Participant to,digestive_health,article,advanced,Crystal Palmer,2025-03-19T19:13:59Z,900,"toward,environment,work"
c_000995,Simple past plant may large miss should,stress,quiz,beginner,Phillip Jones,2025-02-24T15:13:59Z,250,"south,western,agency,continue"
c_000996,Detail wall serious manage million include food physical possible,men_health,quiz,advanced,Tiffany Dominguez,2025-02-28T11:13:59Z,165,"write,improve,attack,determine,program"
c_000997,Low owner along rather gas,women_health,video,intermediate,Mario Watson,2025-03-26T10:13:59Z,737,"consider,thus"
c_000998,Artist future morning view opportunity reach,nutrition,quiz,beginner,Lori Bush,2026-01-31T20:13:59Z,878,"carry,fish"
c_000999,History how become,covid19,quiz,intermediate,Summer Cooper,2025-02-11T23:13:59Z,544,"sister,conference,prepare,certainly"
c_001000,Money office right capital nature low,stress,quiz,beginner,Jonathan Byrd,2025-07-25T00:13:59Z,290,"major,eight,upon,budget,cut"
c_001001,Glass month father thought common benefit campaign least evening ahead,covid19,quiz,intermediate,Cody Schaefer,2026-01-24T06:13:59Z,848,"nearly,serious,matter,measure"
c_001002,Value decide administration step everyone consider question may year impact,digestive_health,article,intermediate,Alejandra Taylor,2025-08-05T08:13:59Z,596,"best,watch,assume,about,mission"
c_001003,There pressure recent also president identify,mental_health,quiz,intermediate,Alexander Rogers,2025-02-11T08:13:59Z,202,"effort,true,she,program"
c_001004,Almost determine similar mother section main term memory Mrs wife another,women_health,quiz,advanced,William Ellis,2025-06-22T10:13:59Z,859,"number,before"
c_001005,Camera more them effort fine since commercial direction people,mental_health,article,advanced,Heather Dalton,2025-09-09T19:13:59Z,474,"out,ball,raise,view,series"
c_001006,Sea statement crime throw me choose,cold_flu,article,advanced,Wendy Morrison MD,2025-03-31T04:13:59Z,125,"out,raise,indeed,feeling,wait,maybe"
c_001007,Several anyone health behavior,women_health,article,intermediate,Angela Baker,2026-01-23T22:13:59Z,153,"situation,I,court"
c_001008,Job receive front customer set,women_health,quiz,beginner,Shane Smith,2025-04-05T02:13:59Z,784,"Mr,beautiful,be"
c_001009,Couple race kind could window,fitness,quiz,beginner,Jacqueline Smith,2026-02-01T04:13:59Z,126,"keep,perhaps,police"
c_001010,Majority maintain knowledge finish,cold_flu,quiz,advanced,Nicole David,2025-03-20T04:13:59Z,417,"garden,product,somebody,eight,arrive"
c_001011,Although ahead term high high free charge upon admit make growth,nutrition,article,advanced,Mary Ewing,2025-08-05T04:13:59Z,574,"close,significant"
c_001012,Lose community participant,diabetes,quiz,advanced,Ashley Miller,2025-07-17T23:13:59Z,403,"help,among,cup,million,whole"
c_001013,Forward kitchen,heart_health,quiz,beginner,Renee Fowler,2025-12-06T12:13:59Z,733,"suffer,different,heart,ready"
c_001014,Walk body practice leave,fitness,video,advanced,Heather Jones,2025-04-25T06:13:59Z,368,"great,series,writer,finally,financial,answer"
c_001015,How foreign find,cold_flu,quiz,advanced,Dylan Leon,2025-07-16T04:13:59Z,519,"Mrs,memory,clearly,month"
c_001016,Of table forward baby institution,diabetes,video,beginner,Dawn Blair,2025-08-16T20:13:59Z,90,"four,lose,knowledge,laugh"
c_001017,Number blood fund learn front might management sea local moment design simply,stress,video,intermediate,Andrew Stewart,2025-12-22T22:13:59Z,529,"miss,pattern"
c_001018,Up nearly PM note each material pull whom,sleep,article,advanced,Tina Hall MD,2025-04-30T04:13:59Z,707,"research,myself,front"
c_001019,Likely hundred technology,digestive_health,quiz,intermediate,Kenneth Clark,2025-02-17T06:13:59Z,834,"throw,less,trial,perform,glass,yes"
c_001020,Mention federal top term,weight_loss,article,intermediate,Cameron Hendrix,2025-05-02T16:13:59Z,415,"traditional,see,always,walk"
c_001021,Politics reach dog true threat,diabetes,video,beginner,Mary Martinez,2026-01-02T03:13:59Z,105,"design,we,require,exist"
c_001022,Agency majority join international particularly,cold_flu,quiz,beginner,Barry Holland,2025-02-25T13:13:59Z,120,"green,next,would,list"
c_001023,Pattern surface talk ready design particularly experience,fitness,article,beginner,Nicole Woods,2025-04-21T06:13:59Z,353,"significant,capital,quickly,nearly,side"
c_001024,Theory others student this store beautiful voice box,nutrition,quiz,advanced,Joshua Murphy,2025-06-10T17:13:59Z,566,"continue,dinner"
c_001025,Bed character stuff,covid19,video,intermediate,Katherine Pope,2025-03-14T10:13:59Z,264,"different,when"
c_001026,Expect on ten now,mental_health,video,intermediate,Charles Chapman,2025-04-19T17:13:59Z,444,"short,action,police,stuff,expect,point"
c_001027,Whether end number world consumer each probably,women_health,article,intermediate,Jennifer Williamson,2025-12-13T20:13:59Z,333,"follow,coach,notice"
c_001028,Particular major rule similar race mouth,women_health,video,beginner,Jennifer Alvarez,2025-03-29T14:13:59Z,430,"official,result"
c_001029,Trip past tough serve store open particularly network evening,skin_care,video,beginner,Emily Potter,2025-12-03T21:13:59Z,625,"own,before,many"
c_001030,Decision seat close pick,heart_health,quiz,intermediate,Brittany Hernandez,2026-01-01T15:13:59Z,837,"tree,cost,imagine,themselves,fine"
c_001031,Say follow great exactly mention later,fitness,quiz,advanced,Victoria Boyle,2025-10-26T05:13:59Z,690,"medical,could,authority,nothing"
c_001032,Become beat standard night,fitness,article,intermediate,Melvin Contreras,2025-10-15T02:13:59Z,698,"politics,itself,science,health,argue"
c_001033,Trouble yeah fire I support building arrive spend a focus,stress,quiz,advanced,Nicholas Diaz,2025-05-09T08:13:59Z,573,"business,resource,note,outside"
c_001034,Determine various civil cost writer individual reveal,men_health,article,intermediate,Alexander Daugherty,2025-09-27T10:13:59Z,64,"government,each"
c_001035,Treatment guy we hit her left,skin_care,video,advanced,Eric Wheeler,2025-10-05T03:13:59Z,872,"account,dinner,leave,may,something"
c_001036,Mouth what expert rate likely above single expect camera small book,stress,quiz,beginner,Eric Hardy,2025-08-20T22:13:59Z,700,"maybe,anything"
c_001037,Name near suddenly stop money international rule nature federal no stuff Congress understand,heart_health,article,advanced,Linda Flores,2025-12-02T23:13:59Z,633,"man,ask,key,again"
c_001038,Agent ground yeah apply part plant,fitness,video,intermediate,Steven Lewis,2025-03-25T02:13:59Z,473,"military,east,truth,here,these,try"
c_001039,Note represent new appear affect main over weight,diabetes,video,beginner,Jillian Garrison,2025-05-31T12:13:59Z,758,"state,game,girl,group,huge"
c_001040,Type half government at mention truth,covid19,video,advanced,Benjamin Houston,2025-06-12T11:13:59Z,645,"kitchen,give,wife"
c_001041,Trouble clearly wife money still card,skin_care,quiz,beginner,Noah Cross,2025-02-03T14:13:59Z,65,"appear,available,skill,herself,people"
c_001042,Ball human religious home relate growth assume who always draw,covid19,article,intermediate,Devin Ayers,2025-08-11T22:13:59Z,636,"into,what"
c_001043,Wind arm run item,weight_loss,quiz,intermediate,Mr. Lance Dodson,2025-05-15T23:13:59Z,722,"world,material,front,artist,price,feel"
c_001044,Fall I offer kid opportunity can sure factor find,weight_loss,quiz,beginner,Miss Laura Patton,2026-01-23T14:13:59Z,64,"drive,high,other,no"
c_001045,Probably care kid collection morning finally participant,men_health,article,beginner,Peter Mcfarland,2025-02-05T11:13:59Z,525,"whose,trial,task"
c_001046,Sense remember though,nutrition,article,beginner,Anthony Cooper MD,2025-03-15T16:13:59Z,276,"personal,early,total"
c_001047,Office reason one state green executive political,heart_health,article,beginner,William Klein,2025-03-28T14:13:59Z,74,"decision,glass,water,eat"
c_001048,Forget final speak whatever Congress community game red,diabetes,article,beginner,Brandon Ellis,2025-12-12T05:13:59Z,774,"fact,say,old,meeting,daughter,white"
c_001049,Evening cultural skill government quickly technology scientist movement,stress,quiz,advanced,Robert Diaz,2025-03-17T03:13:59Z,354,"social,including,process,before"
c_001050,Health message religious stand offer assume professional possible care,covid19,quiz,intermediate,Kathleen Mays,2025-02-17T06:13:59Z,884,"ago,that,operation,kitchen,return,thought"
c_001051,Treatment discussion remember project film scene impact heavy,stress,quiz,advanced,Amber Carpenter,2025-12-30T10:13:59Z,342,"key,everybody,identify,wide,student,series"
c_001052,Our event various,women_health,quiz,intermediate,Brandon Smith,2025-03-18T02:13:59Z,828,"western,theory"
c_001053,Range of cell time politics,fitness,article,beginner,Kara Clark,2025-08-30T18:13:59Z,341,"activity,off,material,involve,everything"
c_001054,Thought finish full,men_health,article,intermediate,Evan Fisher,2025-02-07T06:13:59Z,337,"physical,wife,produce,major,lot,customer"
c_001055,General around create wall short writer,men_health,quiz,intermediate,Ms. Amy Silva DDS,2025-11-25T18:13:59Z,306,"music,better,I,make,gun"
c_001056,Only under option part bit approach analysis one candidate week serious,men_health,quiz,beginner,Andrew Leonard,2026-01-06T16:13:59Z,518,"behind,important,training,thank"
c_001057,Before gas group put seat scene,skin_care,quiz,intermediate,John Morton,2025-08-22T09:13:59Z,547,"stage,consider,owner,hand,director"
c_001058,Economy with institution yes former main relationship,women_health,video,advanced,Mark Tucker,2025-09-09T16:13:59Z,420,"relationship,glass"
c_001059,Tell conference face throw,nutrition,quiz,advanced,Jeffrey Mejia,2025-09-12T16:13:59Z,641,"capital,bank,consider,little,sea,strategy"
c_001060,Firm action ever,heart_health,article,intermediate,Jeremy Francis,2025-04-20T02:13:59Z,595,"so,nor,rest,lead"
c_001061,Out hot read reflect standard,nutrition,article,beginner,Karen Morgan,2025-05-29T05:13:59Z,393,"magazine,wife,occur,exactly,range,take"
c_001062,Edge too increase instead home hospital hold class,covid19,article,advanced,Hailey Parker,2025-02-11T03:13:59Z,745,"near,whom,difficult,radio"
c_001063,Choose little impact head budget,sleep,quiz,advanced,Philip Williams,2025-03-31T15:13:59Z,480,"address,baby,television,next,lawyer"
c_001064,Wear keep player,cold_flu,quiz,advanced,Edward Martinez,2026-01-25T10:13:59Z,412,"challenge,learn,stand,because,scene"
c_001065,Them development culture behind radio provide,stress,quiz,beginner,Robert Hill,2025-10-04T06:13:59Z,524,"whose,actually,goal,improve,soon"
c_001066,Always easy tonight,men_health,video,advanced,Alexandra Evans,2025-09-01T20:13:59Z,810,"couple,must,government,others"
c_001067,Each around crime,stress,quiz,advanced,Andrew Garner,2025-05-23T20:13:59Z,656,"respond,possible"
c_001068,Story might ground quality surface,women_health,quiz,advanced,Adam Lyons,2025-09-18T17:13:59Z,302,"everybody,act,wear"
c_001069,Herself including believe billion determine similar fill although research beautiful particular daughter,diabetes,quiz,advanced,Julie Adams,2025-02-15T17:13:59Z,74,"for,story,production,serious,system,crime"
c_001070,Clearly country suffer reality,nutrition,quiz,advanced,Gabriela Johnson,2025-10-19T20:13:59Z,599,"field,first,series,piece,many"
c_001071,Should response beyond none term,covid19,article,intermediate,James Nelson,2026-01-26T16:13:59Z,812,"worker,ahead"
c_001072,Challenge either phone per sister station and PM task development friend,covid19,video,intermediate,Robert Wallace,2025-12-13T07:13:59Z,721,"challenge,federal,hot,pretty,back"
c_001073,Condition business sea still hundred rich recent sometimes his,nutrition,article,intermediate,Jessica Thompson,2025-04-25T15:13:59Z,379,"trade,forward,can,environment,past,technology"
c_001074,Card right exist cause modern property manage,heart_health,article,advanced,Holly Nguyen,2025-03-10T07:13:59Z,569,"fact,reflect,lose,boy"
c_001075,Physical himself security let cup beautiful sing,fitness,video,beginner,Steven Dixon,2025-12-13T09:13:59Z,641,"would,order,set"
c_001076,Call expect space,heart_health,video,advanced,Deborah Ross,2025-04-15T02:13:59Z,839,"thing,change,force,already,movement"
c_001077,Option study gas wait true food exactly board necessary note artist number country,stress,quiz,beginner,Kimberly Smith,2026-01-13T14:13:59Z,354,"performance,war,next,nearly"
c_001078,North huge act natural,digestive_health,quiz,beginner,Anthony Edwards,2025-10-22T03:13:59Z,488,"wrong,may"
c_001079,Hour organization name involve own always bar little itself mouth require ground Congress,stress,article,advanced,Hannah Smith,2025-11-07T04:13:59Z,755,"scene,piece,will,stock,growth"
c_001080,Likely air debate determine economic lose forward clear form none,cold_flu,video,beginner,Karen Guerrero,2025-03-24T14:13:59Z,221,"city,federal"
c_001081,Officer lot act role surface music quality situation,digestive_health,video,intermediate,Brenda Ellis,2025-03-06T09:13:59Z,870,"decision,someone,nature,class,majority,save"
c_001082,Key president store society crime decide,men_health,quiz,intermediate,Danielle Barrett,2025-05-26T09:13:59Z,830,"lot,speech"
c_001083,Win red condition,women_health,quiz,beginner,Samantha Cummings,2025-04-04T22:13:59Z,232,"option,recognize,particular"
c_001084,Level product radio describe able style food hold science,nutrition,quiz,beginner,Charles Frazier,2025-09-07T10:13:59Z,755,"college,drop,teach,require"
c_001085,Happy vote decade community training indicate,mental_health,video,beginner,Shannon Fletcher,2025-02-28T19:13:59Z,157,"foreign,senior,pretty,blue,arrive,year"
c_001086,Including anyone first manage put alone bank again but,weight_loss,quiz,advanced,Diane Pearson,2025-11-12T04:13:59Z,775,"necessary,despite,professional,region"
c_001087,Cell catch lay wonder service blue,men_health,video,intermediate,Jason Harrison,2026-01-06T14:13:59Z,75,"support,pick,benefit"
c_001088,Sport visit plant different,diabetes,article,beginner,Derrick Castro,2025-12-17T14:13:59Z,817,"apply,that,girl"
c_001089,Far back lose record mouth,sleep,article,advanced,Elizabeth Huff MD,2026-01-16T13:13:59Z,785,"whole,Mr,success,mention,peace"
c_001090,Million air maybe find management memory,weight_loss,quiz,intermediate,John Baker,2025-06-21T13:13:59Z,624,"wide,cultural,wish,cause"
c_001091,Mean one cover total green nearly sea against detail,women_health,video,beginner,Amy Miller,2025-04-09T18:13:59Z,591,"cell,from,ok,Mrs"
c_001092,Coach mean across research around commercial college personal,fitness,video,intermediate,Anthony Suarez,2025-09-14T20:13:59Z,669,"fine,describe,avoid,quite,bar,challenge"
c_001093,Tv any TV should,women_health,quiz,intermediate,Eric Newton,2025-04-19T01:13:59Z,692,"myself,every,culture,manage"
c_001094,Help hard forward,heart_health,quiz,beginner,Susan Scott,2025-09-30T15:13:59Z,875,"write,full,read,memory,leave,think"
c_001095,Study career middle hot democratic,mental_health,article,beginner,Teresa Jones,2025-03-12T20:13:59Z,550,"imagine,us,simple"
c_001096,Wife instead since card,sleep,video,beginner,Anthony Douglas,2025-09-24T15:13:59Z,213,"message,no,become,provide,weight"
c_001097,Politics north adult dream draw manager should prevent ball expect PM store,diabetes,article,intermediate,Donna Duran,2025-12-19T18:13:59Z,175,"mouth,open,walk,to,build,town"
c_001098,Wind teacher modern family recently edge lot,cold_flu,video,beginner,Sherry Burton,2025-05-14T13:13:59Z,417,"chair,argue,in"
c_001099,Great attention leg radio follow,cold_flu,video,advanced,Alexander Mitchell,2025-11-04T07:13:59Z,783,"black,establish,certain,take,public,different"
c_001100,Subject season appear,heart_health,article,advanced,Kathryn Boyle,2025-07-14T09:13:59Z,770,"challenge,read,window,politics,per,sport"
c_001101,Military she sure remain,fitness,article,advanced,Mrs. Lauren Murphy,2025-05-05T04:13:59Z,388,"school,lead,agency,standard,law,final"
c_001102,Rock education center wear change mission image modern,cold_flu,quiz,beginner,Jennifer Wells,2026-01-25T15:13:59Z,212,"could,star,everybody,hear"
c_001103,Third kind position career much bed,weight_loss,quiz,intermediate,Sara Cortez,2025-09-22T18:13:59Z,250,"role,beat,increase,easy"
c_001104,Note democratic light,mental_health,article,advanced,Lisa Hernandez,2025-03-18T09:13:59Z,885,"store,leg,shake,security,wear"
c_001105,Team light consider cup discover,women_health,article,advanced,Jennifer Hunter,2025-05-20T19:13:59Z,316,"or,data,police,during,office,pressure"
c_001106,Event down young spring set half part mission board people green firm,heart_health,video,advanced,Holly Love,2025-03-01T02:13:59Z,139,"seem,middle,safe,consider,we,firm"
c_001107,Catch against each item fall quality change wish,covid19,video,advanced,Cheryl Roberts,2025-04-06T18:13:59Z,235,"wrong,trouble,moment,glass,stop,item"
c_001108,Happy follow study,mental_health,video,intermediate,Antonio Adams,2025-12-04T13:13:59Z,179,"huge,may,rise,officer"
c_001109,Entire east culture art president paper individual,nutrition,quiz,intermediate,Lindsey Nolan,2025-08-05T22:13:59Z,320,"join,into,support,kind,thing,camera"
c_001110,Artist participant care,sleep,quiz,advanced,Carl Bowen,2025-07-20T22:13:59Z,723,"onto,minute,statement,smile"
c_001111,Machine cut above rise energy choose,covid19,quiz,advanced,Blake Brown,2025-07-21T08:13:59Z,552,"drive,economy,cultural,success,field"
c_001112,Amount common drive business focus less agree before tax provide notice garden new,sleep,quiz,intermediate,Lisa Lee,2025-08-29T13:13:59Z,798,"news,much,possible,the,seek,order"
c_001113,Science country open expert use action pay,weight_loss,article,advanced,Candace Sutton,2025-04-25T13:13:59Z,878,"model,direction,Mrs,hit"
c_001114,Training great physical second whose prevent sea movement,men_health,video,beginner,Amber Brown,2025-12-28T02:13:59Z,742,"age,imagine,scientist,seem"
c_001115,Produce high add marriage,covid19,quiz,beginner,Sandra Stevens,2025-07-01T11:13:59Z,556,"particularly,behind"
c_001116,Skin world both show nature air family table,women_health,quiz,intermediate,Cathy Valentine,2026-01-11T21:13:59Z,187,"wife,bar,bank,central"
c_001117,Section fear whose instead,digestive_health,video,beginner,Candace Mcdonald,2025-10-02T12:13:59Z,439,"product,beautiful,action,security,daughter"
c_001118,Open product often hear late,stress,quiz,advanced,Julie Miller,2025-07-03T00:13:59Z,887,"mention,wish"
c_001119,Would indeed door establish action shoulder challenge single simple,men_health,video,advanced,Angela Castaneda MD,2025-02-14T01:13:59Z,623,"expect,relationship"
c_001120,Parent to traditional current,stress,video,intermediate,Sherry Kennedy,2025-04-07T16:13:59Z,790,"national,fill,class,true,trip"
c_001121,Development friend rest these else,weight_loss,video,advanced,Rodney Anthony,2026-01-08T05:13:59Z,288,"apply,show,property,concern,have,son"
c_001122,Blood yes though see power last his,men_health,video,intermediate,Christian Drake,2025-08-05T13:13:59Z,801,"best,above,physical"
c_001123,It contain Mr when home require fall,sleep,article,intermediate,David Mcfarland,2025-04-25T05:13:59Z,713,"civil,traditional,scientist"
c_001124,Board heavy either occur material,sleep,article,intermediate,Ronald Crawford,2025-03-31T10:13:59Z,64,"care,picture,red,wish,can"
c_001125,Break whatever begin get,women_health,video,beginner,Derrick Higgins,2025-05-08T18:13:59Z,529,"assume,tax,information"
c_001126,Future support herself machine around reality,mental_health,article,intermediate,Lisa Franklin,2025-09-20T12:13:59Z,481,"tell,break,voice,room,degree"
c_001127,Stay or charge student large standard stuff control many officer face,weight_loss,article,advanced,Edward Lopez,2025-05-17T10:13:59Z,279,"trip,toward,record"
c_001128,Remain step structure successful kid,men_health,video,beginner,Pamela Bell,2025-12-05T17:13:59Z,857,"risk,three,view"
c_001129,Woman want state along daughter out,diabetes,quiz,intermediate,Sarah Ballard,2025-03-05T12:13:59Z,588,"issue,else,drop,star"
c_001130,Cut suggest now number support hair,skin_care,video,intermediate,Carol Vasquez,2025-06-01T06:13:59Z,77,"though,environment,lay,focus,treat,language"
c_001131,Member yes he our heavy because north,digestive_health,article,advanced,Sandra Andrews,2025-02-10T06:13:59Z,724,"middle,phone,no"
c_001132,Alone choice decide compare need someone,nutrition,quiz,intermediate,Jacqueline Brennan,2026-01-23T03:13:59Z,76,"clearly,certainly,source,your,wall,dark"
c_001133,Read peace as,mental_health,article,intermediate,Mike Villanueva,2025-10-04T08:13:59Z,809,"nation,collection,cost"
c_001134,Performance soldier political public hotel describe night heart next window,women_health,article,advanced,David Rodriguez,2025-10-20T00:13:59Z,432,"speech,kind,buy,figure,couple"
c_001135,Turn stuff have still fast prove act join explain,nutrition,quiz,intermediate,Nicolas Kennedy,2025-06-19T14:13:59Z,760,"exactly,career,reality,both"
c_001136,Know upon five enough color culture military final professor race,nutrition,quiz,intermediate,Dawn Edwards,2026-01-28T10:13:59Z,161,"place,guy,strategy,policy,already,discuss"
c_001137,Fire new factor voice couple now stay,covid19,article,beginner,Kevin Hale,2025-04-27T17:13:59Z,326,"hard,expect,head"
c_001138,Meet grow hospital affect recognize,heart_health,video,intermediate,Sonya Smith,2025-04-22T17:13:59Z,124,"level,doctor,may,answer,occur"
c_001139,Clearly company very environment other,digestive_health,quiz,intermediate,Sheila Gonzalez,2025-09-05T14:13:59Z,671,"I,majority,act,product,statement,fall"
c_001140,Husband drop perhaps country other military spring democratic understand listen,covid19,video,beginner,Madison Quinn,2025-02-23T00:13:59Z,691,"old,line,audience"
c_001141,Network feeling senior add free laugh interest similar laugh effort good shoulder pretty,heart_health,quiz,advanced,Anna Hall,2025-05-04T10:13:59Z,896,"interesting,seat,and,standard,factor,wife"
c_001142,Peace real nothing student fine low,weight_loss,article,beginner,Jonathan Shepherd,2025-12-01T00:13:59Z,253,"which,new,nation,top,form,office"
c_001143,Push politics,cold_flu,quiz,advanced,Stephen Taylor,2025-08-11T04:13:59Z,73,"firm,color,method"
c_001144,Mission common center baby board direction,weight_loss,article,advanced,Daniel Le,2026-01-06T00:13:59Z,880,"respond,hard,development,together,marriage,expert"
c_001145,Remember process generation against a early although television,digestive_health,video,advanced,Nancy Floyd,2025-12-05T01:13:59Z,156,"table,trouble,serious,she"
c_001146,Animal pick particularly run open,heart_health,article,advanced,Valerie Bradley,2025-09-28T12:13:59Z,269,"travel,suddenly"
c_001147,Peace cover great interesting collection quality,nutrition,quiz,intermediate,Charles Gutierrez,2025-02-08T01:13:59Z,726,"American,community,able,better,fill,life"
c_001148,Radio many season,diabetes,quiz,intermediate,Patricia Smith,2025-05-28T02:13:59Z,614,"treatment,Congress"
c_001149,Society state day,cold_flu,article,intermediate,Jennifer Hammond,2025-04-15T21:13:59Z,256,"usually,determine,amount,edge"
c_001150,Everybody activity leg song approach,heart_health,video,beginner,Ricky Kirby,2025-02-19T18:13:59Z,209,"various,store"
c_001151,Tonight risk student bed feeling do interview film less because,cold_flu,article,beginner,Elizabeth Dunn,2025-02-16T23:13:59Z,787,"pull,around,order,news"
c_001152,Center run success mission drive spring dream he since,men_health,article,advanced,Tracey Bridges,2025-10-13T15:13:59Z,66,"pick,capital,lawyer,like,most,official"
c_001153,Here keep seven,nutrition,quiz,intermediate,Michael Carter,2025-12-10T13:13:59Z,729,"together,win,return,maybe,meeting,television"
c_001154,Space remember job treatment condition street win even usually black,women_health,video,advanced,Allen Garcia,2025-02-26T15:13:59Z,855,"common,chair,baby,instead"
c_001155,Who ready key quality activity statement together,stress,video,intermediate,Mr. Christopher Davis,2025-06-28T18:13:59Z,836,"many,blood,conference,window,campaign"
c_001156,Determine parent,diabetes,article,advanced,Kimberly Tran,2025-03-02T18:13:59Z,648,"allow,continue,country,store"
c_001157,Wall develop assume sometimes compare strong someone do fall guess,men_health,quiz,beginner,Michael Parks,2025-07-14T21:13:59Z,549,"reduce,program,crime,analysis,religious"
c_001158,Adult north group look Mrs movement popular,cold_flu,article,beginner,Dr. Caitlyn Brown DDS,2025-03-29T08:13:59Z,271,"place,important,enough,TV,value,either"
c_001159,Garden phone number project approach,digestive_health,video,advanced,Troy Wilson,2025-04-06T22:13:59Z,686,"quality,technology,choose,budget,leave,cup"
c_001160,Carry find age house,stress,article,advanced,Jennifer Dalton,2025-08-11T09:13:59Z,443,"page,decision"
c_001161,Sort perform by find film,stress,quiz,beginner,Penny Thompson,2026-01-14T19:13:59Z,66,"risk,others"
c_001162,Reality amount appear hope structure,skin_care,article,beginner,James Hall,2025-03-25T12:13:59Z,869,"scene,hope"
c_001163,Institution strong rest also indicate,mental_health,article,intermediate,Ruth Perez,2025-07-08T18:13:59Z,238,"action,quite,everything,later,hospital,focus"
c_001164,Traditional evening entire seven garden chair receive never himself garden,women_health,video,advanced,Nathan Ibarra,2025-11-27T08:13:59Z,446,"real,instead,pretty"
c_001165,Thousand management choose pay,skin_care,video,beginner,Darrell Young,2025-08-16T08:13:59Z,619,"truth,information,floor,central"
c_001166,Above probably performance free every trial writer dog must side season,cold_flu,quiz,advanced,Dakota White,2025-04-10T14:13:59Z,545,"look,try,those,certainly"
c_001167,Physical herself art lay stay message gun,sleep,article,advanced,Aaron Ramos,2025-05-04T00:13:59Z,703,"doctor,great,administration,consider,paper,alone"
c_001168,Region tax political foot capital loss available peace,skin_care,article,advanced,Timothy Smith,2026-01-22T07:13:59Z,98,"according,happen"
c_001169,Know care physical then force executive,men_health,video,intermediate,Michael Dunn,2025-10-25T09:13:59Z,197,"read,police,my,resource,kind,guess"
c_001170,Minute difficult either station fear everything,stress,quiz,advanced,Paige Mendoza,2025-04-06T14:13:59Z,280,"approach,wait"
c_001171,Page affect vote middle prepare evidence,men_health,article,advanced,Marcia Vasquez,2025-10-20T02:13:59Z,350,"woman,three,never,daughter,affect,character"
c_001172,Magazine PM form discuss second professor,men_health,video,intermediate,Crystal Turner,2025-02-28T22:13:59Z,286,"already,police,Congress,note"
c_001173,Behind me forward product finally she history station really,covid19,article,beginner,Tamara Casey,2025-12-16T18:13:59Z,493,"idea,number,beyond"
c_001174,Less join avoid Democrat successful,men_health,article,advanced,Jeremy Garrett,2025-04-07T17:13:59Z,313,"side,world"
c_001175,Do tough claim main her though general defense tree rest,weight_loss,quiz,advanced,Angela Thompson,2025-05-24T13:13:59Z,105,"degree,common"
c_001176,There short arm and skin section success analysis,diabetes,quiz,intermediate,Claire Rodgers,2025-02-18T11:13:59Z,496,"brother,indicate"
c_001177,Avoid interesting former school window,stress,quiz,intermediate,Leslie Hancock,2025-10-07T23:13:59Z,191,"society,answer"
c_001178,Never stock fast,sleep,article,advanced,Tammy Watson,2025-08-22T22:13:59Z,468,"do,lot,wall,nor,beautiful"
c_001179,Ground recently close pull get,diabetes,video,beginner,John Thompson,2025-10-26T00:13:59Z,743,"charge,citizen"
c_001180,Phone list especially discussion according,diabetes,quiz,beginner,Patricia Anderson,2025-12-28T14:13:59Z,254,"stop,family,bank,investment"
c_001181,Type mention now during let city,men_health,quiz,beginner,Patrick Davenport,2025-09-04T05:13:59Z,512,"movie,create"
c_001182,Seem standard probably enough huge cut,cold_flu,quiz,beginner,Danielle Sharp,2025-09-25T02:13:59Z,368,"network,site"
c_001183,Let public teacher quality small,heart_health,video,advanced,Jason Douglas,2025-05-30T16:13:59Z,836,"seven,raise,test"
c_001184,Growth lead article pretty,men_health,article,advanced,Charles Glenn,2025-05-08T22:13:59Z,160,"allow,ago"
c_001185,Hour realize stay possible little senior south agreement purpose,women_health,quiz,beginner,Jennifer Benitez,2025-08-29T05:13:59Z,225,"world,that,real,day"
c_001186,Health same well establish out tree of hit,sleep,video,advanced,Christopher Oliver,2025-08-27T11:13:59Z,379,"move,page"
c_001187,Fine American wrong from man visit shake idea,men_health,article,advanced,Nicholas Ward,2025-10-14T17:13:59Z,359,"and,teach,friend,goal,them"
c_001188,Indeed where method baby support night space more,heart_health,video,intermediate,Gregory Poole,2025-07-03T13:13:59Z,388,"oil,person,open,down,occur"
c_001189,Bar job minute for best real staff,weight_loss,article,beginner,Mrs. Donna Long,2025-09-01T03:13:59Z,698,"west,American"
c_001190,Establish standard which about condition trial rich environment,covid19,video,beginner,Linda Riley,2025-10-15T23:13:59Z,633,"relationship,sure,hand,listen,become,question"
c_001191,Buy rule ten chair,sleep,quiz,beginner,Kyle Henson,2025-08-23T22:13:59Z,502,"short,public,something,stand"
c_001192,Side score later network,men_health,video,intermediate,Carlos Hernandez,2025-06-16T05:13:59Z,775,"police,face,kid,commercial,tell"
c_001193,Project total office agree ability travel fast already food network if,stress,video,advanced,Krystal Thomas,2025-09-22T14:13:59Z,292,"generation,forget,economic,fall"
c_001194,Building to yard town management within or,digestive_health,video,advanced,Yolanda English,2026-01-30T03:13:59Z,236,"rather,that"
c_001195,Threat around address company,cold_flu,quiz,advanced,David Knox,2025-03-27T01:13:59Z,706,"personal,amount,foot,number,treatment"
c_001196,Ten according message production national,digestive_health,article,intermediate,Kimberly Washington,2025-10-19T09:13:59Z,354,"staff,see,dog"
c_001197,Trip truth baby treatment hotel health listen,diabetes,video,intermediate,Christopher Alvarado,2025-11-02T12:13:59Z,225,"decide,final,executive,reality,control,personal"
c_001198,Those mission list appear tell,covid19,quiz,intermediate,Crystal Garcia,2025-12-07T00:13:59Z,284,"billion,head"
c_001199,Standard girl result cost marriage,sleep,quiz,beginner,Crystal Wong,2025-05-15T21:13:59Z,811,"various,process,growth"
c_001200,Cell impact away consumer yourself smile,heart_health,article,beginner,Scott Baker,2025-05-04T08:13:59Z,858,"modern,foreign,herself,environment"
c_001201,Democratic company sometimes network,women_health,video,intermediate,Tina Taylor,2025-04-25T01:13:59Z,544,"south,kind,maintain,teach,meeting"
c_001202,Then indicate those several push notice build nature,skin_care,article,advanced,Carl Nunez,2025-03-30T01:13:59Z,600,"loss,successful,especially,another,vote"
c_001203,Evening sit least,men_health,video,beginner,Michael Hansen,2025-04-16T00:13:59Z,758,"team,recognize,discover,couple,debate,do"
c_001204,Future final memory,sleep,video,advanced,David Mccullough,2025-08-02T09:13:59Z,308,"get,analysis"
c_001205,Wait morning,covid19,article,intermediate,Laura Smith,2026-01-21T14:13:59Z,626,"act,north,remain"
c_001206,International with dinner agreement station discover within,men_health,quiz,beginner,Faith Wagner,2025-02-06T15:13:59Z,147,"small,environmental"
c_001207,Eye process music size whether my without official half alone knowledge,nutrition,article,advanced,Nicholas Ramirez,2025-12-05T10:13:59Z,347,"clear,full,memory,speak"
c_001208,Pretty green degree others card prevent forward true,fitness,quiz,beginner,Heather Sullivan,2025-06-13T00:13:59Z,842,"exist,cause,election,put"
c_001209,In give design military around concern and doctor,nutrition,video,intermediate,Eric Mcdowell,2025-07-19T15:13:59Z,711,"performance,team,back,green,remain,look"
c_001210,Although today audience toward mission effect music miss try,skin_care,quiz,intermediate,Alyssa Shaffer,2026-01-11T06:13:59Z,287,"decide,reduce,source"
c_001211,Late interest race weight stock cold,digestive_health,video,advanced,Jenna Sanders,2025-04-18T11:13:59Z,689,"change,stay"
c_001212,Mr recently suffer present benefit member present return he over,sleep,article,intermediate,Joe Lee,2025-12-27T12:13:59Z,517,"city,whom,charge,main"
c_001213,Want physical look before those involve order consider west approach hit rather,digestive_health,quiz,intermediate,Timothy Bush,2025-12-04T21:13:59Z,96,"north,important,product,though"
c_001214,Thousand situation down,diabetes,quiz,advanced,Randy Bishop,2025-03-21T05:13:59Z,854,"pass,beyond,much,stuff,soldier,require"
c_001215,People ok song stock purpose,digestive_health,article,intermediate,Diana Scott,2025-03-12T04:13:59Z,227,"office,else,most,without,bed"
c_001216,Idea your offer the forget win group pass plant wish challenge build lay,digestive_health,video,beginner,Bradley Torres,2025-11-20T07:13:59Z,247,"per,feeling,land,cultural,where"
c_001217,Cost reduce city from billion want,fitness,quiz,intermediate,Vincent Ramos,2025-07-06T00:13:59Z,209,"wear,rise,employee,production,media"
c_001218,Yes specific green enjoy rise summer next letter begin,cold_flu,video,beginner,Anthony Atkinson,2026-01-14T01:13:59Z,794,"research,beat,home"
c_001219,Focus close final something artist when item very,digestive_health,video,intermediate,Kristina Miller,2025-07-18T06:13:59Z,300,"beautiful,only,field,tell,drive"
c_001220,Approach recent simply sell evidence medical reality evidence information again,skin_care,video,intermediate,Alyssa Anderson,2026-01-26T19:13:59Z,482,"it,give"
c_001221,East area tough carry listen about affect,mental_health,article,advanced,Julie Johnson,2025-09-19T14:13:59Z,323,"on,simple,beautiful,final"
c_001222,Experience crime guess lose serve generation,sleep,video,intermediate,Bobby Hernandez,2025-05-26T09:13:59Z,248,"identify,economy,easy,rest"
c_001223,Base sense onto system character note more,skin_care,quiz,beginner,Jonathan Mills PhD,2025-12-26T10:13:59Z,160,"out,today,direction,quite,which,same"
c_001224,Campaign decide either senior future reality,diabetes,video,intermediate,Michael Gonzalez,2025-05-11T11:13:59Z,629,"my,those,daughter,foot,reveal"
c_001225,Side own while nearly only technology fine,skin_care,video,beginner,Ryan Moore,2025-02-25T17:13:59Z,85,"treatment,personal,these,certain,fire,civil"
c_001226,Treat student east ago play we,covid19,video,advanced,Richard Lee,2025-03-15T06:13:59Z,805,"consumer,really,issue,at,improve,well"
c_001227,Watch result she baby no our clear boy wear paper method deep,covid19,video,beginner,Rebecca Galvan,2025-05-31T04:13:59Z,476,"bed,minute"
c_001228,Home public remain reduce old,sleep,article,advanced,Christina Mendoza,2025-03-23T00:13:59Z,364,"wind,themselves"
c_001229,To around box anything,nutrition,video,intermediate,Richard Garcia,2025-08-30T00:13:59Z,353,"hair,run,group,piece,war"
c_001230,Side effect plan whether reflect live better line consumer hour,cold_flu,quiz,advanced,Catherine Fowler,2025-04-13T10:13:59Z,898,"seem,finish,star"
c_001231,News business white physical know sometimes whose president change,sleep,article,intermediate,Terrence Barton,2025-08-27T21:13:59Z,667,"individual,why,room"
c_001232,Rule raise strategy bring cover begin bill entire yet ever,sleep,article,advanced,Dana Patel,2025-08-27T19:13:59Z,341,"somebody,age"
c_001233,Thing everyone everything prevent job member garden could floor,men_health,video,advanced,Kristen Lynch,2025-03-02T19:13:59Z,323,"everyone,discuss,single"
c_001234,Special reach grow attention,men_health,quiz,intermediate,William Garcia,2025-08-11T19:13:59Z,469,"sing,tax,feel,wide"
c_001235,Thought field artist politics,heart_health,article,advanced,Laura Hernandez,2025-09-18T01:13:59Z,380,"ability,west,image"
c_001236,Month former someone generation,stress,video,beginner,Peter Brandt,2025-06-22T09:13:59Z,385,"mother,bag,blue,I,floor"
c_001237,Meet firm,heart_health,video,intermediate,Chelsea Lewis,2025-04-06T04:13:59Z,412,"gas,project,outside,north"
c_001238,Side sure huge,covid19,article,beginner,Daniel Schultz,2025-02-10T11:13:59Z,688,"especially,him,suffer,as,miss"
c_001239,Sense choice remain major boy,nutrition,article,intermediate,Mary Potter,2026-01-30T23:13:59Z,228,"those,hospital,hard"
c_001240,Usually bad election meet energy nor product would remember else,digestive_health,article,advanced,Jessica Bryant,2025-07-13T11:13:59Z,820,"her,however,as,assume"
c_001241,Development play measure,sleep,video,advanced,Ricky Williamson,2025-07-16T14:13:59Z,474,"artist,ask,close,military,politics"
c_001242,Purpose company machine crime effect,skin_care,article,intermediate,Bradley Downs,2025-02-13T14:13:59Z,110,"former,likely,participant,take,near"
c_001243,Beyond could food weight half,nutrition,video,beginner,Jennifer Jones,2025-05-02T03:13:59Z,773,"street,will"
c_001244,Budget enough somebody sit movement environmental partner,fitness,article,beginner,Austin Griffin,2025-09-26T22:13:59Z,234,"we,church,company,rule,common,station"
c_001245,Speech write,men_health,quiz,intermediate,Jonathan Chandler,2025-04-04T18:13:59Z,148,"if,not,phone,huge,professional"
c_001246,Center be represent company development,mental_health,quiz,intermediate,Priscilla Roberts,2025-02-05T12:13:59Z,575,"bad,protect,agree,per"
c_001247,Commercial attorney participant mind,men_health,video,intermediate,Kyle Jenkins,2025-03-18T05:13:59Z,602,"structure,cut,dinner,stage,modern"
c_001248,Indeed story political live hand worker late catch institution,covid19,article,advanced,Joseph Parks,2025-02-21T21:13:59Z,195,"sing,certain,cost,section,although,put"
c_001249,It game affect staff region church let light,covid19,quiz,advanced,Michael Lambert,2025-05-17T14:13:59Z,586,"provide,staff,enjoy,allow,range"
c_001250,My we knowledge beyond,stress,article,beginner,Brian Gomez,2025-04-06T19:13:59Z,82,"put,conference"
c_001251,Skill imagine agreement evening both go,sleep,video,advanced,Casey Butler,2025-04-23T08:13:59Z,499,"training,myself,medical,to,risk,one"
c_001252,Determine say easy future defense,stress,article,beginner,Shannon King,2025-09-29T21:13:59Z,531,"main,until,minute"
c_001253,Wonder knowledge group today few,weight_loss,article,beginner,Matthew Aguilar,2025-05-30T17:13:59Z,249,"a,know,record"
c_001254,Kind happen five,stress,video,advanced,Sydney Edwards,2025-05-04T23:13:59Z,495,"southern,raise,success,reach,customer,five"
c_001255,Relate contain miss land,nutrition,video,beginner,Barbara Mitchell,2025-10-14T23:13:59Z,445,"effort,clear"
c_001256,Final money thus peace appear this,diabetes,article,advanced,Danny Washington,2025-03-07T06:13:59Z,110,"film,always,floor,hotel"
c_001257,Fact parent beautiful recently bag now available,diabetes,quiz,advanced,Austin Haas,2025-05-14T03:13:59Z,174,"notice,cold,trial,weight"
c_001258,Traditional single loss expert television,nutrition,quiz,intermediate,Cody Adams,2025-09-06T17:13:59Z,274,"college,trade,team,my,bring,condition"
c_001259,Two throw crime on throw,skin_care,quiz,advanced,James Sharp,2025-05-11T10:13:59Z,719,"through,wish"
c_001260,Those conference some decide teach local miss present laugh,men_health,article,advanced,Cassandra Abbott,2025-02-22T17:13:59Z,811,"experience,how,fear,condition,over"
c_001261,Nearly onto remember pull government,stress,quiz,advanced,Joshua Graves,2025-08-18T21:13:59Z,899,"affect,plant,manage"
c_001262,Letter still mind maintain them anything,mental_health,video,advanced,Richard Carter,2025-03-11T12:13:59Z,270,"know,too,my"
c_001263,Pay key though woman,skin_care,video,beginner,Thomas Williams,2025-04-21T17:13:59Z,218,"population,of,remain,measure,apply,plan"
c_001264,Everybody occur true third enough past concern such fire fear,cold_flu,quiz,intermediate,John Matthews,2025-07-16T03:13:59Z,750,"ago,choose,risk,lay"
c_001265,Year building hold onto picture reality price quality discuss service,nutrition,video,beginner,Teresa Hernandez,2025-03-22T06:13:59Z,681,"rock,air,about"
c_001266,Machine capital try budget son move life,women_health,quiz,intermediate,Bradley Cook,2025-09-19T18:13:59Z,84,"pick,more,interesting,state"
c_001267,Smile prove difference,fitness,quiz,intermediate,Renee Mathis,2025-10-04T04:13:59Z,815,"someone,term,better"
c_001268,Fall morning manage performance reflect kind maintain have,digestive_health,article,advanced,Tina Jones,2026-01-17T01:13:59Z,891,"indeed,against"
c_001269,End exactly movement economy ever protect article spring site,weight_loss,quiz,advanced,Casey Harris,2025-04-10T21:13:59Z,841,"small,movie,morning,operation,score,fast"
c_001270,Garden establish station blood only,stress,video,beginner,Edwin Harrison,2025-04-28T06:13:59Z,754,"fly,buy,interest"
c_001271,Among tough score it including number card key way,stress,video,intermediate,Donald Miranda,2025-08-17T07:13:59Z,174,"tonight,suddenly"
c_001272,American increase music recently main,nutrition,quiz,intermediate,Casey Day,2025-09-06T22:13:59Z,332,"site,here,man"
c_001273,Mean reason also almost,cold_flu,video,intermediate,Karen Chan,2025-06-01T04:13:59Z,453,"should,country,three"
c_001274,Line project certain no anyone modern far,men_health,article,advanced,Melissa Thompson,2026-01-04T06:13:59Z,894,"result,social,nearly,vote,pattern,guess"
c_001275,Interesting ability see serious skin newspaper chair,diabetes,video,intermediate,David Montoya,2025-12-11T14:13:59Z,183,"full,save,from,none"
c_001276,Bar call about treat work cost,heart_health,quiz,beginner,James Nelson,2025-07-18T08:13:59Z,504,"detail,dark"
c_001277,Focus article nature new,men_health,video,advanced,Glenn Brock,2025-03-28T22:13:59Z,509,"camera,turn"
c_001278,Total game country city doctor woman amount,mental_health,quiz,advanced,Jason Mora,2025-02-18T00:13:59Z,602,"big,example,another,her,rest,sometimes"
c_001279,Other later listen medical way around,nutrition,quiz,beginner,Kendra Vance,2025-11-27T17:13:59Z,68,"prove,instead,money"
c_001280,Culture mother woman indicate management,weight_loss,video,beginner,Daniel Vasquez,2025-06-19T19:13:59Z,809,"close,affect,blood,power,education"
c_001281,Focus their level yourself,heart_health,quiz,advanced,Teresa Fleming,2025-06-14T13:13:59Z,425,"stay,staff,foot,beyond,former,how"
c_001282,Break development,covid19,quiz,beginner,Frank Kelly,2025-03-23T01:13:59Z,134,"cover,conference,consumer,member"
c_001283,Series move mother research establish,men_health,quiz,advanced,Jill Escobar,2026-01-14T03:13:59Z,451,"similar,drop"
c_001284,Then national organization defense occur third heavy guess capital,skin_care,quiz,advanced,Nicholas Steele,2025-07-06T14:13:59Z,800,"room,loss"
c_001285,Black Mrs game,nutrition,article,advanced,Mercedes Moore,2025-06-27T18:13:59Z,765,"among,huge"
c_001286,Southern market hit include soldier free,mental_health,quiz,beginner,Ronald Graves,2025-08-24T16:13:59Z,561,"might,movement,when,spring"
c_001287,Oil water trouble be page oil go long although,fitness,quiz,advanced,Eddie Keith,2025-08-11T04:13:59Z,885,"green,us,force,enough"
c_001288,Hear without better information scientist keep,sleep,article,advanced,Hannah Cooper,2025-04-30T11:13:59Z,301,"effort,movie,kitchen,stock,quality,stuff"
c_001289,Among early scene,diabetes,video,beginner,William Hudson,2025-03-05T16:13:59Z,401,"hour,media,notice,offer,figure"
c_001290,Care art them also general PM ready act organization home so,cold_flu,quiz,beginner,Brian Farrell,2025-03-05T09:13:59Z,235,"look,major,send,commercial"
c_001291,Traditional leave letter up,heart_health,quiz,intermediate,Brandon Fox,2025-03-21T23:13:59Z,116,"director,couple,sense,case,value"
c_001292,Effort individual option measure end who role,weight_loss,quiz,beginner,Caitlin Martinez,2025-08-09T05:13:59Z,369,"go,place,away,board"
c_001293,Reason score last piece less,sleep,quiz,intermediate,Amanda Davis,2025-05-15T01:13:59Z,742,"everyone,interest,before,think,unit"
c_001294,Any mother west hear,fitness,video,intermediate,Devon Sims,2025-04-02T10:13:59Z,330,"story,them"
c_001295,Who particular,nutrition,quiz,advanced,Cheyenne Griffin,2025-09-17T22:13:59Z,197,"most,little,friend"
c_001296,Believe rate international lawyer social next sound,diabetes,quiz,intermediate,Tamara Mullins,2025-08-14T01:13:59Z,331,"as,actually,team,character"
c_001297,Door standard such wonder wrong daughter again year,stress,video,intermediate,Todd Morrow,2025-10-13T08:13:59Z,277,"miss,learn"
c_001298,Why girl cost,skin_care,article,intermediate,Jeffery Alvarez,2025-12-14T22:13:59Z,543,"local,rest,mind,consumer"
c_001299,Nor happy knowledge day since campaign southern,fitness,article,beginner,Kristen Johnson,2025-12-30T09:13:59Z,368,"and,ahead,perform,kind"
c_001300,Relationship forward population somebody hair,digestive_health,video,intermediate,Daniel Bryan,2025-12-11T15:13:59Z,654,"message,wish,his"
c_001301,Check seven show style wear international television network administration cell purpose agreement do,nutrition,article,beginner,John Williams,2025-11-10T02:13:59Z,830,"today,first,course,four,apply,capital"
c_001302,Old add tax region your current,sleep,quiz,intermediate,Samuel Dyer,2025-04-29T20:13:59Z,890,"deep,adult,owner,blue,above,charge"
c_001303,Type drug political only bag together recently president,covid19,video,advanced,Tricia Burnett,2025-11-06T19:13:59Z,590,"station,thought"
c_001304,Culture return,skin_care,article,intermediate,Daniel Thompson,2025-07-17T04:13:59Z,886,"people,yes,treat,summer,learn,rate"
c_001305,Tell kind seat eat tend perhaps save,mental_health,quiz,advanced,Rachel Ford,2025-02-04T13:13:59Z,212,"thought,experience,difficult,Congress,become,do"
c_001306,Serve project between,skin_care,quiz,intermediate,Maria Morrison,2025-06-18T00:13:59Z,892,"figure,region,life,here,discover,director"
c_001307,Much western such stay per civil learn world simply candidate,weight_loss,video,advanced,Elizabeth Williams,2025-07-07T00:13:59Z,288,"environment,show"
c_001308,Baby simply concern chance type guess subject term want,fitness,article,beginner,Erika Scott,2025-06-02T04:13:59Z,125,"industry,back,why"
c_001309,Majority commercial treatment camera respond name stage none wife common large hand,heart_health,article,advanced,Christopher Arellano,2025-07-19T02:13:59Z,344,"stand,bank,wish"
c_001310,Take read second science station,fitness,video,beginner,Lauren Vance,2026-01-24T15:13:59Z,822,"bit,almost,begin,painting,capital"
c_001311,Firm follow across family sell pretty,cold_flu,article,beginner,Sherri Brown,2025-04-17T12:13:59Z,175,"benefit,leave"
c_001312,Discussion nation professional consumer system fire next none without project,nutrition,video,advanced,Eddie Daniel,2025-10-28T13:13:59Z,558,"good,pretty"
c_001313,South quickly able ready administration assume,fitness,video,intermediate,Morgan Compton,2025-09-08T02:13:59Z,149,"skill,day"
c_001314,Lot camera get image place send throughout brother hot,cold_flu,video,advanced,Jeffrey Cruz,2025-07-06T12:13:59Z,291,"per,across,leader"
c_001315,House her including bit,nutrition,video,intermediate,Joseph Wilson,2025-07-19T13:13:59Z,136,"in,sense,member,sound,sing"
c_001316,First return view might I out,mental_health,quiz,beginner,Jennifer Lewis,2025-09-23T02:13:59Z,750,"soldier,someone,single,music,onto,both"
c_001317,Energy local their mean skin it director box cover,fitness,video,beginner,Jason Hogan,2025-12-02T15:13:59Z,482,"compare,stay,miss,sport,right"
c_001318,Act finally real ask position fund nor seem her travel today,weight_loss,video,advanced,Richard Compton,2025-10-01T22:13:59Z,105,"treat,sport,station,police"
c_001319,Yourself message parent until cell ready,fitness,quiz,beginner,Joseph Gonzalez,2026-01-30T07:13:59Z,722,"pick,set,less,figure,skin"
c_001320,Reveal poor account child rule enter major letter course,heart_health,article,intermediate,Melinda Kelley,2025-04-20T02:13:59Z,456,"or,probably,national,number,economic,remain"
c_001321,Service rock seem carry few join water,women_health,article,beginner,Louis Baker,2026-01-25T00:13:59Z,444,"whose,mouth"
c_001322,Western culture glass specific customer,sleep,video,advanced,Crystal Arellano,2025-06-18T14:13:59Z,153,"state,similar,side"
c_001323,Born relate big foot idea major so nothing deep pass together three,women_health,video,advanced,Michael Smith,2026-01-09T16:13:59Z,582,"responsibility,red,man"
c_001324,Recognize war develop Mr security federal change wall,heart_health,article,beginner,Corey Dixon,2025-10-21T06:13:59Z,663,"watch,report,ten,six,vote"
c_001325,How clear,digestive_health,quiz,beginner,Jordan Evans,2025-09-02T19:13:59Z,869,"serious,artist"
c_001326,During during above alone five husband,mental_health,quiz,intermediate,Brian Ashley,2025-06-04T19:13:59Z,245,"which,easy,learn,fund,chance"
c_001327,College pattern quality,nutrition,video,beginner,Michael Moore,2025-08-24T08:13:59Z,713,"window,good,indicate,morning"
c_001328,Country government meet,digestive_health,article,advanced,Thomas Wyatt,2026-01-19T16:13:59Z,639,"not,sure,fund,option,hot,business"
c_001329,Effort here brother personal sport,mental_health,quiz,intermediate,Lisa Gray,2025-05-15T21:13:59Z,395,"product,food,office"
c_001330,Teacher your participant describe common check,weight_loss,video,advanced,Danielle Ortiz,2025-12-30T19:13:59Z,284,"standard,radio,wife,over"
c_001331,Sound Democrat reduce attention arm language prove wide,cold_flu,video,intermediate,Brittany Wells,2025-08-20T09:13:59Z,766,"ready,surface,education,defense,adult"
c_001332,Teach idea this low whole single,heart_health,article,beginner,Kenneth Juarez,2025-07-23T09:13:59Z,581,"might,black"
c_001333,Its enjoy green along free difference,fitness,quiz,advanced,Gordon Taylor,2025-02-11T16:13:59Z,725,"kitchen,century"
c_001334,Organization appear a Mr anyone role capital once,digestive_health,article,intermediate,Tiffany Powers,2025-06-15T00:13:59Z,446,"we,in"
c_001335,Term yeah available maintain success agency want control decision process,stress,article,advanced,Allison Simmons,2025-04-13T05:13:59Z,229,"learn,speech,left,civil,and"
c_001336,Church meeting tell specific with government history require,weight_loss,video,beginner,Oscar Rojas,2025-06-13T23:13:59Z,403,"buy,a"
c_001337,Guy practice purpose organization trouble believe school drop local not,digestive_health,quiz,beginner,Robert Farley,2025-09-15T09:13:59Z,720,"radio,agree,hotel"
c_001338,Standard draw tonight bring list late,women_health,video,beginner,Ana Higgins,2025-12-18T05:13:59Z,245,"many,like,plant,north,movement"
c_001339,Discover reveal accept street gas loss majority,skin_care,video,beginner,Rachel Grant,2025-03-24T10:13:59Z,851,"actually,staff,spring,fill,drop"
c_001340,Contain responsibility defense particularly authority any little assume,diabetes,video,advanced,Jennifer Haney,2025-08-13T03:13:59Z,448,"think,mission,leg"
c_001341,Marriage could relate maybe detail news,covid19,article,advanced,Michael Guerra,2025-09-09T20:13:59Z,148,"pull,need,middle,chance"
c_001342,Be he important gun minute,cold_flu,article,intermediate,Tara Sampson,2025-09-25T20:13:59Z,81,"page,nice,month,should,ten"
c_001343,Thousand east Congress simple house other who last,women_health,video,intermediate,Denise White,2025-07-29T20:13:59Z,814,"member,worker,concern,eye,paper"
c_001344,Baby deep however security our employee their fly where it,nutrition,quiz,intermediate,Joyce Frazier,2025-02-21T01:13:59Z,766,"structure,learn,doctor"
c_001345,Stock likely international do go sometimes force consumer,men_health,article,intermediate,William Smith,2025-05-20T20:13:59Z,575,"myself,situation"
c_001346,Surface relationship,digestive_health,article,advanced,Courtney Larsen,2025-09-02T15:13:59Z,536,"street,more,race,statement"
c_001347,Much within range herself,women_health,quiz,advanced,Steven Johnson,2025-02-07T19:13:59Z,538,"process,final,discover,employee"
c_001348,Dog particularly which morning admit very general indicate billion,fitness,video,intermediate,Natalie Meyer,2025-10-24T17:13:59Z,144,"address,hot,long,true,wear"
c_001349,Plant little score music mean animal,skin_care,article,beginner,Sara Madden,2025-03-24T06:13:59Z,391,"dinner,lead,drug,for,decision"
c_001350,Garden PM type our several join physical phone detail call,skin_care,quiz,beginner,Sherri Simmons,2025-07-30T03:13:59Z,623,"those,list"
c_001351,Tough religious protect security mention,women_health,video,intermediate,Rachel Proctor,2025-10-31T17:13:59Z,578,"market,education,actually"
c_001352,From culture agreement design suggest debate four laugh stock,mental_health,video,advanced,Russell Smith,2025-07-05T09:13:59Z,156,"report,keep,human,different,opportunity"
c_001353,Inside law win adult admit true already also,stress,article,beginner,Mary Bridges,2025-04-27T03:13:59Z,446,"hope,one,ask,his,painting"
c_001354,Audience source lawyer laugh sea station feeling listen course Republican popular,heart_health,video,beginner,Garrett Roth,2025-04-07T17:13:59Z,898,"she,yard,summer"
c_001355,When else health night significant trouble bar in,mental_health,quiz,intermediate,Grant King,2025-02-17T11:13:59Z,692,"heart,develop,people,peace"
c_001356,Various institution threat too top move with painting,cold_flu,video,intermediate,Jeff Alexander,2025-10-06T23:13:59Z,898,"moment,foot,finish,democratic,write"
c_001357,Reduce trouble radio goal win look different shoulder,women_health,video,intermediate,Melanie Clarke,2025-05-21T17:13:59Z,508,"use,such,doctor,middle,right,clearly"
c_001358,Figure eight media,sleep,quiz,beginner,Vincent Reynolds,2026-01-22T22:13:59Z,414,"western,hit,news"
c_001359,At challenge,men_health,quiz,intermediate,Kenneth Fields,2025-11-08T07:13:59Z,160,"my,high"
c_001360,Common someone ago rich present,men_health,quiz,beginner,Brian Wade,2025-11-07T18:13:59Z,571,"part,enter"
c_001361,Member special peace short expert almost friend choice week class so art,nutrition,quiz,intermediate,Victoria Campbell,2025-05-28T04:13:59Z,184,"see,organization,green"
c_001362,Arrive just position,nutrition,quiz,advanced,Teresa Middleton,2025-09-16T17:13:59Z,63,"ever,table,drive,yeah,teacher"
c_001363,Part media let tough help star see civil,women_health,article,beginner,Erik Bates,2026-01-04T14:13:59Z,704,"your,form,himself"
c_001364,Should attack attack half hour hotel,mental_health,video,intermediate,Nancy Roberts,2025-08-22T21:13:59Z,502,"direction,future,human,activity,establish"
c_001365,Mind relate support three pressure information keep control,nutrition,video,intermediate,Elizabeth Stone,2025-04-16T18:13:59Z,457,"list,who"
c_001366,Voice hair management worry,fitness,article,intermediate,Angela Fernandez,2025-04-08T07:13:59Z,673,"song,sell,government,six,bar"
c_001367,Quite quite apply,cold_flu,quiz,intermediate,Michele Brooks,2025-09-04T23:13:59Z,589,"night,look,but,rule"
c_001368,Experience first lawyer meeting government police,skin_care,video,beginner,Samuel Williamson,2025-10-31T06:13:59Z,847,"country,need"
c_001369,Newspaper can by accept party,stress,article,intermediate,Amy Thomas,2025-03-15T03:13:59Z,108,"participant,religious,medical"
c_001370,Many cause report part sit memory,stress,article,advanced,Dr. Melissa Lam MD,2025-04-03T01:13:59Z,703,"political,much,show,treatment"
c_001371,Learn business employee government,heart_health,quiz,beginner,Michael Reeves,2025-03-01T03:13:59Z,119,"generation,project,less,public"
c_001372,Store both or rather also campaign,diabetes,article,beginner,Alexander Perkins,2026-01-23T03:13:59Z,332,"cut,size,common"
c_001373,Physical campaign discussion produce,diabetes,video,intermediate,Kevin Moore,2025-07-10T23:13:59Z,842,"food,art"
c_001374,Through few gas building minute strong,women_health,quiz,beginner,Amy Gregory,2025-12-25T02:13:59Z,414,"very,study,poor"
c_001375,Bill respond kind recent open,cold_flu,article,intermediate,David Porter,2025-11-01T02:13:59Z,345,"always,draw,there,budget"
c_001376,Message sell international similar trouble discuss former guy others budget,women_health,article,advanced,Maxwell Jones,2025-08-13T22:13:59Z,347,"year,because,garden,situation,himself,social"
c_001377,Account example main drive clear,covid19,quiz,intermediate,Jessica Parker,2025-12-29T01:13:59Z,607,"local,rise,yourself,hair"
c_001378,Alone career authority music remain miss present resource common,weight_loss,article,intermediate,James Williams,2025-07-13T12:13:59Z,515,"accept,get,help"
c_001379,Every degree add today little sense study language,skin_care,article,beginner,Maria Williams,2025-05-26T07:13:59Z,445,"start,role,they,effort,bring"
c_001380,Allow part fire window member point conference,digestive_health,quiz,advanced,Kathleen Bautista,2026-01-30T23:13:59Z,899,"daughter,summer,feel,general,wait,strategy"
c_001381,Conference vote and compare quality,women_health,video,intermediate,Heather Ali,2025-06-05T09:13:59Z,617,"star,party"
c_001382,These lead decade present professional writer,women_health,video,beginner,Barbara Mcintyre,2025-08-16T15:13:59Z,78,"feeling,foreign"
c_001383,Suffer lay ever,men_health,article,beginner,Brandon Perez,2026-01-22T23:13:59Z,138,"option,certainly,turn,what"
c_001384,Company how edge decision town hair,diabetes,article,advanced,Jennifer Crane,2025-06-17T22:13:59Z,335,"send,myself,four,former,magazine,two"
c_001385,Investment hour out military administration,stress,quiz,advanced,Sherri Rodriguez,2026-01-09T23:13:59Z,755,"firm,away"
c_001386,Effort citizen assume early loss to still never smile civil south,men_health,article,advanced,Christopher Melton,2025-02-26T14:13:59Z,542,"health,test,suffer,kind"
c_001387,Civil statement culture,women_health,video,advanced,Catherine Huffman,2025-08-22T21:13:59Z,748,"different,matter"
c_001388,Pass science generation evidence partner step,diabetes,video,advanced,Kimberly Collins,2025-08-26T04:13:59Z,690,"tough,than,drive,star,amount,measure"
c_001389,Arrive table police,heart_health,video,intermediate,Christina Weber,2025-04-02T09:13:59Z,207,"significant,federal,above"
c_001390,Floor data thousand worry company poor thing,diabetes,video,intermediate,Patrick Shelton,2025-05-16T05:13:59Z,143,"man,ground,event"
c_001391,Suffer yes will expect two note,women_health,quiz,beginner,Tony Arnold,2025-11-05T19:13:59Z,360,"drive,some,near,stand"
c_001392,Radio both bar PM list can everything prepare economy my situation wide,digestive_health,quiz,intermediate,Nicole Chandler,2025-02-03T18:13:59Z,200,"including,despite,house,test,never"
c_001393,Miss small case your author,fitness,video,intermediate,William Murray Jr.,2026-01-17T20:13:59Z,333,"three,book,avoid,source"
c_001394,Student music produce whole participant,mental_health,quiz,beginner,Mark English,2025-07-23T02:13:59Z,822,"government,against,girl,wear"
c_001395,Foot film history open north,men_health,quiz,advanced,Cody Smith,2025-08-31T17:13:59Z,694,"structure,require,notice,total"
c_001396,Eye plant long approach toward new parent side will,covid19,quiz,advanced,Deanna Taylor,2025-05-22T15:13:59Z,111,"local,son,or,Democrat,garden,get"
c_001397,Event card tough be,skin_care,video,beginner,Michael Ellis,2026-01-29T23:13:59Z,782,"example,decide,moment,today,effort,decision"
c_001398,Three a national,diabetes,article,intermediate,Austin Russo,2025-10-24T22:13:59Z,449,"establish,apply,movement,new,think,art"
c_001399,When someone him value watch,covid19,quiz,advanced,Arthur Becker,2025-04-26T13:13:59Z,318,"real,go,Democrat"
c_001400,Environment network cost manager,stress,video,intermediate,Brandi Osborne,2025-06-12T13:13:59Z,109,"place,want,rise"
c_001401,Almost last perhaps size campaign,men_health,article,beginner,Richard Kramer,2025-09-25T17:13:59Z,509,"your,son,behind"
c_001402,Stuff through training through,sleep,quiz,intermediate,Jennifer Mclaughlin,2025-05-21T17:13:59Z,818,"system,form,will,space,road"
c_001403,Test they in spring,digestive_health,video,advanced,Aaron Brown,2025-02-23T03:13:59Z,688,"car,put,board"
c_001404,Direction wear quite sister price wish mean night sort,skin_care,video,intermediate,Sean Garcia,2025-09-08T16:13:59Z,158,"fine,enjoy,source,a,play"
c_001405,Key seem remember discover name that stock interview,heart_health,article,beginner,Max Brooks,2025-10-30T01:13:59Z,296,"town,other,article"
c_001406,Again today body,women_health,video,beginner,Joshua West,2025-11-06T17:13:59Z,158,"money,decision,partner,show"
c_001407,Page sing for someone office police personal value,weight_loss,quiz,intermediate,Thomas Williams,2025-04-21T11:13:59Z,182,"another,lead,represent,for,among,million"
c_001408,Everybody look friend day event I,mental_health,video,intermediate,Jeremy Bell,2025-07-22T06:13:59Z,796,"move,store,term"
c_001409,Situation type energy assume agent church center everyone finish clearly,digestive_health,article,advanced,Haley Jones,2026-01-04T07:13:59Z,488,"resource,whether,every,walk,federal,have"
c_001410,Management free win story each,digestive_health,video,intermediate,Karla Cooley,2025-03-12T12:13:59Z,67,"include,commercial,blue"
c_001411,Believe sort daughter agree guess specific gas,nutrition,article,advanced,Michael Sandoval,2025-09-28T22:13:59Z,369,"raise,campaign,stock"
c_001412,With administration push ability lead manage decide,stress,article,intermediate,Derek Clark,2025-12-26T19:13:59Z,152,"sign,appear,without,enough,involve,nice"
c_001413,Until over style attack produce and physical,nutrition,quiz,beginner,Nathan Hall,2025-09-25T19:13:59Z,318,"which,war"
c_001414,Soon campaign statement woman five chance,stress,video,beginner,Sarah Weaver,2025-11-25T06:13:59Z,803,"small,significant,purpose,fill,respond,recognize"
c_001415,Treatment receive improve concern able international even heavy company,cold_flu,quiz,intermediate,Kimberly Schmidt,2025-06-18T20:13:59Z,160,"drug,offer"
c_001416,Herself much instead sure media blood Mrs,heart_health,article,beginner,Jonathon Reyes,2025-12-24T21:13:59Z,655,"so,PM,after,mention"
c_001417,Issue go blood trouble identify east,sleep,video,advanced,Samantha Silva,2025-09-10T18:13:59Z,787,"laugh,send,more,parent,bar,her"
c_001418,Now trial home successful reach because already,fitness,quiz,advanced,Kari Walker,2025-12-13T23:13:59Z,844,"man,think,bed,fact,what"
c_001419,Toward understand people because store buy,stress,video,beginner,Alexander Weaver,2025-03-22T10:13:59Z,315,"medical,none,inside"
c_001420,Need available ground special since expect level everyone,diabetes,article,beginner,Sara Sanchez,2025-10-02T03:13:59Z,709,"within,measure,simple"
c_001421,East people box blue minute,nutrition,article,intermediate,Adam Nguyen,2025-05-19T13:13:59Z,877,"level,event"
c_001422,Himself sometimes environment bit,fitness,article,advanced,Jacob Lee,2025-07-06T03:13:59Z,414,"success,during"
c_001423,Of itself song news,digestive_health,quiz,intermediate,Angela Clarke DDS,2025-04-03T23:13:59Z,337,"perhaps,practice,mission,senior"
c_001424,Knowledge wind management small old great,heart_health,video,advanced,Curtis Conrad,2025-11-04T09:13:59Z,883,"Mr,billion,assume"
c_001425,Wish TV movie cultural hope structure at statement,heart_health,article,beginner,Timothy Aguirre,2025-08-09T06:13:59Z,506,"and,fight,story"
c_001426,Appear maintain traditional where vote reflect,fitness,video,intermediate,Emily Johnson,2025-12-20T02:13:59Z,271,"station,who,important,eight,foot"
c_001427,Choose government if too until,men_health,article,beginner,Brian Rosario,2025-06-21T11:13:59Z,559,"position,join,simple"
c_001428,Guy west notice,heart_health,article,intermediate,Darren Elliott,2025-07-24T05:13:59Z,731,"most,buy,himself,different,white,fill"
c_001429,Green serve page follow thing show form also phone to cause many attorney,nutrition,quiz,intermediate,Corey Snyder,2025-03-25T22:13:59Z,578,"student,always,education,if"
c_001430,Project TV girl drug performance but while,digestive_health,video,intermediate,Dr. Victoria Rivas,2025-10-10T11:13:59Z,172,"head,shoulder,sense,similar,main"
c_001431,Economy traditional main under,sleep,quiz,beginner,Donna Jenkins,2025-06-27T14:13:59Z,240,"work,seem"
c_001432,Network show will pick suggest up poor government,fitness,video,advanced,Erika Adams,2025-07-29T08:13:59Z,508,"agency,player,step"
c_001433,Rest another particularly however small early,fitness,video,beginner,Alexis Riley,2025-02-05T01:13:59Z,619,"entire,race,design,building,place,night"
c_001434,Fire thank ask certainly,cold_flu,article,beginner,Emily Shannon,2025-09-28T05:13:59Z,711,"industry,threat,law,interesting,down"
c_001435,Another into your around dark standard middle usually live,fitness,article,advanced,Linda Lynch,2026-01-11T10:13:59Z,67,"on,research,final,bag,public"
c_001436,Modern kitchen cold,diabetes,video,advanced,John Crawford,2025-12-08T08:13:59Z,100,"among,decide"
c_001437,I own common design common question investment,fitness,article,advanced,Lisa Gomez,2025-03-27T05:13:59Z,818,"up,bit,avoid"
c_001438,Boy man factor whose road if building,covid19,video,advanced,Michael Wilson,2025-12-21T06:13:59Z,169,"money,finally,he,mission,raise,ability"
c_001439,Growth big sport,heart_health,video,beginner,Brenda Diaz,2025-09-20T22:13:59Z,118,"maybe,team,bag,size,customer,half"
c_001440,After game fill after we feeling think energy,men_health,video,advanced,Paul Fernandez,2025-07-08T13:13:59Z,754,"beyond,born,Mrs,instead,church"
c_001441,Recognize impact soon,sleep,quiz,beginner,Douglas Rodriguez,2025-12-21T04:13:59Z,586,"property,capital,reach,employee"
c_001442,Traditional action forget by feel,sleep,quiz,intermediate,Mrs. Teresa Phillips,2025-12-26T04:13:59Z,202,"let,buy"
c_001443,Miss ready interest week,skin_care,video,intermediate,Frank Jackson,2025-12-24T18:13:59Z,436,"power,current,blood,Mrs"
c_001444,Whose who result free song series,skin_care,video,beginner,Mark Nelson,2025-12-27T05:13:59Z,535,"Mr,commercial,plant,action"
c_001445,Suffer watch strategy unit trouble,covid19,quiz,beginner,David Hall,2025-02-07T00:13:59Z,701,"will,born,reason,begin,answer"
c_001446,Effort especially everybody pass,heart_health,video,intermediate,Micheal Holloway,2025-12-04T14:13:59Z,900,"whether,above,fly,fact,important"
c_001447,Worker hold thought break can like personal,mental_health,quiz,intermediate,Deborah Erickson DVM,2025-11-27T09:13:59Z,716,"ready,picture,eat"
c_001448,They day capital method simply finish admit might create center prove,diabetes,video,intermediate,Stephen Blake,2025-05-18T16:13:59Z,542,"record,trade,challenge"
c_001449,Bed traditional side interview throughout so,covid19,video,beginner,Donald Todd,2025-06-18T08:13:59Z,803,"management,easy,represent"
c_001450,Majority leader rock five,stress,video,beginner,Michele Myers,2026-01-05T09:13:59Z,68,"resource,force"
c_001451,Low him style Mr mission approach,men_health,video,beginner,Patricia Bowers,2025-02-09T04:13:59Z,61,"their,response,political,serious,unit"
c_001452,Tough listen short movie hour usually lose air,fitness,quiz,beginner,Scott Ewing,2025-07-20T18:13:59Z,173,"girl,phone,theory,story,successful"
c_001453,Me agree trip threat break writer hot say heavy decide he stay head,men_health,article,advanced,Bryan Smith,2025-12-31T06:13:59Z,248,"question,somebody,leg,maintain,deep,finally"
c_001454,Paper almost behind respond war strong,women_health,article,advanced,Anita Bailey,2025-05-20T16:13:59Z,413,"money,able"
c_001455,Team network red their top somebody because series size phone,heart_health,video,beginner,Matthew Norton,2025-05-15T12:13:59Z,170,"any,start"
c_001456,Campaign grow beyond million first effort challenge drop deep maintain,nutrition,quiz,beginner,Jennifer Buck,2026-01-25T06:13:59Z,863,"fear,water,partner,face"
c_001457,Culture picture property,weight_loss,video,intermediate,Daniel Clark,2025-11-25T17:13:59Z,433,"all,glass,vote"
c_001458,Affect them letter day produce including race night senior,weight_loss,quiz,advanced,Sarah Black,2025-03-21T21:13:59Z,405,"attack,often,science,culture"
c_001459,Page trade decision office discover,diabetes,article,beginner,Paul Jackson,2025-05-27T05:13:59Z,810,"everything,wait,produce,operation"
c_001460,Admit law manage one party past east same moment do,digestive_health,video,beginner,Patrick Smith,2025-04-05T01:13:59Z,488,"for,we,within"
c_001461,Respond range arrive wind feeling even new minute election finish range,stress,quiz,intermediate,Matthew Davis,2025-05-08T15:13:59Z,416,"least,visit"
c_001462,Democratic analysis second involve hotel executive government long gun perform environmental,digestive_health,video,intermediate,John Oneal,2025-06-10T08:13:59Z,840,"fear,participant,various,do,control,effort"
c_001463,Style reach opportunity hundred,women_health,article,intermediate,Tracy Martinez,2025-12-09T13:13:59Z,345,"capital,meeting,claim,stop,four,trial"
c_001464,Author other example common both international nice organization her project best,sleep,video,beginner,Collin Blair,2025-07-13T07:13:59Z,679,"chair,see,country,serve,second"
c_001465,Mention exist although,nutrition,article,beginner,Jose Townsend,2025-03-14T23:13:59Z,836,"meeting,sound"
c_001466,Dark lot but computer thought enough benefit quite TV,women_health,quiz,intermediate,Kevin Sparks,2025-04-24T14:13:59Z,133,"future,central"
c_001467,Fly week top about perform war,women_health,video,beginner,Monica Warren MD,2025-05-02T23:13:59Z,538,"with,accept,their,clear,trial,lawyer"
c_001468,Rich sing business throughout weight,sleep,article,intermediate,Dr. Kelly Lara,2025-11-17T11:13:59Z,630,"more,country,which,yourself,radio,environment"
c_001469,East whose read food part night continue,women_health,article,beginner,James Burnett,2025-03-01T08:13:59Z,101,"TV,long,as,me,their,exist"
c_001470,We difficult science nature show fund network,heart_health,article,intermediate,Dakota White,2026-01-24T21:13:59Z,446,"range,both,the,stop"
c_001471,Later doctor pattern program author,diabetes,video,beginner,Stephen Reyes,2025-02-05T12:13:59Z,85,"then,happen,born,response,behavior,exactly"
c_001472,Piece rule goal radio think some read exist,sleep,article,advanced,Daniel Obrien,2025-08-13T19:13:59Z,751,"summer,life,pick,deal,new,represent"
c_001473,Improve rule,weight_loss,video,beginner,Ashley Lambert,2025-04-05T23:13:59Z,84,"wish,who,wear,street,market,can"
c_001474,Figure series wide expert establish future realize cost three,nutrition,video,beginner,Megan Romero,2025-09-29T08:13:59Z,776,"a,million,responsibility,reach,knowledge,career"
c_001475,Reflect street past page camera box employee,sleep,video,beginner,Jonathon Jones,2026-02-01T17:13:59Z,449,"citizen,front,recent,film,option"
c_001476,Red natural budget you use,cold_flu,article,advanced,Amanda Cole,2025-04-16T17:13:59Z,673,"action,listen,wife"
c_001477,Know available reason force fact,stress,article,intermediate,Brittany Macdonald,2025-06-03T13:13:59Z,699,"whether,realize,lawyer,level,animal,box"
c_001478,In summer three majority situation important section thing seat season,digestive_health,video,beginner,Rebecca Padilla,2025-11-10T10:13:59Z,193,"our,particularly,middle,unit,coach"
c_001479,Section mean note with past million,skin_care,quiz,beginner,Adrian Henson,2025-11-16T02:13:59Z,419,"fund,enjoy,my"
c_001480,Entire wish religious since information my,fitness,article,beginner,Abigail Miller,2025-12-28T05:13:59Z,309,"hold,night,foot"
c_001481,Across determine draw realize reveal share see development social same something everyone,weight_loss,video,intermediate,Michelle Davis,2025-09-06T13:13:59Z,729,"land,town,trade,cold,what,central"
c_001482,Another resource add fine agency surface quite meeting,cold_flu,video,beginner,Amanda Jackson,2026-01-22T05:13:59Z,70,"rise,night,official,book,left,agent"
c_001483,College show per door drive improve everyone themselves record,diabetes,video,intermediate,Tara Griffith,2025-11-27T21:13:59Z,827,"protect,few,whose,level"
c_001484,Recent her majority song want,women_health,quiz,beginner,Marcus Sparks,2025-11-18T03:13:59Z,339,"because,subject,but"
c_001485,Benefit they finish perhaps smile thus direction although drug child,skin_care,article,beginner,Sara Burgess,2025-12-17T15:13:59Z,666,"look,right,case,create"
c_001486,Hard hospital everyone score season,heart_health,quiz,beginner,James Baker,2025-10-24T19:13:59Z,133,"thought,major"
c_001487,Item product city campaign above market cover cold time fact soon chance,cold_flu,quiz,beginner,Grant Phillips,2025-10-30T06:13:59Z,171,"moment,set"
c_001488,Everybody mention meet,heart_health,article,advanced,Ruth Peterson,2025-09-19T03:13:59Z,412,"concern,others,change,appear,should"
c_001489,Wall country single discussion win similar issue experience adult firm,mental_health,quiz,beginner,Melissa Mills,2025-07-23T10:13:59Z,308,"get,president,energy,early,society,himself"
c_001490,Goal what own performance during,diabetes,video,beginner,Angela Gray,2025-10-04T13:13:59Z,654,"image,song,almost,not"
c_001491,These expert young also human suffer what direction,fitness,article,beginner,Pamela Hebert,2025-08-09T16:13:59Z,894,"capital,white,protect"
c_001492,Front court against commercial point although tonight,sleep,article,advanced,Robert Jackson,2025-06-03T19:13:59Z,441,"network,list,both,happen,because"
c_001493,Conference teacher behavior prepare technology,skin_care,article,intermediate,Jessica Carroll,2025-11-14T11:13:59Z,881,"me,mother,live,happy"
c_001494,Economy piece present bank Mr yes board,sleep,article,advanced,Mrs. Katelyn Davis,2025-02-14T23:13:59Z,878,"its,buy"
c_001495,Almost need fear approach suggest administration recently,diabetes,article,beginner,Emily Leon,2026-02-01T16:13:59Z,784,"senior,forward,movement,marriage,part,country"
c_001496,Design improve back role camera,skin_care,article,advanced,Michael Coffey,2025-04-12T12:13:59Z,812,"tough,success"
c_001497,Catch kind team store debate seem nature,digestive_health,quiz,advanced,Veronica Robles,2025-02-02T01:13:59Z,629,"fast,card,production,recently"
c_001498,Moment play number near consider see yes,diabetes,article,beginner,Sandy Sellers,2025-08-02T06:13:59Z,200,"blood,despite,population,kitchen,sing,group"
c_001499,Financial usually expert son several himself dinner information teacher throughout mention least go,women_health,article,advanced,Ashley Rowland,2026-01-11T07:13:59Z,630,"marriage,study,exactly,style"
c_001500,Challenge church age drop state group,mental_health,article,beginner,Bruce Mercado,2025-09-13T02:13:59Z,611,"move,prevent"
