mkt_event_id,event_ts,user_id,channel,campaign_id,event_type
m_000000001,2026-02-01T17:28:16Z,u_004407,sms,heart_health_month,delivered
m_000000002,2026-01-29T01:43:01Z,u_003825,sms,weight_loss_series,delivered
m_000000003,2026-02-02T05:40:34Z,u_004016,email,weight_loss_series,unsubscribed
m_000000004,2026-02-02T16:21:55Z,u_001947,push,weekly_digest,delivered
m_000000005,2026-01-30T14:57:45Z,u_000470,push,weight_loss_series,opened
m_000000006,2026-01-30T21:10:00Z,u_000519,sms,weight_loss_series,sent
m_000000007,2026-02-01T05:08:28Z,u_002922,push,heart_health_month,delivered
m_000000008,2026-01-27T03:16:22Z,u_002403,email,new_content_alert,sent
m_000000009,2026-01-31T17:28:26Z,u_001897,sms,stress_relief_program,sent
m_000000010,2026-01-30T10:33:36Z,u_004333,sms,sleep_challenge,sent
m_000000011,2026-01-27T21:12:09Z,u_004794,email,weekly_digest,sent
m_000000012,2026-01-28T14:10:14Z,u_004624,sms,heart_health_month,sent
m_000000013,2026-02-01T18:49:59Z,u_003441,sms,stress_relief_program,delivered
m_000000014,2026-01-31T01:08:44Z,u_003029,sms,sleep_challenge,clicked
m_000000015,2026-02-02T19:12:10Z,u_001776,push,stress_relief_program,opened
m_000000016,2026-02-01T15:01:34Z,u_001029,push,weight_loss_series,sent
m_000000017,2026-01-30T00:57:56Z,u_004164,push,weight_loss_series,sent
m_000000018,2026-01-28T16:42:08Z,u_001916,push,new_content_alert,delivered
m_000000019,2026-01-27T19:19:27Z,u_000161,email,sleep_challenge,clicked
m_000000020,2026-01-31T06:40:08Z,u_000735,email,weight_loss_series,sent
m_000000021,2026-01-27T23:40:11Z,u_000671,email,sleep_challenge,sent
m_000000022,2026-01-30T05:21:26Z,u_004066,sms,heart_health_month,sent
m_000000023,2026-01-30T12:46:23Z,u_004313,email,new_content_alert,clicked
m_000000024,2026-01-28T01:29:42Z,u_001980,email,weight_loss_series,sent
m_000000025,2026-01-27T15:26:06Z,u_002231,sms,weight_loss_series,delivered
m_000000026,2026-01-26T22:03:14Z,u_002166,email,heart_health_month,opened
m_000000027,2026-01-27T17:36:30Z,u_003658,sms,weekly_digest,sent
m_000000028,2026-01-29T06:10:20Z,u_000286,sms,new_content_alert,sent
m_000000029,2026-01-28T14:01:27Z,u_002501,sms,sleep_challenge,sent
m_000000030,2026-01-27T16:13:25Z,u_004690,email,weight_loss_series,opened
m_000000031,2026-01-27T12:42:03Z,u_000429,sms,heart_health_month,delivered
m_000000032,2026-01-28T11:58:02Z,u_004310,sms,weekly_digest,sent
m_000000033,2026-01-30T01:13:58Z,u_003864,push,sleep_challenge,sent
m_000000034,2026-01-30T03:43:19Z,u_003514,sms,weight_loss_series,delivered
m_000000035,2026-01-28T06:51:42Z,u_004476,sms,weight_loss_series,sent
m_000000036,2026-01-29T10:04:37Z,u_000117,email,stress_relief_program,sent
m_000000037,2026-01-27T22:16:35Z,u_003666,sms,heart_health_month,opened
m_000000038,2026-02-01T00:01:41Z,u_001006,push,weight_loss_series,sent
m_000000039,2026-01-30T08:28:22Z,u_000372,email,sleep_challenge,sent
m_000000040,2026-01-27T19:27:14Z,u_001015,email,new_content_alert,sent
m_000000041,2026-01-30T10:25:03Z,u_002829,email,heart_health_month,delivered
m_000000042,2026-01-28T05:51:50Z,u_002727,sms,weekly_digest,delivered
m_000000043,2026-01-29T22:25:50Z,u_002632,email,sleep_challenge,sent
m_000000044,2026-02-02T03:01:42Z,u_000139,email,new_content_alert,delivered
m_000000045,2026-01-31T22:56:16Z,u_003001,email,new_content_alert,sent
m_000000046,2026-01-27T08:38:45Z,u_001005,push,new_content_alert,clicked
m_000000047,2026-01-31T23:29:54Z,u_001325,email,weight_loss_series,sent
m_000000048,2026-01-28T22:41:29Z,u_004876,push,heart_health_month,sent
m_000000049,2026-01-30T17:45:08Z,u_000807,email,stress_relief_program,sent
m_000000050,2026-01-29T04:42:57Z,u_003613,push,heart_health_month,opened
m_000000051,2026-02-02T11:55:33Z,u_002046,sms,sleep_challenge,opened
m_000000052,2026-01-31T06:11:04Z,u_004561,sms,stress_relief_program,sent
m_000000053,2026-01-29T03:52:34Z,u_004245,sms,stress_relief_program,delivered
m_000000054,2026-01-27T18:41:45Z,u_003723,email,weekly_digest,opened
m_000000055,2026-02-01T17:15:53Z,u_003321,push,weight_loss_series,sent
m_000000056,2026-01-31T04:46:30Z,u_003188,push,weight_loss_series,sent
m_000000057,2026-01-28T08:42:56Z,u_001135,push,weekly_digest,delivered
m_000000058,2026-01-27T20:08:27Z,u_003631,email,stress_relief_program,opened
m_000000059,2026-02-01T20:37:15Z,u_000564,push,heart_health_month,sent
m_000000060,2026-01-31T06:31:21Z,u_002044,sms,weekly_digest,sent
m_000000061,2026-02-02T14:20:06Z,u_000266,push,stress_relief_program,sent
m_000000062,2026-01-30T16:49:39Z,u_003037,push,weekly_digest,sent
m_000000063,2026-01-27T04:11:15Z,u_001071,sms,weekly_digest,delivered
m_000000064,2026-01-30T20:53:04Z,u_001943,email,heart_health_month,sent
m_000000065,2026-01-29T16:09:22Z,u_004170,email,sleep_challenge,delivered
m_000000066,2026-01-27T12:25:53Z,u_002986,email,sleep_challenge,opened
m_000000067,2026-02-01T17:53:33Z,u_004510,sms,stress_relief_program,sent
m_000000068,2026-01-28T18:14:32Z,u_004069,sms,new_content_alert,opened
m_000000069,2026-01-27T14:41:26Z,u_003454,sms,heart_health_month,delivered
m_000000070,2026-01-29T01:03:30Z,u_003377,sms,sleep_challenge,sent
m_000000071,2026-01-28T13:39:53Z,u_001988,email,heart_health_month,sent
m_000000072,2026-02-02T19:04:17Z,u_004271,push,heart_health_month,sent
m_000000073,2026-01-31T16:43:11Z,u_002681,email,weight_loss_series,clicked
m_000000074,2026-01-27T20:21:51Z,u_002584,push,new_content_alert,opened
m_000000075,2026-02-02T17:11:59Z,u_003340,sms,weekly_digest,delivered
m_000000076,2026-01-31T23:37:28Z,u_000581,sms,stress_relief_program,clicked
m_000000077,2026-01-31T23:15:37Z,u_004767,email,stress_relief_program,delivered
m_000000078,2026-01-29T17:18:29Z,u_002287,push,heart_health_month,sent
m_000000079,2026-02-02T12:44:22Z,u_004767,push,weight_loss_series,clicked
m_000000080,2026-01-29T01:47:20Z,u_002538,sms,sleep_challenge,sent
m_000000081,2026-01-29T07:28:11Z,u_000602,push,heart_health_month,sent
m_000000082,2026-02-02T03:12:39Z,u_002378,sms,new_content_alert,sent
m_000000083,2026-01-27T06:04:28Z,u_003697,email,weight_loss_series,sent
m_000000084,2026-01-26T20:38:04Z,u_002946,email,new_content_alert,sent
m_000000085,2026-01-31T07:29:14Z,u_001329,email,new_content_alert,delivered
m_000000086,2026-02-01T20:07:27Z,u_001133,sms,stress_relief_program,delivered
m_000000087,2026-01-30T02:48:54Z,u_000752,email,stress_relief_program,sent
m_000000088,2026-01-27T04:53:37Z,u_002454,email,heart_health_month,delivered
m_000000089,2026-01-30T02:56:37Z,u_000426,sms,sleep_challenge,sent
m_000000090,2026-01-29T01:57:57Z,u_004418,email,stress_relief_program,delivered
m_000000091,2026-02-01T00:33:29Z,u_002552,push,weight_loss_series,sent
m_000000092,2026-01-27T00:44:43Z,u_002735,email,sleep_challenge,sent
m_000000093,2026-02-02T06:51:19Z,u_000911,email,heart_health_month,sent
m_000000094,2026-02-02T06:49:48Z,u_002562,push,heart_health_month,sent
m_000000095,2026-01-29T14:22:09Z,u_002033,email,sleep_challenge,clicked
m_000000096,2026-01-28T02:21:38Z,u_001715,push,weekly_digest,sent
m_000000097,2026-01-31T23:57:11Z,u_004200,push,stress_relief_program,delivered
m_000000098,2026-01-29T10:09:56Z,u_000660,push,new_content_alert,delivered
m_000000099,2026-01-30T00:02:52Z,u_000071,email,weight_loss_series,delivered
m_000000100,2026-02-02T01:53:11Z,u_000589,sms,heart_health_month,sent
m_000000101,2026-01-28T01:15:16Z,u_004546,email,weight_loss_series,clicked
m_000000102,2026-01-30T19:25:39Z,u_000297,push,stress_relief_program,sent
m_000000103,2026-01-27T07:38:48Z,u_000104,push,new_content_alert,sent
m_000000104,2026-01-30T17:06:14Z,u_000318,email,sleep_challenge,sent
m_000000105,2026-02-01T19:44:45Z,u_000113,push,stress_relief_program,sent
m_000000106,2026-01-28T04:18:29Z,u_004391,email,weight_loss_series,sent
m_000000107,2026-01-29T08:07:05Z,u_001420,push,new_content_alert,opened
m_000000108,2026-01-27T22:40:33Z,u_000505,push,heart_health_month,sent
m_000000109,2026-02-01T11:01:53Z,u_000972,email,new_content_alert,sent
m_000000110,2026-01-28T20:39:47Z,u_003518,sms,new_content_alert,sent
m_000000111,2026-01-29T09:39:56Z,u_002350,push,weekly_digest,sent
m_000000112,2026-01-31T10:26:22Z,u_003139,email,weight_loss_series,sent
m_000000113,2026-02-01T13:48:14Z,u_004693,email,stress_relief_program,clicked
m_000000114,2026-01-31T17:41:40Z,u_002342,email,sleep_challenge,delivered
m_000000115,2026-02-02T04:48:15Z,u_000443,email,weekly_digest,opened
m_000000116,2026-01-28T13:53:52Z,u_000473,push,new_content_alert,delivered
m_000000117,2026-01-28T13:41:02Z,u_001086,push,weight_loss_series,sent
m_000000118,2026-01-30T16:02:41Z,u_002699,push,sleep_challenge,sent
m_000000119,2026-01-30T21:59:44Z,u_000494,email,weight_loss_series,delivered
m_000000120,2026-01-29T03:59:28Z,u_002228,sms,weight_loss_series,delivered
m_000000121,2026-01-31T05:37:20Z,u_004341,email,heart_health_month,sent
m_000000122,2026-01-27T08:19:57Z,u_002914,sms,new_content_alert,delivered
m_000000123,2026-01-27T21:53:24Z,u_002333,sms,sleep_challenge,delivered
m_000000124,2026-01-31T21:32:05Z,u_003015,push,weekly_digest,delivered
m_000000125,2026-01-28T15:53:58Z,u_001977,sms,sleep_challenge,sent
m_000000126,2026-02-02T03:58:54Z,u_004854,email,weight_loss_series,sent
m_000000127,2026-01-30T04:20:23Z,u_004216,email,new_content_alert,sent
m_000000128,2026-01-27T17:24:32Z,u_003092,sms,weight_loss_series,sent
m_000000129,2026-01-29T09:09:39Z,u_003731,sms,new_content_alert,delivered
m_000000130,2026-02-01T08:37:26Z,u_001557,email,new_content_alert,sent
m_000000131,2026-02-01T03:16:15Z,u_002952,sms,stress_relief_program,opened
m_000000132,2026-01-27T12:02:30Z,u_002028,email,new_content_alert,opened
m_000000133,2026-01-28T13:29:09Z,u_004350,push,sleep_challenge,sent
m_000000134,2026-01-28T15:27:02Z,u_001655,email,sleep_challenge,sent
m_000000135,2026-01-28T12:28:30Z,u_003432,sms,weekly_digest,sent
m_000000136,2026-01-28T06:11:20Z,u_002469,push,heart_health_month,sent
m_000000137,2026-01-28T10:47:28Z,u_001256,sms,sleep_challenge,sent
m_000000138,2026-01-29T00:46:25Z,u_002380,email,weekly_digest,sent
m_000000139,2026-02-01T19:13:44Z,u_001355,push,stress_relief_program,sent
m_000000140,2026-01-29T20:01:40Z,u_002310,push,heart_health_month,sent
m_000000141,2026-02-01T18:59:04Z,u_001258,email,weight_loss_series,opened
m_000000142,2026-02-02T02:48:20Z,u_003514,sms,weekly_digest,opened
m_000000143,2026-02-02T06:07:56Z,u_000550,push,weight_loss_series,opened
m_000000144,2026-01-30T21:08:20Z,u_001382,push,weekly_digest,sent
m_000000145,2026-02-01T12:19:08Z,u_001026,push,new_content_alert,sent
m_000000146,2026-01-28T12:40:49Z,u_000700,push,weight_loss_series,sent
m_000000147,2026-02-01T02:58:03Z,u_001624,sms,heart_health_month,sent
m_000000148,2026-01-27T18:24:14Z,u_003625,push,new_content_alert,sent
m_000000149,2026-01-28T07:16:34Z,u_004795,sms,weight_loss_series,opened
m_000000150,2026-01-31T02:00:36Z,u_001895,push,new_content_alert,opened
m_000000151,2026-01-31T22:02:06Z,u_002060,push,stress_relief_program,sent
m_000000152,2026-01-30T01:07:08Z,u_000354,email,sleep_challenge,sent
m_000000153,2026-02-01T14:05:35Z,u_003273,push,sleep_challenge,sent
m_000000154,2026-01-30T22:46:04Z,u_000510,sms,new_content_alert,delivered
m_000000155,2026-02-02T06:29:42Z,u_000174,push,weekly_digest,sent
m_000000156,2026-01-30T06:08:09Z,u_004508,email,weight_loss_series,sent
m_000000157,2026-01-29T02:13:37Z,u_001056,push,heart_health_month,sent
m_000000158,2026-01-29T11:40:14Z,u_004572,sms,weight_loss_series,sent
m_000000159,2026-01-28T03:49:27Z,u_002569,email,weight_loss_series,sent
m_000000160,2026-02-01T19:48:48Z,u_002193,sms,heart_health_month,opened
m_000000161,2026-01-31T17:55:28Z,u_002237,push,sleep_challenge,opened
m_000000162,2026-01-28T07:17:40Z,u_004603,sms,heart_health_month,sent
m_000000163,2026-01-30T06:27:21Z,u_002130,email,stress_relief_program,sent
m_000000164,2026-01-30T11:51:26Z,u_003078,email,new_content_alert,sent
m_000000165,2026-01-27T02:18:19Z,u_003315,push,new_content_alert,sent
m_000000166,2026-01-30T06:07:52Z,u_004752,push,new_content_alert,delivered
m_000000167,2026-01-27T23:20:27Z,u_000802,email,new_content_alert,sent
m_000000168,2026-01-27T01:55:37Z,u_003096,push,stress_relief_program,sent
m_000000169,2026-01-29T14:46:38Z,u_002925,push,sleep_challenge,sent
m_000000170,2026-02-02T18:40:07Z,u_004701,email,heart_health_month,sent
m_000000171,2026-01-29T22:31:42Z,u_002753,sms,heart_health_month,sent
m_000000172,2026-01-27T07:03:16Z,u_000441,sms,stress_relief_program,sent
m_000000173,2026-01-27T18:25:02Z,u_003335,email,new_content_alert,sent
m_000000174,2026-01-29T04:09:03Z,u_002016,push,weight_loss_series,delivered
m_000000175,2026-01-30T22:48:36Z,u_002845,email,sleep_challenge,sent
m_000000176,2026-01-28T21:51:23Z,u_004707,push,sleep_challenge,opened
m_000000177,2026-02-01T08:22:12Z,u_003556,email,sleep_challenge,delivered
m_000000178,2026-01-28T10:47:06Z,u_003126,sms,heart_health_month,sent
m_000000179,2026-01-28T10:56:39Z,u_001700,push,stress_relief_program,delivered
m_000000180,2026-02-01T15:05:29Z,u_002030,sms,stress_relief_program,opened
m_000000181,2026-01-27T21:30:24Z,u_000266,sms,weekly_digest,delivered
m_000000182,2026-01-29T00:19:27Z,u_000119,sms,weight_loss_series,delivered
m_000000183,2026-01-28T10:00:11Z,u_003384,email,heart_health_month,sent
m_000000184,2026-01-28T15:18:18Z,u_002198,email,heart_health_month,sent
m_000000185,2026-02-02T18:08:09Z,u_002507,email,heart_health_month,sent
m_000000186,2026-01-29T10:27:45Z,u_002198,push,sleep_challenge,opened
m_000000187,2026-01-29T12:51:10Z,u_003422,email,stress_relief_program,delivered
m_000000188,2026-02-01T23:20:19Z,u_004369,email,weekly_digest,sent
m_000000189,2026-01-30T13:13:42Z,u_000294,email,heart_health_month,clicked
m_000000190,2026-02-01T10:23:08Z,u_003490,sms,weekly_digest,sent
m_000000191,2026-01-29T06:40:20Z,u_000470,sms,sleep_challenge,sent
m_000000192,2026-02-02T00:19:42Z,u_001021,sms,new_content_alert,opened
m_000000193,2026-01-29T10:52:50Z,u_000927,push,stress_relief_program,opened
m_000000194,2026-02-02T15:05:08Z,u_002091,sms,stress_relief_program,opened
m_000000195,2026-01-28T17:59:50Z,u_003150,push,heart_health_month,clicked
m_000000196,2026-01-30T12:47:27Z,u_003057,sms,sleep_challenge,sent
m_000000197,2026-01-31T04:06:12Z,u_001304,sms,weight_loss_series,sent
m_000000198,2026-02-02T05:34:06Z,u_001943,email,weekly_digest,sent
m_000000199,2026-01-28T14:54:26Z,u_002254,push,new_content_alert,clicked
m_000000200,2026-02-01T23:46:00Z,u_000371,push,sleep_challenge,unsubscribed
m_000000201,2026-01-28T07:02:27Z,u_002976,push,new_content_alert,sent
m_000000202,2026-01-28T07:41:49Z,u_001502,push,weekly_digest,sent
m_000000203,2026-01-28T17:12:52Z,u_004312,sms,weekly_digest,sent
m_000000204,2026-01-27T20:55:55Z,u_003396,push,new_content_alert,sent
m_000000205,2026-01-28T14:38:20Z,u_002117,push,weight_loss_series,delivered
m_000000206,2026-02-02T17:32:18Z,u_002794,email,heart_health_month,delivered
m_000000207,2026-02-01T07:04:20Z,u_004906,push,weight_loss_series,delivered
m_000000208,2026-02-02T16:49:45Z,u_002162,email,stress_relief_program,delivered
m_000000209,2026-02-02T18:54:53Z,u_004938,push,sleep_challenge,delivered
m_000000210,2026-01-29T09:37:30Z,u_004749,email,new_content_alert,delivered
m_000000211,2026-01-31T19:05:25Z,u_000246,push,heart_health_month,sent
m_000000212,2026-01-26T22:15:39Z,u_003498,sms,weight_loss_series,sent
m_000000213,2026-01-30T23:35:56Z,u_002570,email,weekly_digest,sent
m_000000214,2026-02-02T12:27:52Z,u_002994,push,weekly_digest,delivered
m_000000215,2026-01-31T01:19:49Z,u_000582,push,weekly_digest,delivered
m_000000216,2026-01-29T14:03:54Z,u_003236,sms,weekly_digest,opened
m_000000217,2026-02-01T07:08:11Z,u_002664,push,sleep_challenge,sent
m_000000218,2026-01-29T12:25:44Z,u_003123,push,weekly_digest,delivered
m_000000219,2026-01-29T21:29:22Z,u_002089,push,weekly_digest,sent
m_000000220,2026-01-29T10:03:18Z,u_002704,email,sleep_challenge,sent
m_000000221,2026-01-28T12:03:30Z,u_003004,sms,stress_relief_program,delivered
m_000000222,2026-01-29T19:02:15Z,u_002427,email,weekly_digest,sent
m_000000223,2026-01-28T09:13:15Z,u_003912,email,weight_loss_series,delivered
m_000000224,2026-02-02T16:48:23Z,u_004063,email,new_content_alert,delivered
m_000000225,2026-02-01T02:19:57Z,u_003816,sms,stress_relief_program,sent
m_000000226,2026-01-29T18:24:17Z,u_004210,sms,stress_relief_program,sent
m_000000227,2026-01-30T19:59:09Z,u_003213,sms,weekly_digest,sent
m_000000228,2026-02-01T01:27:29Z,u_004441,email,sleep_challenge,sent
m_000000229,2026-01-31T05:14:59Z,u_003534,push,heart_health_month,sent
m_000000230,2026-01-31T06:21:47Z,u_003592,sms,sleep_challenge,opened
m_000000231,2026-01-30T11:45:04Z,u_003098,email,new_content_alert,sent
m_000000232,2026-01-29T01:59:53Z,u_002715,email,stress_relief_program,delivered
m_000000233,2026-01-29T17:11:17Z,u_001664,sms,weekly_digest,sent
m_000000234,2026-01-28T14:24:50Z,u_000024,push,new_content_alert,sent
m_000000235,2026-01-26T23:34:18Z,u_003495,sms,weight_loss_series,sent
m_000000236,2026-02-02T02:51:13Z,u_000837,push,sleep_challenge,sent
m_000000237,2026-02-01T21:22:15Z,u_001778,sms,weight_loss_series,opened
m_000000238,2026-01-28T04:11:10Z,u_001949,email,weight_loss_series,opened
m_000000239,2026-02-01T22:13:23Z,u_003986,sms,weekly_digest,sent
m_000000240,2026-01-31T22:15:58Z,u_001042,push,weight_loss_series,delivered
m_000000241,2026-02-02T02:54:12Z,u_000157,push,heart_health_month,sent
m_000000242,2026-01-27T15:58:25Z,u_003501,email,sleep_challenge,sent
m_000000243,2026-01-27T05:52:43Z,u_000998,push,weekly_digest,opened
m_000000244,2026-01-27T18:11:12Z,u_003564,push,stress_relief_program,sent
m_000000245,2026-01-28T17:57:05Z,u_004118,push,weekly_digest,delivered
m_000000246,2026-01-27T18:59:22Z,u_004793,email,weekly_digest,sent
m_000000247,2026-01-26T22:38:24Z,u_002068,email,sleep_challenge,sent
m_000000248,2026-01-30T06:45:13Z,u_000203,push,stress_relief_program,opened
m_000000249,2026-01-26T20:57:37Z,u_001588,sms,stress_relief_program,delivered
m_000000250,2026-01-30T00:33:09Z,u_004266,sms,weekly_digest,sent
m_000000251,2026-01-30T06:55:43Z,u_002529,sms,heart_health_month,clicked
m_000000252,2026-02-02T15:27:21Z,u_002998,push,sleep_challenge,sent
m_000000253,2026-02-01T13:19:14Z,u_004275,push,new_content_alert,sent
m_000000254,2026-02-01T04:30:53Z,u_003683,sms,weight_loss_series,sent
m_000000255,2026-01-30T03:22:48Z,u_001787,email,weekly_digest,opened
m_000000256,2026-02-01T14:43:51Z,u_003506,sms,new_content_alert,sent
m_000000257,2026-02-01T06:27:34Z,u_001121,email,stress_relief_program,sent
m_000000258,2026-02-01T12:14:34Z,u_000052,email,weight_loss_series,delivered
m_000000259,2026-02-01T23:42:21Z,u_001855,email,stress_relief_program,sent
m_000000260,2026-01-29T08:40:33Z,u_003259,sms,stress_relief_program,sent
m_000000261,2026-02-01T14:56:26Z,u_001270,push,weekly_digest,sent
m_000000262,2026-01-31T07:45:06Z,u_002909,email,weight_loss_series,sent
m_000000263,2026-01-29T05:00:12Z,u_002847,email,heart_health_month,sent
m_000000264,2026-01-28T13:57:31Z,u_000795,push,weekly_digest,opened
m_000000265,2026-02-02T16:57:00Z,u_004018,push,heart_health_month,opened
m_000000266,2026-02-02T14:54:31Z,u_001718,sms,weekly_digest,delivered
m_000000267,2026-02-01T04:05:46Z,u_000223,push,heart_health_month,opened
m_000000268,2026-01-27T20:57:16Z,u_003064,sms,weight_loss_series,sent
m_000000269,2026-01-28T04:49:43Z,u_000510,email,weekly_digest,delivered
m_000000270,2026-01-30T05:39:06Z,u_004365,email,heart_health_month,sent
m_000000271,2026-01-29T00:55:57Z,u_002803,sms,stress_relief_program,sent
m_000000272,2026-01-28T05:15:04Z,u_000950,push,weekly_digest,sent
m_000000273,2026-02-01T07:19:25Z,u_003540,push,sleep_challenge,sent
m_000000274,2026-01-28T00:37:52Z,u_002844,push,new_content_alert,sent
m_000000275,2026-01-30T04:49:36Z,u_003619,email,new_content_alert,sent
m_000000276,2026-01-27T20:30:40Z,u_000896,push,stress_relief_program,sent
m_000000277,2026-02-02T12:18:07Z,u_001133,push,sleep_challenge,opened
m_000000278,2026-02-01T03:36:41Z,u_002603,push,new_content_alert,sent
m_000000279,2026-01-28T09:59:16Z,u_002449,sms,weight_loss_series,opened
m_000000280,2026-01-27T12:49:53Z,u_001471,email,weight_loss_series,sent
m_000000281,2026-01-30T23:21:12Z,u_004184,push,stress_relief_program,sent
m_000000282,2026-02-02T06:08:37Z,u_001044,sms,new_content_alert,sent
m_000000283,2026-02-02T15:22:42Z,u_002097,push,sleep_challenge,sent
m_000000284,2026-01-30T04:54:22Z,u_002271,sms,sleep_challenge,opened
m_000000285,2026-01-27T21:42:39Z,u_002506,email,weight_loss_series,sent
m_000000286,2026-01-28T00:05:23Z,u_002717,sms,weekly_digest,sent
m_000000287,2026-01-31T19:07:02Z,u_000952,email,heart_health_month,opened
m_000000288,2026-02-01T21:14:51Z,u_003027,email,new_content_alert,opened
m_000000289,2026-01-31T10:38:45Z,u_000271,email,sleep_challenge,sent
m_000000290,2026-01-31T11:34:51Z,u_003349,sms,weekly_digest,sent
m_000000291,2026-01-28T12:26:04Z,u_004035,sms,weight_loss_series,sent
m_000000292,2026-02-02T16:41:54Z,u_002024,sms,stress_relief_program,sent
m_000000293,2026-01-28T09:26:18Z,u_001341,sms,new_content_alert,sent
m_000000294,2026-01-27T09:16:07Z,u_001140,push,sleep_challenge,opened
m_000000295,2026-01-26T22:16:06Z,u_003061,sms,stress_relief_program,sent
m_000000296,2026-01-28T00:01:25Z,u_003557,email,weight_loss_series,delivered
m_000000297,2026-01-29T05:49:48Z,u_001311,email,weekly_digest,opened
m_000000298,2026-01-27T18:36:45Z,u_003305,sms,sleep_challenge,opened
m_000000299,2026-02-01T17:15:12Z,u_003612,email,weight_loss_series,sent
m_000000300,2026-01-31T06:51:19Z,u_004571,push,weekly_digest,clicked
m_000000301,2026-01-31T21:55:23Z,u_004153,sms,weight_loss_series,sent
m_000000302,2026-01-29T16:37:39Z,u_004435,email,weight_loss_series,sent
m_000000303,2026-01-30T09:52:14Z,u_000351,sms,new_content_alert,delivered
m_000000304,2026-01-30T04:10:10Z,u_001894,sms,weekly_digest,opened
m_000000305,2026-01-29T11:26:48Z,u_000941,push,weekly_digest,delivered
m_000000306,2026-01-30T12:50:06Z,u_003593,sms,weekly_digest,sent
m_000000307,2026-01-30T01:59:11Z,u_004585,push,heart_health_month,sent
m_000000308,2026-01-27T12:59:56Z,u_003236,sms,weight_loss_series,sent
m_000000309,2026-02-02T00:01:18Z,u_002905,sms,weight_loss_series,sent
m_000000310,2026-01-31T23:59:53Z,u_001535,sms,sleep_challenge,sent
m_000000311,2026-01-29T19:10:55Z,u_000995,push,stress_relief_program,sent
m_000000312,2026-02-02T04:11:28Z,u_000420,sms,weight_loss_series,delivered
m_000000313,2026-01-29T14:55:00Z,u_001926,push,sleep_challenge,sent
m_000000314,2026-01-26T20:42:20Z,u_004858,push,new_content_alert,clicked
m_000000315,2026-01-28T23:22:46Z,u_000616,sms,heart_health_month,sent
m_000000316,2026-01-28T17:19:00Z,u_000172,push,new_content_alert,delivered
m_000000317,2026-01-30T23:16:34Z,u_001326,push,sleep_challenge,opened
m_000000318,2026-01-28T21:08:34Z,u_004210,push,weekly_digest,sent
m_000000319,2026-01-29T04:21:00Z,u_001006,email,weekly_digest,sent
m_000000320,2026-01-31T20:57:14Z,u_000356,sms,sleep_challenge,sent
m_000000321,2026-02-02T06:42:15Z,u_004225,sms,sleep_challenge,sent
m_000000322,2026-01-31T20:49:50Z,u_001938,push,weight_loss_series,sent
m_000000323,2026-01-30T09:25:38Z,u_003113,sms,heart_health_month,sent
m_000000324,2026-02-01T15:05:26Z,u_002855,sms,heart_health_month,sent
m_000000325,2026-01-31T04:46:32Z,u_004732,push,weekly_digest,sent
m_000000326,2026-01-31T15:13:42Z,u_000873,email,new_content_alert,clicked
m_000000327,2026-02-01T14:26:18Z,u_000054,push,sleep_challenge,delivered
m_000000328,2026-02-01T18:55:42Z,u_001274,email,heart_health_month,delivered
m_000000329,2026-02-01T11:33:17Z,u_001928,push,sleep_challenge,sent
m_000000330,2026-01-27T12:01:32Z,u_001090,email,heart_health_month,sent
m_000000331,2026-01-27T10:09:12Z,u_002930,push,new_content_alert,sent
m_000000332,2026-01-28T18:08:34Z,u_003914,email,weekly_digest,sent
m_000000333,2026-01-27T11:01:30Z,u_004539,push,weekly_digest,sent
m_000000334,2026-01-31T08:13:15Z,u_002744,email,heart_health_month,sent
m_000000335,2026-01-31T23:49:16Z,u_003730,email,sleep_challenge,sent
m_000000336,2026-01-28T21:19:57Z,u_003389,email,heart_health_month,sent
m_000000337,2026-01-30T19:47:20Z,u_002580,sms,heart_health_month,sent
m_000000338,2026-02-02T12:07:57Z,u_004554,push,new_content_alert,sent
m_000000339,2026-02-01T05:27:29Z,u_003899,sms,sleep_challenge,sent
m_000000340,2026-01-29T00:09:33Z,u_000761,email,new_content_alert,delivered
m_000000341,2026-01-29T22:08:41Z,u_000241,sms,weekly_digest,sent
m_000000342,2026-01-30T09:10:08Z,u_001066,sms,weight_loss_series,sent
m_000000343,2026-02-01T01:38:13Z,u_000632,email,weight_loss_series,sent
m_000000344,2026-01-29T07:23:27Z,u_000749,sms,new_content_alert,sent
m_000000345,2026-01-31T04:24:34Z,u_003244,push,weight_loss_series,opened
m_000000346,2026-01-30T23:56:42Z,u_004331,push,sleep_challenge,sent
m_000000347,2026-01-28T11:57:26Z,u_004625,sms,weight_loss_series,sent
m_000000348,2026-02-01T09:22:17Z,u_002061,sms,new_content_alert,sent
m_000000349,2026-01-31T01:48:53Z,u_002598,push,heart_health_month,delivered
m_000000350,2026-02-01T17:15:56Z,u_001012,push,sleep_challenge,sent
m_000000351,2026-02-01T09:30:33Z,u_004058,email,sleep_challenge,sent
m_000000352,2026-01-28T19:56:00Z,u_001447,push,stress_relief_program,delivered
m_000000353,2026-01-30T15:58:32Z,u_002943,push,weight_loss_series,delivered
m_000000354,2026-01-30T00:01:35Z,u_002176,email,weight_loss_series,sent
m_000000355,2026-02-01T16:02:58Z,u_003243,sms,heart_health_month,sent
m_000000356,2026-01-27T08:23:55Z,u_002896,sms,weight_loss_series,sent
m_000000357,2026-01-29T03:45:04Z,u_000820,email,weight_loss_series,sent
m_000000358,2026-01-28T05:24:57Z,u_003630,sms,new_content_alert,sent
m_000000359,2026-01-27T09:22:52Z,u_002539,sms,sleep_challenge,delivered
m_000000360,2026-01-27T03:19:23Z,u_001240,email,weekly_digest,delivered
m_000000361,2026-02-02T05:20:53Z,u_002041,push,weight_loss_series,sent
m_000000362,2026-01-29T17:45:05Z,u_004705,push,new_content_alert,sent
m_000000363,2026-01-30T16:13:33Z,u_004096,email,new_content_alert,opened
m_000000364,2026-01-27T02:11:55Z,u_001107,push,stress_relief_program,opened
m_000000365,2026-02-02T19:00:32Z,u_003497,push,weight_loss_series,delivered
m_000000366,2026-02-01T12:38:18Z,u_001615,email,sleep_challenge,sent
m_000000367,2026-02-01T21:40:51Z,u_003153,push,weight_loss_series,sent
m_000000368,2026-02-02T05:15:59Z,u_001153,sms,weight_loss_series,sent
m_000000369,2026-01-31T15:40:39Z,u_004060,push,sleep_challenge,sent
m_000000370,2026-01-27T10:45:47Z,u_001499,email,new_content_alert,sent
m_000000371,2026-01-28T00:41:43Z,u_002319,sms,new_content_alert,sent
m_000000372,2026-01-31T11:09:33Z,u_003845,sms,heart_health_month,delivered
m_000000373,2026-01-29T10:04:11Z,u_003614,email,sleep_challenge,sent
m_000000374,2026-01-30T04:28:25Z,u_000214,email,heart_health_month,sent
m_000000375,2026-01-29T06:01:23Z,u_002135,email,heart_health_month,sent
m_000000376,2026-01-30T05:44:38Z,u_003547,sms,stress_relief_program,sent
m_000000377,2026-01-28T15:50:42Z,u_003853,sms,new_content_alert,delivered
m_000000378,2026-01-29T18:22:38Z,u_000753,sms,sleep_challenge,delivered
m_000000379,2026-01-29T01:48:22Z,u_001734,email,new_content_alert,opened
m_000000380,2026-01-27T10:25:38Z,u_004032,email,sleep_challenge,sent
m_000000381,2026-01-29T08:30:59Z,u_000046,email,new_content_alert,sent
m_000000382,2026-01-27T11:25:43Z,u_004697,sms,weekly_digest,sent
m_000000383,2026-01-30T09:19:07Z,u_002974,push,weekly_digest,sent
m_000000384,2026-01-28T21:52:38Z,u_001069,push,new_content_alert,opened
m_000000385,2026-01-30T17:21:18Z,u_002101,push,new_content_alert,sent
m_000000386,2026-02-02T19:20:42Z,u_001473,email,new_content_alert,sent
m_000000387,2026-01-28T20:53:45Z,u_001482,push,heart_health_month,sent
m_000000388,2026-01-29T01:48:25Z,u_001787,push,weight_loss_series,sent
m_000000389,2026-02-01T17:01:56Z,u_001283,email,stress_relief_program,sent
m_000000390,2026-01-27T02:13:09Z,u_001304,email,sleep_challenge,sent
m_000000391,2026-01-29T10:51:57Z,u_001638,sms,weekly_digest,opened
m_000000392,2026-01-27T00:23:43Z,u_004262,push,weight_loss_series,sent
m_000000393,2026-01-27T01:02:53Z,u_001126,sms,sleep_challenge,delivered
m_000000394,2026-01-29T19:52:51Z,u_001557,email,heart_health_month,sent
m_000000395,2026-02-01T03:02:14Z,u_001761,sms,weight_loss_series,opened
m_000000396,2026-01-31T20:38:02Z,u_004731,push,heart_health_month,sent
m_000000397,2026-01-28T13:44:13Z,u_003299,email,weight_loss_series,sent
m_000000398,2026-01-29T14:08:47Z,u_000925,push,sleep_challenge,sent
m_000000399,2026-01-28T04:54:34Z,u_001786,sms,stress_relief_program,opened
m_000000400,2026-01-28T13:04:48Z,u_000388,sms,new_content_alert,sent
m_000000401,2026-01-30T19:22:38Z,u_004292,push,weekly_digest,opened
m_000000402,2026-01-30T15:44:39Z,u_002274,email,heart_health_month,delivered
m_000000403,2026-01-30T22:11:28Z,u_001111,sms,weekly_digest,delivered
m_000000404,2026-02-02T09:41:15Z,u_000076,email,heart_health_month,clicked
m_000000405,2026-01-29T18:59:39Z,u_004666,sms,new_content_alert,clicked
m_000000406,2026-02-02T12:11:59Z,u_000158,push,weekly_digest,delivered
m_000000407,2026-01-27T23:52:22Z,u_000460,push,weekly_digest,delivered
m_000000408,2026-01-28T06:49:23Z,u_002321,sms,new_content_alert,sent
m_000000409,2026-01-30T21:37:21Z,u_002800,push,sleep_challenge,sent
m_000000410,2026-01-27T16:31:48Z,u_002819,push,new_content_alert,sent
m_000000411,2026-01-30T06:43:37Z,u_002427,push,weight_loss_series,delivered
m_000000412,2026-01-27T03:10:58Z,u_001392,push,sleep_challenge,sent
m_000000413,2026-01-28T03:09:55Z,u_003518,email,stress_relief_program,opened
m_000000414,2026-01-28T19:55:36Z,u_001200,email,sleep_challenge,clicked
m_000000415,2026-02-02T13:45:08Z,u_000372,email,weekly_digest,opened
m_000000416,2026-02-01T00:57:18Z,u_002447,email,sleep_challenge,opened
m_000000417,2026-01-28T02:08:05Z,u_002405,email,new_content_alert,sent
m_000000418,2026-02-02T10:31:44Z,u_004524,email,weekly_digest,sent
m_000000419,2026-02-01T15:19:07Z,u_000720,sms,weekly_digest,unsubscribed
m_000000420,2026-02-01T14:36:40Z,u_001637,push,weekly_digest,sent
m_000000421,2026-01-28T13:40:34Z,u_003434,push,sleep_challenge,opened
m_000000422,2026-01-27T02:50:55Z,u_003911,email,weight_loss_series,clicked
m_000000423,2026-02-02T11:51:28Z,u_003936,email,sleep_challenge,delivered
m_000000424,2026-01-30T10:59:05Z,u_002320,email,heart_health_month,sent
m_000000425,2026-02-02T19:07:12Z,u_002487,sms,sleep_challenge,sent
m_000000426,2026-01-31T06:16:05Z,u_000351,sms,sleep_challenge,clicked
m_000000427,2026-01-31T08:15:12Z,u_004422,sms,heart_health_month,sent
m_000000428,2026-01-27T00:15:13Z,u_003624,push,stress_relief_program,delivered
m_000000429,2026-02-02T10:01:19Z,u_002658,email,weekly_digest,delivered
m_000000430,2026-02-01T20:10:51Z,u_004334,email,stress_relief_program,delivered
m_000000431,2026-01-27T05:34:57Z,u_004383,sms,heart_health_month,clicked
m_000000432,2026-01-29T17:40:39Z,u_002934,email,weekly_digest,sent
m_000000433,2026-01-29T01:45:30Z,u_002863,email,weight_loss_series,sent
m_000000434,2026-01-31T04:27:28Z,u_004444,push,new_content_alert,delivered
m_000000435,2026-02-01T22:30:43Z,u_003708,sms,weight_loss_series,sent
m_000000436,2026-01-29T19:01:50Z,u_004950,email,stress_relief_program,opened
m_000000437,2026-02-01T14:41:31Z,u_000204,email,stress_relief_program,sent
m_000000438,2026-01-31T07:57:08Z,u_003510,email,stress_relief_program,sent
m_000000439,2026-01-31T06:54:15Z,u_001826,sms,weight_loss_series,sent
m_000000440,2026-01-31T06:10:25Z,u_001946,email,stress_relief_program,delivered
m_000000441,2026-01-26T23:12:41Z,u_001449,sms,weekly_digest,sent
m_000000442,2026-02-02T14:14:12Z,u_004704,email,sleep_challenge,clicked
m_000000443,2026-01-30T17:08:01Z,u_004474,email,weight_loss_series,sent
m_000000444,2026-02-02T18:03:17Z,u_000731,sms,sleep_challenge,sent
m_000000445,2026-01-29T22:39:09Z,u_002181,sms,weight_loss_series,sent
m_000000446,2026-01-28T18:15:41Z,u_004119,email,weekly_digest,sent
m_000000447,2026-01-31T04:51:54Z,u_001200,email,heart_health_month,delivered
m_000000448,2026-01-31T01:55:14Z,u_001132,sms,sleep_challenge,opened
m_000000449,2026-01-27T21:52:13Z,u_002615,sms,heart_health_month,sent
m_000000450,2026-01-29T03:59:47Z,u_003317,push,stress_relief_program,delivered
m_000000451,2026-01-30T13:05:28Z,u_000577,sms,heart_health_month,sent
m_000000452,2026-01-28T20:25:41Z,u_000479,push,weight_loss_series,sent
m_000000453,2026-01-29T08:30:21Z,u_002632,email,weight_loss_series,opened
m_000000454,2026-01-29T19:48:33Z,u_001850,push,sleep_challenge,sent
m_000000455,2026-01-31T04:07:47Z,u_000188,email,new_content_alert,delivered
m_000000456,2026-01-28T02:39:08Z,u_002822,sms,heart_health_month,delivered
m_000000457,2026-02-02T13:00:43Z,u_000700,sms,new_content_alert,sent
m_000000458,2026-01-26T22:51:57Z,u_000280,push,new_content_alert,sent
m_000000459,2026-01-29T23:25:01Z,u_002436,push,heart_health_month,sent
m_000000460,2026-01-28T13:10:28Z,u_004647,email,new_content_alert,delivered
m_000000461,2026-01-29T13:23:12Z,u_004137,push,weekly_digest,delivered
m_000000462,2026-01-31T23:05:55Z,u_000978,sms,weight_loss_series,sent
m_000000463,2026-01-31T04:22:41Z,u_000476,sms,new_content_alert,opened
m_000000464,2026-01-30T10:59:05Z,u_000467,push,sleep_challenge,sent
m_000000465,2026-01-30T03:03:10Z,u_001130,email,heart_health_month,opened
m_000000466,2026-01-27T06:14:30Z,u_000095,sms,sleep_challenge,sent
m_000000467,2026-01-29T16:39:17Z,u_003814,push,weight_loss_series,sent
m_000000468,2026-01-30T01:55:39Z,u_001478,email,stress_relief_program,opened
m_000000469,2026-01-27T09:59:43Z,u_004169,email,sleep_challenge,sent
m_000000470,2026-01-27T15:33:11Z,u_000213,push,stress_relief_program,delivered
m_000000471,2026-01-29T21:52:33Z,u_002511,push,weekly_digest,sent
m_000000472,2026-01-27T11:01:04Z,u_001065,email,heart_health_month,sent
m_000000473,2026-01-29T23:14:55Z,u_001175,push,new_content_alert,sent
m_000000474,2026-01-30T11:04:31Z,u_000876,email,sleep_challenge,sent
m_000000475,2026-01-30T18:26:29Z,u_004101,email,heart_health_month,sent
m_000000476,2026-02-01T17:53:44Z,u_002072,email,sleep_challenge,sent
m_000000477,2026-01-26T22:37:17Z,u_001196,email,heart_health_month,sent
m_000000478,2026-02-01T01:45:01Z,u_000921,sms,heart_health_month,sent
m_000000479,2026-02-01T07:11:35Z,u_004014,email,sleep_challenge,sent
m_000000480,2026-01-29T11:51:48Z,u_004285,email,sleep_challenge,sent
m_000000481,2026-01-28T07:46:19Z,u_000354,email,sleep_challenge,clicked
m_000000482,2026-01-29T10:24:01Z,u_003378,email,heart_health_month,opened
m_000000483,2026-02-02T15:20:18Z,u_001518,sms,heart_health_month,clicked
m_000000484,2026-02-02T15:41:48Z,u_004421,push,new_content_alert,opened
m_000000485,2026-01-28T10:32:25Z,u_002320,push,new_content_alert,sent
m_000000486,2026-02-02T15:14:19Z,u_004247,email,new_content_alert,sent
m_000000487,2026-01-31T06:27:42Z,u_001847,email,sleep_challenge,delivered
m_000000488,2026-02-01T16:17:16Z,u_004882,email,sleep_challenge,sent
m_000000489,2026-02-01T07:50:39Z,u_001715,push,new_content_alert,opened
m_000000490,2026-01-30T06:22:14Z,u_002981,email,stress_relief_program,opened
m_000000491,2026-02-01T13:16:24Z,u_001632,sms,weight_loss_series,sent
m_000000492,2026-01-26T21:07:35Z,u_003851,push,sleep_challenge,delivered
m_000000493,2026-01-30T04:04:47Z,u_004135,email,new_content_alert,sent
m_000000494,2026-01-30T01:25:19Z,u_003725,email,new_content_alert,sent
m_000000495,2026-02-01T08:56:42Z,u_003598,email,weekly_digest,sent
m_000000496,2026-01-30T23:19:26Z,u_003719,push,heart_health_month,sent
m_000000497,2026-01-27T13:12:57Z,u_002556,sms,stress_relief_program,sent
m_000000498,2026-02-02T08:48:23Z,u_001029,push,heart_health_month,sent
m_000000499,2026-01-29T10:22:07Z,u_002190,push,heart_health_month,sent
m_000000500,2026-01-29T15:37:42Z,u_001031,sms,new_content_alert,delivered
m_000000501,2026-02-02T14:14:15Z,u_000425,push,weight_loss_series,sent
m_000000502,2026-01-27T01:47:05Z,u_002739,email,weekly_digest,opened
m_000000503,2026-01-27T00:54:38Z,u_000842,sms,weekly_digest,sent
m_000000504,2026-02-01T13:53:53Z,u_004661,email,weight_loss_series,sent
m_000000505,2026-01-30T03:40:46Z,u_004915,sms,weight_loss_series,opened
m_000000506,2026-01-30T14:44:41Z,u_003985,push,weekly_digest,sent
m_000000507,2026-01-27T04:35:10Z,u_001426,sms,new_content_alert,opened
m_000000508,2026-01-27T15:25:25Z,u_004829,sms,sleep_challenge,sent
m_000000509,2026-01-30T18:32:31Z,u_003479,push,heart_health_month,sent
m_000000510,2026-01-30T00:44:47Z,u_001251,email,weekly_digest,opened
m_000000511,2026-01-31T11:50:04Z,u_000799,email,heart_health_month,sent
m_000000512,2026-02-02T19:32:38Z,u_003429,push,new_content_alert,opened
m_000000513,2026-02-01T03:33:21Z,u_003656,email,weight_loss_series,sent
m_000000514,2026-01-31T07:30:36Z,u_002577,push,new_content_alert,delivered
m_000000515,2026-01-29T19:33:31Z,u_003772,push,stress_relief_program,sent
m_000000516,2026-01-31T05:55:25Z,u_001595,push,sleep_challenge,sent
m_000000517,2026-01-30T21:13:19Z,u_004030,sms,sleep_challenge,sent
m_000000518,2026-01-30T20:45:14Z,u_002385,sms,sleep_challenge,sent
m_000000519,2026-02-02T16:19:43Z,u_000724,sms,sleep_challenge,sent
m_000000520,2026-01-29T17:27:52Z,u_000965,sms,weight_loss_series,sent
m_000000521,2026-02-01T23:29:03Z,u_000929,push,sleep_challenge,sent
m_000000522,2026-01-29T07:17:12Z,u_003039,push,weight_loss_series,sent
m_000000523,2026-01-31T15:26:11Z,u_003573,email,sleep_challenge,delivered
m_000000524,2026-01-29T00:43:32Z,u_004945,push,stress_relief_program,sent
m_000000525,2026-02-01T10:57:18Z,u_000501,email,sleep_challenge,sent
m_000000526,2026-02-01T22:39:29Z,u_003513,email,new_content_alert,sent
m_000000527,2026-01-31T01:43:46Z,u_004496,push,stress_relief_program,sent
m_000000528,2026-02-02T04:31:06Z,u_002685,sms,new_content_alert,delivered
m_000000529,2026-01-27T03:24:23Z,u_001733,email,stress_relief_program,delivered
m_000000530,2026-01-27T19:01:00Z,u_002663,push,weight_loss_series,sent
m_000000531,2026-01-28T21:47:14Z,u_004898,sms,stress_relief_program,sent
m_000000532,2026-02-02T11:32:19Z,u_001871,push,sleep_challenge,sent
m_000000533,2026-02-01T03:25:52Z,u_002478,push,sleep_challenge,sent
m_000000534,2026-02-01T13:46:00Z,u_002140,sms,weight_loss_series,sent
m_000000535,2026-02-01T18:25:34Z,u_000451,sms,stress_relief_program,sent
m_000000536,2026-02-02T01:49:21Z,u_002231,sms,sleep_challenge,delivered
m_000000537,2026-01-31T05:40:39Z,u_001719,sms,heart_health_month,sent
m_000000538,2026-01-27T05:09:45Z,u_000924,push,weekly_digest,sent
m_000000539,2026-02-02T05:19:49Z,u_003118,sms,weekly_digest,sent
m_000000540,2026-02-02T05:19:26Z,u_002571,email,weight_loss_series,sent
m_000000541,2026-01-30T03:36:23Z,u_004062,push,heart_health_month,sent
m_000000542,2026-01-28T16:35:30Z,u_004621,email,new_content_alert,sent
m_000000543,2026-01-30T16:48:18Z,u_002577,email,new_content_alert,unsubscribed
m_000000544,2026-01-30T04:48:04Z,u_004641,email,new_content_alert,sent
m_000000545,2026-02-01T19:19:25Z,u_000380,email,sleep_challenge,opened
m_000000546,2026-01-30T02:43:03Z,u_004171,push,weekly_digest,sent
m_000000547,2026-02-02T15:01:24Z,u_001689,push,weight_loss_series,sent
m_000000548,2026-01-28T17:43:59Z,u_003168,push,weekly_digest,sent
m_000000549,2026-01-30T01:46:47Z,u_001235,push,sleep_challenge,sent
m_000000550,2026-01-27T16:03:00Z,u_000783,push,weight_loss_series,opened
m_000000551,2026-02-01T21:17:16Z,u_002191,email,heart_health_month,delivered
m_000000552,2026-02-02T02:35:43Z,u_004145,email,stress_relief_program,opened
m_000000553,2026-01-28T12:16:09Z,u_001161,email,sleep_challenge,sent
m_000000554,2026-01-31T22:47:54Z,u_002211,push,weekly_digest,sent
m_000000555,2026-01-28T15:56:57Z,u_002593,email,weight_loss_series,sent
m_000000556,2026-02-01T03:17:18Z,u_004130,email,heart_health_month,delivered
m_000000557,2026-01-31T23:02:40Z,u_003573,sms,weekly_digest,sent
m_000000558,2026-02-02T00:30:46Z,u_002183,email,heart_health_month,opened
m_000000559,2026-01-30T01:30:01Z,u_002664,email,new_content_alert,clicked
m_000000560,2026-01-27T06:37:22Z,u_002810,sms,new_content_alert,sent
m_000000561,2026-02-01T05:27:24Z,u_003225,email,new_content_alert,clicked
m_000000562,2026-01-29T06:47:52Z,u_001581,push,sleep_challenge,sent
m_000000563,2026-02-02T12:14:06Z,u_001644,sms,weight_loss_series,sent
m_000000564,2026-01-31T15:31:03Z,u_000333,email,heart_health_month,sent
m_000000565,2026-01-30T22:34:18Z,u_001095,email,new_content_alert,opened
m_000000566,2026-01-31T18:47:58Z,u_003634,sms,new_content_alert,delivered
m_000000567,2026-01-30T11:16:12Z,u_000091,push,weekly_digest,opened
m_000000568,2026-01-28T21:27:32Z,u_000023,email,new_content_alert,sent
m_000000569,2026-02-02T03:25:44Z,u_001894,push,stress_relief_program,sent
m_000000570,2026-01-30T12:40:10Z,u_004441,push,new_content_alert,sent
m_000000571,2026-01-28T09:46:21Z,u_001370,push,weekly_digest,sent
m_000000572,2026-01-29T21:12:37Z,u_000268,sms,new_content_alert,delivered
m_000000573,2026-01-29T12:10:57Z,u_003506,email,stress_relief_program,sent
m_000000574,2026-02-02T18:28:14Z,u_004147,push,weekly_digest,clicked
m_000000575,2026-02-02T18:28:08Z,u_004116,push,new_content_alert,sent
m_000000576,2026-01-28T08:36:37Z,u_004260,push,heart_health_month,sent
m_000000577,2026-01-27T11:59:37Z,u_003608,sms,new_content_alert,sent
m_000000578,2026-01-31T00:32:28Z,u_001266,push,weekly_digest,delivered
m_000000579,2026-02-01T19:57:05Z,u_003222,sms,heart_health_month,sent
m_000000580,2026-01-28T01:24:42Z,u_003861,push,heart_health_month,delivered
m_000000581,2026-01-31T05:17:31Z,u_000182,push,heart_health_month,sent
m_000000582,2026-02-01T16:51:22Z,u_000381,push,stress_relief_program,sent
m_000000583,2026-01-30T14:48:57Z,u_001700,email,stress_relief_program,delivered
m_000000584,2026-02-02T04:09:48Z,u_001443,push,weekly_digest,sent
m_000000585,2026-02-01T03:53:05Z,u_001269,sms,sleep_challenge,sent
m_000000586,2026-01-30T15:47:25Z,u_000339,push,new_content_alert,sent
m_000000587,2026-01-31T17:35:04Z,u_004823,email,heart_health_month,sent
m_000000588,2026-01-29T12:17:46Z,u_002496,email,stress_relief_program,delivered
m_000000589,2026-01-30T06:30:20Z,u_002543,email,heart_health_month,sent
m_000000590,2026-01-27T19:13:31Z,u_004776,push,sleep_challenge,opened
m_000000591,2026-01-29T08:29:17Z,u_003461,sms,weight_loss_series,delivered
m_000000592,2026-01-27T01:12:19Z,u_004650,sms,sleep_challenge,sent
m_000000593,2026-01-31T13:20:10Z,u_003833,push,weight_loss_series,sent
m_000000594,2026-01-31T15:39:23Z,u_003228,push,new_content_alert,delivered
m_000000595,2026-02-01T21:25:08Z,u_003079,sms,sleep_challenge,delivered
m_000000596,2026-02-02T15:12:33Z,u_002350,email,heart_health_month,sent
m_000000597,2026-02-01T19:03:42Z,u_003683,sms,new_content_alert,sent
m_000000598,2026-02-01T20:15:13Z,u_002725,email,heart_health_month,delivered
m_000000599,2026-01-29T12:23:19Z,u_002347,sms,stress_relief_program,sent
m_000000600,2026-02-01T19:37:29Z,u_001544,sms,stress_relief_program,sent
m_000000601,2026-01-27T09:19:43Z,u_001845,email,weight_loss_series,sent
m_000000602,2026-02-02T01:24:14Z,u_001656,sms,weight_loss_series,sent
m_000000603,2026-01-29T19:30:39Z,u_001011,sms,stress_relief_program,delivered
m_000000604,2026-01-28T16:15:35Z,u_001590,sms,heart_health_month,opened
m_000000605,2026-02-01T22:48:30Z,u_000687,sms,stress_relief_program,sent
m_000000606,2026-02-01T13:34:56Z,u_003918,email,weekly_digest,sent
m_000000607,2026-01-30T08:53:00Z,u_004027,sms,new_content_alert,sent
m_000000608,2026-01-30T06:41:23Z,u_000956,email,weekly_digest,sent
m_000000609,2026-01-27T03:40:15Z,u_000038,email,weight_loss_series,opened
m_000000610,2026-01-30T09:25:01Z,u_003694,sms,weekly_digest,sent
m_000000611,2026-01-28T10:13:54Z,u_002775,sms,weight_loss_series,clicked
m_000000612,2026-01-31T04:29:58Z,u_000179,email,weight_loss_series,sent
m_000000613,2026-01-31T23:50:41Z,u_001117,email,sleep_challenge,delivered
m_000000614,2026-01-31T05:03:32Z,u_004082,email,weekly_digest,sent
m_000000615,2026-01-26T23:59:56Z,u_003924,sms,sleep_challenge,sent
m_000000616,2026-02-02T15:08:11Z,u_000720,push,new_content_alert,opened
m_000000617,2026-02-02T06:49:56Z,u_004127,sms,new_content_alert,delivered
m_000000618,2026-01-31T07:14:13Z,u_003774,sms,weight_loss_series,sent
m_000000619,2026-01-29T12:43:03Z,u_004091,email,weight_loss_series,clicked
m_000000620,2026-02-02T05:24:32Z,u_004747,push,heart_health_month,sent
m_000000621,2026-02-02T17:26:53Z,u_000037,email,heart_health_month,delivered
m_000000622,2026-01-29T23:42:42Z,u_002144,email,sleep_challenge,sent
m_000000623,2026-01-29T19:47:45Z,u_004723,push,new_content_alert,sent
m_000000624,2026-01-26T21:08:54Z,u_002494,sms,weekly_digest,opened
m_000000625,2026-01-29T22:22:39Z,u_003972,push,stress_relief_program,delivered
m_000000626,2026-01-28T20:10:41Z,u_004842,push,new_content_alert,sent
m_000000627,2026-01-31T06:37:25Z,u_003812,email,weekly_digest,delivered
m_000000628,2026-02-01T14:43:54Z,u_000394,email,heart_health_month,opened
m_000000629,2026-01-27T23:53:14Z,u_001688,sms,new_content_alert,sent
m_000000630,2026-01-27T12:05:10Z,u_004952,push,new_content_alert,sent
m_000000631,2026-01-28T08:02:40Z,u_004216,sms,weekly_digest,delivered
m_000000632,2026-01-30T02:22:21Z,u_000298,push,stress_relief_program,delivered
m_000000633,2026-01-30T22:49:51Z,u_002309,sms,stress_relief_program,sent
m_000000634,2026-01-27T15:26:00Z,u_002532,sms,heart_health_month,sent
m_000000635,2026-02-02T17:06:39Z,u_003456,email,sleep_challenge,delivered
m_000000636,2026-01-31T01:06:15Z,u_002604,push,new_content_alert,sent
m_000000637,2026-02-01T01:21:03Z,u_003322,sms,sleep_challenge,delivered
m_000000638,2026-01-31T23:01:48Z,u_004813,email,new_content_alert,sent
m_000000639,2026-01-31T09:20:06Z,u_000967,email,weight_loss_series,sent
m_000000640,2026-01-27T16:47:20Z,u_002378,push,sleep_challenge,clicked
m_000000641,2026-02-01T05:14:36Z,u_002191,email,new_content_alert,sent
m_000000642,2026-01-31T15:54:52Z,u_000569,push,sleep_challenge,delivered
m_000000643,2026-01-29T11:44:17Z,u_000307,push,new_content_alert,sent
m_000000644,2026-01-27T02:40:41Z,u_000583,push,stress_relief_program,sent
m_000000645,2026-01-27T10:00:35Z,u_001705,email,new_content_alert,sent
m_000000646,2026-01-29T13:02:17Z,u_000308,email,heart_health_month,sent
m_000000647,2026-01-27T10:03:27Z,u_002054,sms,weekly_digest,sent
m_000000648,2026-02-02T12:05:13Z,u_003271,sms,sleep_challenge,sent
m_000000649,2026-01-27T17:44:11Z,u_004388,email,heart_health_month,sent
m_000000650,2026-01-27T23:19:47Z,u_003425,sms,weekly_digest,sent
m_000000651,2026-01-27T04:47:26Z,u_003800,email,new_content_alert,delivered
m_000000652,2026-02-01T11:21:35Z,u_001488,email,weight_loss_series,delivered
m_000000653,2026-02-01T17:44:25Z,u_004762,sms,heart_health_month,sent
m_000000654,2026-02-02T02:13:36Z,u_000567,sms,weight_loss_series,sent
m_000000655,2026-02-01T04:25:48Z,u_002156,sms,sleep_challenge,sent
m_000000656,2026-01-29T23:42:39Z,u_002810,email,weight_loss_series,sent
m_000000657,2026-01-29T09:27:35Z,u_003710,sms,weekly_digest,delivered
m_000000658,2026-01-31T00:54:12Z,u_000605,email,weekly_digest,delivered
m_000000659,2026-01-29T01:01:32Z,u_002077,email,new_content_alert,sent
m_000000660,2026-01-28T02:40:39Z,u_001825,push,weekly_digest,opened
m_000000661,2026-01-28T07:24:03Z,u_002513,sms,weekly_digest,sent
m_000000662,2026-01-30T16:05:47Z,u_003573,push,sleep_challenge,sent
m_000000663,2026-01-31T15:56:50Z,u_000400,sms,stress_relief_program,sent
m_000000664,2026-01-31T05:42:25Z,u_003211,sms,stress_relief_program,sent
m_000000665,2026-01-27T06:45:34Z,u_004058,email,heart_health_month,delivered
m_000000666,2026-02-02T11:13:12Z,u_002947,sms,weekly_digest,sent
m_000000667,2026-01-28T00:50:06Z,u_004000,push,new_content_alert,delivered
m_000000668,2026-02-01T23:19:44Z,u_004548,email,sleep_challenge,delivered
m_000000669,2026-01-30T00:54:14Z,u_002090,email,weekly_digest,sent
m_000000670,2026-01-27T02:52:34Z,u_002779,sms,weight_loss_series,clicked
m_000000671,2026-01-28T16:26:31Z,u_002303,sms,new_content_alert,sent
m_000000672,2026-01-29T14:48:57Z,u_003309,push,weight_loss_series,clicked
m_000000673,2026-02-01T17:41:08Z,u_000193,sms,stress_relief_program,sent
m_000000674,2026-01-28T07:16:17Z,u_002945,push,weight_loss_series,clicked
m_000000675,2026-01-30T07:32:13Z,u_002291,email,sleep_challenge,opened
m_000000676,2026-01-28T13:16:57Z,u_003761,sms,heart_health_month,delivered
m_000000677,2026-01-27T01:23:15Z,u_004556,sms,sleep_challenge,delivered
m_000000678,2026-02-01T15:13:50Z,u_000492,sms,weekly_digest,sent
m_000000679,2026-01-28T08:30:22Z,u_004397,sms,weekly_digest,delivered
m_000000680,2026-02-01T20:50:59Z,u_000158,sms,sleep_challenge,sent
m_000000681,2026-01-31T21:43:27Z,u_000872,push,stress_relief_program,sent
m_000000682,2026-02-01T11:59:07Z,u_004300,email,stress_relief_program,clicked
m_000000683,2026-02-02T01:37:03Z,u_001192,email,new_content_alert,sent
m_000000684,2026-01-29T19:49:56Z,u_003166,push,stress_relief_program,delivered
m_000000685,2026-01-28T20:36:47Z,u_004950,push,sleep_challenge,unsubscribed
m_000000686,2026-02-01T12:27:55Z,u_003248,sms,new_content_alert,opened
m_000000687,2026-01-29T10:29:04Z,u_002398,email,sleep_challenge,sent
m_000000688,2026-01-29T01:02:22Z,u_003253,push,sleep_challenge,sent
m_000000689,2026-01-29T08:13:46Z,u_004096,push,stress_relief_program,sent
m_000000690,2026-01-31T21:37:15Z,u_002882,push,stress_relief_program,sent
m_000000691,2026-02-02T16:19:52Z,u_003318,push,sleep_challenge,sent
m_000000692,2026-01-31T20:53:46Z,u_003157,sms,weight_loss_series,sent
m_000000693,2026-01-28T01:42:06Z,u_001997,push,new_content_alert,sent
m_000000694,2026-02-01T01:11:48Z,u_003083,email,stress_relief_program,delivered
m_000000695,2026-02-01T17:14:58Z,u_001132,email,stress_relief_program,delivered
m_000000696,2026-01-29T19:43:49Z,u_000196,push,weekly_digest,sent
m_000000697,2026-01-31T11:08:23Z,u_000978,push,stress_relief_program,delivered
m_000000698,2026-01-27T04:48:01Z,u_000813,email,weekly_digest,delivered
m_000000699,2026-02-01T01:38:42Z,u_003619,email,weight_loss_series,sent
m_000000700,2026-02-01T02:30:36Z,u_004969,push,heart_health_month,delivered
m_000000701,2026-01-28T17:28:10Z,u_002895,sms,sleep_challenge,sent
m_000000702,2026-02-02T01:27:41Z,u_000557,email,stress_relief_program,sent
m_000000703,2026-02-02T13:07:28Z,u_002450,push,weight_loss_series,opened
m_000000704,2026-02-01T01:54:12Z,u_003742,email,weight_loss_series,sent
m_000000705,2026-01-28T10:25:10Z,u_001696,email,stress_relief_program,sent
m_000000706,2026-01-28T17:21:34Z,u_003798,email,weekly_digest,delivered
m_000000707,2026-01-30T04:09:09Z,u_003106,sms,stress_relief_program,sent
m_000000708,2026-01-31T16:41:36Z,u_004079,sms,heart_health_month,delivered
m_000000709,2026-01-28T15:33:40Z,u_003526,email,sleep_challenge,sent
m_000000710,2026-01-31T10:32:49Z,u_004585,sms,new_content_alert,delivered
m_000000711,2026-01-28T14:03:42Z,u_001984,sms,heart_health_month,opened
m_000000712,2026-01-28T13:06:53Z,u_003299,sms,weight_loss_series,clicked
m_000000713,2026-02-01T16:19:15Z,u_004621,push,new_content_alert,unsubscribed
m_000000714,2026-01-26T22:32:01Z,u_004505,sms,sleep_challenge,sent
m_000000715,2026-02-02T17:48:57Z,u_002120,sms,sleep_challenge,sent
m_000000716,2026-01-27T18:31:40Z,u_002686,push,heart_health_month,opened
m_000000717,2026-02-01T13:32:42Z,u_004417,push,new_content_alert,sent
m_000000718,2026-02-01T23:06:28Z,u_000922,push,stress_relief_program,delivered
m_000000719,2026-01-27T15:04:09Z,u_003950,sms,heart_health_month,delivered
m_000000720,2026-01-31T11:29:34Z,u_000577,sms,sleep_challenge,delivered
m_000000721,2026-01-30T12:10:01Z,u_003234,email,weight_loss_series,opened
m_000000722,2026-01-27T06:36:01Z,u_000751,email,weight_loss_series,sent
m_000000723,2026-01-27T06:42:26Z,u_001973,push,stress_relief_program,sent
m_000000724,2026-01-27T02:54:57Z,u_001528,email,stress_relief_program,sent
m_000000725,2026-01-27T20:17:56Z,u_000308,sms,stress_relief_program,delivered
m_000000726,2026-01-30T02:16:33Z,u_002894,push,new_content_alert,sent
m_000000727,2026-01-31T10:27:51Z,u_004986,email,weight_loss_series,sent
m_000000728,2026-02-01T06:18:41Z,u_001589,email,sleep_challenge,clicked
m_000000729,2026-01-31T04:31:49Z,u_002868,sms,sleep_challenge,sent
m_000000730,2026-02-01T10:49:47Z,u_003953,push,stress_relief_program,clicked
m_000000731,2026-02-02T11:03:22Z,u_000214,sms,weight_loss_series,sent
m_000000732,2026-01-30T20:12:32Z,u_001805,email,heart_health_month,delivered
m_000000733,2026-01-27T02:46:36Z,u_000924,sms,stress_relief_program,sent
m_000000734,2026-01-28T22:45:58Z,u_000426,sms,sleep_challenge,sent
m_000000735,2026-01-27T04:31:53Z,u_004728,sms,new_content_alert,sent
m_000000736,2026-01-28T18:23:32Z,u_002904,email,heart_health_month,sent
m_000000737,2026-01-30T09:15:40Z,u_004513,email,weekly_digest,opened
m_000000738,2026-01-28T11:53:10Z,u_001886,email,heart_health_month,delivered
m_000000739,2026-01-31T15:22:35Z,u_002666,push,heart_health_month,opened
m_000000740,2026-01-31T15:51:05Z,u_004099,push,sleep_challenge,sent
m_000000741,2026-01-28T09:35:32Z,u_001732,sms,weight_loss_series,sent
m_000000742,2026-02-01T21:34:35Z,u_004482,sms,weight_loss_series,sent
m_000000743,2026-01-28T09:57:20Z,u_001177,sms,weight_loss_series,sent
m_000000744,2026-02-02T02:19:54Z,u_001826,email,stress_relief_program,sent
m_000000745,2026-01-28T09:38:42Z,u_004429,sms,stress_relief_program,sent
m_000000746,2026-02-02T05:55:14Z,u_001275,email,heart_health_month,sent
m_000000747,2026-01-31T11:12:51Z,u_000322,sms,weight_loss_series,sent
m_000000748,2026-01-30T21:21:21Z,u_003505,sms,weight_loss_series,delivered
m_000000749,2026-02-02T19:35:31Z,u_001202,sms,weight_loss_series,sent
m_000000750,2026-01-27T11:18:45Z,u_001447,push,weekly_digest,sent
m_000000751,2026-01-28T16:22:55Z,u_000723,push,weekly_digest,delivered
m_000000752,2026-01-29T10:35:45Z,u_000597,email,heart_health_month,sent
m_000000753,2026-01-31T05:09:23Z,u_000356,email,new_content_alert,sent
m_000000754,2026-01-27T13:42:15Z,u_000484,push,new_content_alert,sent
m_000000755,2026-01-31T23:36:17Z,u_000752,push,sleep_challenge,sent
m_000000756,2026-01-28T04:17:42Z,u_004535,push,weight_loss_series,sent
m_000000757,2026-01-27T06:45:11Z,u_002326,sms,weight_loss_series,sent
m_000000758,2026-02-02T10:15:45Z,u_002521,email,sleep_challenge,sent
m_000000759,2026-01-30T22:10:44Z,u_001623,sms,heart_health_month,sent
m_000000760,2026-01-30T00:28:42Z,u_001170,email,weight_loss_series,delivered
m_000000761,2026-02-02T08:49:36Z,u_003185,email,new_content_alert,sent
m_000000762,2026-02-02T06:19:35Z,u_002502,sms,weekly_digest,sent
m_000000763,2026-02-01T04:49:10Z,u_001697,email,heart_health_month,sent
m_000000764,2026-02-01T00:40:37Z,u_004879,push,stress_relief_program,sent
m_000000765,2026-01-29T07:17:08Z,u_001779,push,stress_relief_program,delivered
m_000000766,2026-02-01T13:11:28Z,u_004017,sms,weight_loss_series,sent
m_000000767,2026-01-29T14:16:19Z,u_002835,sms,weight_loss_series,sent
m_000000768,2026-02-01T21:39:16Z,u_000954,push,heart_health_month,clicked
m_000000769,2026-02-01T19:56:05Z,u_000296,sms,weekly_digest,sent
m_000000770,2026-01-28T10:19:27Z,u_003672,push,sleep_challenge,sent
m_000000771,2026-02-01T16:22:49Z,u_000197,email,sleep_challenge,sent
m_000000772,2026-01-27T07:22:02Z,u_003764,sms,sleep_challenge,sent
m_000000773,2026-01-27T08:08:08Z,u_003290,sms,stress_relief_program,opened
m_000000774,2026-01-27T09:27:37Z,u_003793,push,heart_health_month,clicked
m_000000775,2026-01-28T01:56:49Z,u_004006,push,sleep_challenge,sent
m_000000776,2026-01-31T15:16:55Z,u_002539,sms,sleep_challenge,sent
m_000000777,2026-01-31T12:53:00Z,u_002209,push,heart_health_month,clicked
m_000000778,2026-01-27T06:04:22Z,u_001115,email,weight_loss_series,opened
m_000000779,2026-02-02T14:38:15Z,u_001692,push,weight_loss_series,sent
m_000000780,2026-01-26T23:30:45Z,u_003933,push,stress_relief_program,sent
m_000000781,2026-01-31T11:32:33Z,u_001747,push,heart_health_month,sent
m_000000782,2026-01-30T07:25:24Z,u_003644,sms,stress_relief_program,delivered
m_000000783,2026-01-29T09:53:43Z,u_003929,sms,stress_relief_program,sent
m_000000784,2026-01-29T11:23:02Z,u_004510,email,heart_health_month,sent
m_000000785,2026-02-02T12:29:42Z,u_004213,sms,heart_health_month,sent
m_000000786,2026-01-28T04:40:38Z,u_002574,push,weight_loss_series,sent
m_000000787,2026-01-28T18:35:42Z,u_004971,push,weekly_digest,opened
m_000000788,2026-01-27T21:55:27Z,u_002528,email,heart_health_month,sent
m_000000789,2026-01-29T05:17:15Z,u_001208,email,weekly_digest,delivered
m_000000790,2026-01-29T13:39:00Z,u_000557,sms,weight_loss_series,sent
m_000000791,2026-02-01T17:10:31Z,u_003185,sms,weekly_digest,unsubscribed
m_000000792,2026-01-29T00:19:08Z,u_000537,email,new_content_alert,sent
m_000000793,2026-01-29T12:52:14Z,u_001309,push,new_content_alert,sent
m_000000794,2026-01-30T08:22:51Z,u_001147,email,heart_health_month,delivered
m_000000795,2026-02-02T18:33:39Z,u_000030,sms,sleep_challenge,sent
m_000000796,2026-01-28T10:44:17Z,u_003281,push,weight_loss_series,delivered
m_000000797,2026-01-27T08:42:54Z,u_004640,sms,heart_health_month,opened
m_000000798,2026-01-27T10:48:12Z,u_001392,sms,heart_health_month,opened
m_000000799,2026-01-31T11:17:57Z,u_001939,email,new_content_alert,sent
m_000000800,2026-02-01T22:39:42Z,u_002577,email,new_content_alert,sent
m_000000801,2026-01-29T17:51:54Z,u_000362,sms,stress_relief_program,delivered
m_000000802,2026-01-27T18:00:50Z,u_003733,email,sleep_challenge,sent
m_000000803,2026-02-01T18:11:38Z,u_000392,email,weight_loss_series,delivered
m_000000804,2026-01-30T04:56:31Z,u_000071,push,heart_health_month,opened
m_000000805,2026-01-28T22:24:40Z,u_001822,sms,heart_health_month,sent
m_000000806,2026-02-02T02:56:39Z,u_004955,sms,weekly_digest,delivered
m_000000807,2026-02-01T16:06:11Z,u_004348,sms,stress_relief_program,delivered
m_000000808,2026-01-27T07:54:53Z,u_004975,email,new_content_alert,sent
m_000000809,2026-01-31T04:26:13Z,u_000670,sms,weekly_digest,delivered
m_000000810,2026-01-31T21:30:04Z,u_002477,sms,sleep_challenge,delivered
m_000000811,2026-02-02T08:19:24Z,u_000988,email,stress_relief_program,delivered
m_000000812,2026-02-02T09:27:28Z,u_003257,sms,weight_loss_series,sent
m_000000813,2026-02-01T14:05:35Z,u_004836,email,stress_relief_program,opened
m_000000814,2026-01-27T20:20:40Z,u_003307,sms,heart_health_month,sent
m_000000815,2026-01-29T00:48:43Z,u_002526,push,stress_relief_program,sent
m_000000816,2026-01-27T13:49:42Z,u_003404,push,stress_relief_program,sent
m_000000817,2026-02-02T17:52:45Z,u_003218,email,heart_health_month,sent
m_000000818,2026-01-30T22:18:49Z,u_003496,sms,new_content_alert,delivered
m_000000819,2026-02-02T15:55:17Z,u_003176,email,sleep_challenge,sent
m_000000820,2026-02-01T23:34:26Z,u_004287,email,weekly_digest,delivered
m_000000821,2026-02-01T09:24:34Z,u_004550,email,weekly_digest,clicked
m_000000822,2026-01-31T00:29:29Z,u_004738,sms,weekly_digest,sent
m_000000823,2026-01-30T05:02:31Z,u_003622,email,weight_loss_series,delivered
m_000000824,2026-01-30T09:29:53Z,u_000053,email,weekly_digest,sent
m_000000825,2026-01-31T02:14:07Z,u_000629,email,heart_health_month,sent
m_000000826,2026-01-31T20:54:34Z,u_001581,push,new_content_alert,sent
m_000000827,2026-02-01T18:55:14Z,u_002076,email,stress_relief_program,clicked
m_000000828,2026-01-29T15:56:26Z,u_004812,sms,new_content_alert,delivered
m_000000829,2026-02-01T23:52:46Z,u_000021,sms,weight_loss_series,sent
m_000000830,2026-01-31T04:38:08Z,u_004606,email,weekly_digest,sent
m_000000831,2026-01-31T01:45:24Z,u_004943,email,new_content_alert,sent
m_000000832,2026-01-29T04:39:45Z,u_003135,push,weight_loss_series,sent
m_000000833,2026-02-01T03:07:56Z,u_002794,sms,new_content_alert,opened
m_000000834,2026-01-30T02:17:09Z,u_003419,email,weekly_digest,opened
m_000000835,2026-01-28T00:57:05Z,u_002663,email,weight_loss_series,opened
m_000000836,2026-01-28T17:17:31Z,u_000690,push,weight_loss_series,sent
m_000000837,2026-01-28T21:07:05Z,u_003621,sms,new_content_alert,sent
m_000000838,2026-01-31T12:39:08Z,u_003684,email,stress_relief_program,sent
m_000000839,2026-01-28T13:28:55Z,u_000628,email,weight_loss_series,sent
m_000000840,2026-02-02T11:47:03Z,u_002921,sms,weight_loss_series,opened
m_000000841,2026-01-28T02:59:38Z,u_000339,sms,weekly_digest,sent
m_000000842,2026-01-29T00:43:24Z,u_002642,push,sleep_challenge,sent
m_000000843,2026-02-02T18:53:39Z,u_001613,email,new_content_alert,delivered
m_000000844,2026-02-02T09:13:40Z,u_003917,email,sleep_challenge,sent
m_000000845,2026-02-02T14:51:28Z,u_001271,email,sleep_challenge,sent
m_000000846,2026-01-29T08:25:38Z,u_001885,sms,new_content_alert,sent
m_000000847,2026-02-02T19:57:57Z,u_002286,email,weight_loss_series,sent
m_000000848,2026-01-31T00:55:04Z,u_002557,email,heart_health_month,sent
m_000000849,2026-02-01T22:12:47Z,u_000181,email,sleep_challenge,opened
m_000000850,2026-02-01T06:15:30Z,u_003044,push,new_content_alert,sent
m_000000851,2026-01-29T21:36:45Z,u_004048,sms,weekly_digest,sent
m_000000852,2026-01-31T03:06:49Z,u_004421,email,new_content_alert,delivered
m_000000853,2026-01-30T00:24:45Z,u_000055,push,stress_relief_program,opened
m_000000854,2026-01-29T21:31:06Z,u_000467,push,stress_relief_program,sent
m_000000855,2026-02-01T20:51:28Z,u_003875,email,sleep_challenge,sent
m_000000856,2026-02-01T12:34:45Z,u_001280,push,stress_relief_program,sent
m_000000857,2026-01-30T00:07:57Z,u_002191,push,weekly_digest,sent
m_000000858,2026-01-29T16:36:46Z,u_002630,push,stress_relief_program,sent
m_000000859,2026-01-30T05:49:40Z,u_003599,email,weight_loss_series,sent
m_000000860,2026-01-30T09:09:02Z,u_001582,push,new_content_alert,sent
m_000000861,2026-01-30T18:15:53Z,u_002665,email,sleep_challenge,sent
m_000000862,2026-02-01T09:47:40Z,u_002346,email,sleep_challenge,sent
m_000000863,2026-01-28T21:11:17Z,u_003483,sms,weekly_digest,sent
m_000000864,2026-01-31T06:42:30Z,u_004920,email,stress_relief_program,sent
m_000000865,2026-01-29T21:20:22Z,u_003397,sms,weekly_digest,unsubscribed
m_000000866,2026-01-29T16:51:20Z,u_003172,push,weekly_digest,sent
m_000000867,2026-01-31T21:21:33Z,u_003439,sms,weight_loss_series,sent
m_000000868,2026-02-02T11:08:49Z,u_002120,push,new_content_alert,delivered
m_000000869,2026-01-31T11:18:13Z,u_004451,push,sleep_challenge,sent
m_000000870,2026-01-28T19:06:29Z,u_000939,sms,weekly_digest,opened
m_000000871,2026-01-29T12:25:05Z,u_004831,email,weekly_digest,opened
m_000000872,2026-02-02T05:33:21Z,u_003405,email,weekly_digest,opened
m_000000873,2026-01-30T10:22:47Z,u_000586,sms,weight_loss_series,sent
m_000000874,2026-01-31T12:49:32Z,u_003919,email,heart_health_month,sent
m_000000875,2026-01-27T04:34:39Z,u_003554,sms,stress_relief_program,sent
m_000000876,2026-01-30T18:13:36Z,u_004972,push,new_content_alert,sent
m_000000877,2026-01-28T14:45:06Z,u_003942,email,new_content_alert,sent
m_000000878,2026-01-30T16:25:52Z,u_003717,email,new_content_alert,sent
m_000000879,2026-02-01T20:48:20Z,u_000484,push,weekly_digest,sent
m_000000880,2026-01-28T00:18:55Z,u_002830,sms,weight_loss_series,sent
m_000000881,2026-02-02T10:45:24Z,u_000619,email,weekly_digest,opened
m_000000882,2026-02-01T09:08:36Z,u_000564,email,new_content_alert,sent
m_000000883,2026-02-01T20:39:01Z,u_002429,email,sleep_challenge,delivered
m_000000884,2026-01-29T02:55:17Z,u_001093,sms,new_content_alert,sent
m_000000885,2026-01-31T12:58:35Z,u_003010,email,weekly_digest,sent
m_000000886,2026-02-01T06:03:33Z,u_001880,email,sleep_challenge,sent
m_000000887,2026-01-31T02:53:55Z,u_004714,email,weekly_digest,sent
m_000000888,2026-01-30T20:07:49Z,u_002285,push,heart_health_month,sent
m_000000889,2026-01-30T23:02:50Z,u_004890,email,weight_loss_series,sent
m_000000890,2026-01-28T16:55:07Z,u_003440,push,weight_loss_series,sent
m_000000891,2026-02-02T19:21:07Z,u_000881,email,weight_loss_series,sent
m_000000892,2026-01-29T18:47:39Z,u_003328,email,weekly_digest,sent
m_000000893,2026-01-27T08:41:01Z,u_001402,email,sleep_challenge,sent
m_000000894,2026-01-30T12:45:59Z,u_004152,push,stress_relief_program,sent
m_000000895,2026-01-27T12:01:24Z,u_000129,push,weekly_digest,sent
m_000000896,2026-02-01T20:53:35Z,u_002216,push,heart_health_month,sent
m_000000897,2026-01-30T21:58:52Z,u_003706,sms,stress_relief_program,delivered
m_000000898,2026-01-31T07:04:36Z,u_002769,email,stress_relief_program,sent
m_000000899,2026-01-30T16:43:23Z,u_000047,push,weight_loss_series,delivered
m_000000900,2026-01-27T23:22:53Z,u_000874,sms,stress_relief_program,sent
m_000000901,2026-01-29T16:21:20Z,u_003080,email,stress_relief_program,sent
m_000000902,2026-01-27T08:46:30Z,u_001452,push,new_content_alert,opened
m_000000903,2026-01-31T19:43:36Z,u_003632,sms,weekly_digest,sent
m_000000904,2026-01-28T09:45:58Z,u_002566,email,heart_health_month,sent
m_000000905,2026-01-28T01:06:14Z,u_000607,push,new_content_alert,sent
m_000000906,2026-01-27T21:03:02Z,u_001883,sms,sleep_challenge,delivered
m_000000907,2026-01-30T11:50:03Z,u_001042,push,stress_relief_program,sent
m_000000908,2026-01-30T09:30:07Z,u_004116,email,sleep_challenge,sent
m_000000909,2026-01-30T23:58:54Z,u_004522,push,weight_loss_series,delivered
m_000000910,2026-01-30T19:02:36Z,u_004509,push,weekly_digest,delivered
m_000000911,2026-01-27T02:16:20Z,u_004208,email,weight_loss_series,delivered
m_000000912,2026-01-27T21:44:56Z,u_002113,email,new_content_alert,delivered
m_000000913,2026-02-02T04:44:00Z,u_002939,sms,sleep_challenge,opened
m_000000914,2026-02-01T17:42:30Z,u_000841,sms,weekly_digest,sent
m_000000915,2026-01-28T20:57:30Z,u_000824,email,sleep_challenge,sent
m_000000916,2026-02-01T08:47:19Z,u_002882,email,stress_relief_program,sent
m_000000917,2026-01-29T19:16:29Z,u_003193,email,sleep_challenge,opened
m_000000918,2026-02-02T02:26:01Z,u_004940,email,stress_relief_program,sent
m_000000919,2026-02-01T15:49:09Z,u_000127,email,new_content_alert,sent
m_000000920,2026-01-31T18:45:50Z,u_001872,sms,weekly_digest,sent
m_000000921,2026-01-28T22:59:41Z,u_002210,push,weight_loss_series,sent
m_000000922,2026-01-31T08:40:37Z,u_000441,sms,stress_relief_program,sent
m_000000923,2026-02-01T20:34:14Z,u_004625,sms,weekly_digest,unsubscribed
m_000000924,2026-02-02T10:02:08Z,u_004427,push,weight_loss_series,sent
m_000000925,2026-01-30T21:00:07Z,u_004471,sms,weight_loss_series,sent
m_000000926,2026-02-01T04:11:32Z,u_004350,push,sleep_challenge,sent
m_000000927,2026-02-01T22:21:56Z,u_001789,push,new_content_alert,sent
m_000000928,2026-01-30T11:14:27Z,u_001566,push,weight_loss_series,opened
m_000000929,2026-02-02T11:34:13Z,u_004294,sms,new_content_alert,sent
m_000000930,2026-01-28T08:29:50Z,u_002654,sms,sleep_challenge,opened
m_000000931,2026-01-29T03:29:22Z,u_003566,email,sleep_challenge,sent
m_000000932,2026-01-30T18:59:23Z,u_003472,sms,weight_loss_series,sent
m_000000933,2026-01-27T08:37:08Z,u_000654,email,weekly_digest,delivered
m_000000934,2026-01-30T15:02:52Z,u_003615,email,new_content_alert,delivered
m_000000935,2026-01-31T00:36:30Z,u_004456,push,weight_loss_series,sent
m_000000936,2026-01-29T18:38:06Z,u_000991,push,new_content_alert,opened
m_000000937,2026-01-31T13:59:03Z,u_000321,email,heart_health_month,delivered
m_000000938,2026-01-27T01:59:13Z,u_002646,sms,heart_health_month,sent
m_000000939,2026-01-29T10:52:26Z,u_001026,email,weight_loss_series,sent
m_000000940,2026-01-28T06:05:47Z,u_003920,sms,heart_health_month,delivered
m_000000941,2026-01-29T06:12:51Z,u_002694,push,sleep_challenge,delivered
m_000000942,2026-02-01T03:35:37Z,u_001405,email,new_content_alert,sent
m_000000943,2026-01-30T09:42:35Z,u_004648,push,new_content_alert,opened
m_000000944,2026-01-27T07:39:15Z,u_000502,email,weight_loss_series,sent
m_000000945,2026-01-27T03:00:29Z,u_001476,push,heart_health_month,clicked
m_000000946,2026-01-27T11:53:46Z,u_002190,email,weight_loss_series,sent
m_000000947,2026-01-29T07:28:26Z,u_001216,push,heart_health_month,opened
m_000000948,2026-01-28T13:51:42Z,u_003630,sms,stress_relief_program,delivered
m_000000949,2026-02-01T04:14:40Z,u_004813,push,sleep_challenge,sent
m_000000950,2026-01-29T08:28:14Z,u_002078,email,weight_loss_series,sent
m_000000951,2026-01-30T20:27:36Z,u_003483,email,sleep_challenge,sent
m_000000952,2026-01-31T04:19:29Z,u_004846,push,new_content_alert,sent
m_000000953,2026-01-29T09:56:46Z,u_001393,email,stress_relief_program,sent
m_000000954,2026-01-28T11:58:07Z,u_004516,email,heart_health_month,sent
m_000000955,2026-01-27T06:17:11Z,u_004869,email,new_content_alert,sent
m_000000956,2026-01-30T12:12:43Z,u_002116,sms,weight_loss_series,sent
m_000000957,2026-01-29T17:17:19Z,u_003520,push,sleep_challenge,clicked
m_000000958,2026-01-31T12:36:34Z,u_000062,sms,heart_health_month,sent
m_000000959,2026-02-01T07:08:20Z,u_001843,email,stress_relief_program,sent
m_000000960,2026-01-31T01:42:55Z,u_002532,push,heart_health_month,sent
m_000000961,2026-02-02T19:03:56Z,u_004360,email,sleep_challenge,sent
m_000000962,2026-02-02T09:17:57Z,u_000880,email,heart_health_month,sent
m_000000963,2026-02-01T16:15:48Z,u_000062,push,weight_loss_series,sent
m_000000964,2026-02-01T16:52:29Z,u_002481,email,new_content_alert,sent
m_000000965,2026-02-02T04:28:52Z,u_003021,sms,weekly_digest,opened
m_000000966,2026-01-28T11:19:36Z,u_000914,email,stress_relief_program,clicked
m_000000967,2026-02-01T18:10:06Z,u_003821,email,weight_loss_series,sent
m_000000968,2026-02-01T04:07:08Z,u_004782,push,stress_relief_program,delivered
m_000000969,2026-01-31T07:13:08Z,u_000752,email,weekly_digest,opened
m_000000970,2026-02-02T07:34:47Z,u_004049,sms,weight_loss_series,delivered
m_000000971,2026-01-28T04:24:35Z,u_004634,sms,weekly_digest,sent
m_000000972,2026-01-27T02:43:36Z,u_002453,push,heart_health_month,sent
m_000000973,2026-01-30T16:37:18Z,u_004048,sms,sleep_challenge,sent
m_000000974,2026-01-28T12:14:22Z,u_001637,email,heart_health_month,opened
m_000000975,2026-02-01T07:19:23Z,u_003760,email,new_content_alert,opened
m_000000976,2026-01-29T23:29:08Z,u_001333,email,sleep_challenge,sent
m_000000977,2026-01-29T15:01:54Z,u_000319,sms,new_content_alert,sent
m_000000978,2026-02-02T04:34:53Z,u_002195,email,sleep_challenge,sent
m_000000979,2026-02-01T09:21:59Z,u_001001,push,weekly_digest,sent
m_000000980,2026-02-02T06:05:28Z,u_001816,sms,new_content_alert,delivered
m_000000981,2026-01-30T12:26:53Z,u_000821,email,new_content_alert,sent
m_000000982,2026-01-30T09:19:01Z,u_004402,email,sleep_challenge,delivered
m_000000983,2026-01-28T16:51:25Z,u_002361,push,sleep_challenge,delivered
m_000000984,2026-01-28T08:58:10Z,u_004971,push,heart_health_month,sent
m_000000985,2026-01-28T04:50:25Z,u_000483,push,new_content_alert,sent
m_000000986,2026-02-01T04:11:49Z,u_002928,push,weekly_digest,delivered
m_000000987,2026-02-02T09:01:34Z,u_002930,sms,heart_health_month,sent
m_000000988,2026-01-31T01:20:15Z,u_001668,email,weekly_digest,sent
m_000000989,2026-02-01T09:38:22Z,u_004132,push,weekly_digest,delivered
m_000000990,2026-01-28T23:42:44Z,u_000230,sms,sleep_challenge,sent
m_000000991,2026-01-31T23:35:06Z,u_002855,email,weight_loss_series,sent
m_000000992,2026-01-29T10:22:51Z,u_001286,email,stress_relief_program,sent
m_000000993,2026-01-31T16:16:59Z,u_004063,push,stress_relief_program,sent
m_000000994,2026-02-01T09:21:54Z,u_004739,email,heart_health_month,sent
m_000000995,2026-01-30T22:34:15Z,u_001092,sms,stress_relief_program,sent
m_000000996,2026-01-31T16:16:26Z,u_001401,push,sleep_challenge,sent
m_000000997,2026-01-27T23:00:02Z,u_000034,email,heart_health_month,sent
m_000000998,2026-01-27T14:57:42Z,u_000492,email,stress_relief_program,sent
m_000000999,2026-01-29T12:01:17Z,u_000204,sms,weight_loss_series,sent
m_000001000,2026-01-30T22:18:12Z,u_000258,sms,stress_relief_program,sent
m_000001001,2026-01-31T03:43:39Z,u_002167,sms,weight_loss_series,delivered
m_000001002,2026-02-02T12:19:26Z,u_000638,push,sleep_challenge,sent
m_000001003,2026-01-27T21:51:46Z,u_003727,sms,new_content_alert,delivered
m_000001004,2026-01-29T00:32:41Z,u_002720,sms,stress_relief_program,delivered
m_000001005,2026-01-31T06:26:19Z,u_001348,email,weekly_digest,sent
m_000001006,2026-01-27T17:41:14Z,u_004465,push,weight_loss_series,sent
m_000001007,2026-01-30T17:54:38Z,u_003172,sms,new_content_alert,sent
m_000001008,2026-01-28T22:42:54Z,u_001523,sms,weight_loss_series,delivered
m_000001009,2026-01-27T11:23:34Z,u_001423,sms,heart_health_month,sent
m_000001010,2026-01-28T04:31:08Z,u_000845,push,new_content_alert,clicked
m_000001011,2026-01-30T00:34:22Z,u_001776,push,heart_health_month,sent
m_000001012,2026-01-30T20:10:02Z,u_004692,email,heart_health_month,sent
m_000001013,2026-01-30T17:15:53Z,u_004775,sms,sleep_challenge,sent
m_000001014,2026-02-02T17:54:56Z,u_004618,push,weekly_digest,opened
m_000001015,2026-02-02T07:27:36Z,u_001625,email,new_content_alert,delivered
m_000001016,2026-01-30T16:45:08Z,u_004851,sms,sleep_challenge,sent
m_000001017,2026-02-01T23:04:05Z,u_002036,push,weekly_digest,delivered
m_000001018,2026-01-27T17:53:46Z,u_000889,email,heart_health_month,delivered
m_000001019,2026-01-30T17:16:55Z,u_004713,push,weight_loss_series,sent
m_000001020,2026-01-29T01:03:17Z,u_002369,sms,new_content_alert,sent
m_000001021,2026-01-31T01:55:04Z,u_000531,email,sleep_challenge,delivered
m_000001022,2026-01-28T01:05:23Z,u_001791,sms,new_content_alert,sent
m_000001023,2026-02-02T18:54:29Z,u_002187,email,weight_loss_series,opened
m_000001024,2026-01-28T03:26:03Z,u_004930,push,stress_relief_program,sent
m_000001025,2026-02-02T00:15:51Z,u_004251,sms,stress_relief_program,sent
m_000001026,2026-02-01T06:37:43Z,u_002969,sms,sleep_challenge,sent
m_000001027,2026-01-30T04:54:57Z,u_003399,sms,weekly_digest,sent
m_000001028,2026-01-29T15:59:46Z,u_001634,push,weight_loss_series,opened
m_000001029,2026-01-29T06:15:31Z,u_002638,push,sleep_challenge,sent
m_000001030,2026-01-28T06:31:32Z,u_003562,email,weekly_digest,opened
m_000001031,2026-01-27T21:02:57Z,u_001125,sms,sleep_challenge,sent
m_000001032,2026-01-30T09:02:17Z,u_001229,push,weekly_digest,opened
m_000001033,2026-01-26T22:06:03Z,u_002935,push,sleep_challenge,clicked
m_000001034,2026-02-02T11:39:37Z,u_000372,email,stress_relief_program,clicked
m_000001035,2026-01-30T09:23:26Z,u_004723,push,new_content_alert,sent
m_000001036,2026-01-26T23:41:35Z,u_001762,sms,heart_health_month,delivered
m_000001037,2026-02-01T05:09:50Z,u_001339,sms,stress_relief_program,delivered
m_000001038,2026-01-28T02:26:56Z,u_000686,push,new_content_alert,clicked
m_000001039,2026-01-28T14:28:25Z,u_001056,sms,heart_health_month,sent
m_000001040,2026-01-27T17:28:20Z,u_003836,push,stress_relief_program,sent
m_000001041,2026-01-26T22:07:18Z,u_000608,email,weight_loss_series,sent
m_000001042,2026-01-31T11:59:36Z,u_000998,email,weight_loss_series,sent
m_000001043,2026-01-30T07:27:08Z,u_004907,email,new_content_alert,sent
m_000001044,2026-01-29T17:16:53Z,u_002644,email,weight_loss_series,sent
m_000001045,2026-01-29T22:54:23Z,u_002552,sms,new_content_alert,opened
m_000001046,2026-01-27T08:33:24Z,u_002722,email,stress_relief_program,sent
m_000001047,2026-01-30T13:55:30Z,u_002268,push,stress_relief_program,sent
m_000001048,2026-01-28T02:36:37Z,u_004478,push,stress_relief_program,clicked
m_000001049,2026-02-01T06:01:38Z,u_002598,sms,weekly_digest,sent
m_000001050,2026-02-02T01:27:41Z,u_001628,push,heart_health_month,sent
m_000001051,2026-01-30T17:33:07Z,u_003059,sms,weight_loss_series,sent
m_000001052,2026-01-27T04:36:25Z,u_004262,push,heart_health_month,opened
m_000001053,2026-01-28T13:23:04Z,u_004247,email,sleep_challenge,opened
m_000001054,2026-02-01T14:14:08Z,u_001911,sms,stress_relief_program,delivered
m_000001055,2026-01-28T20:30:47Z,u_004692,sms,sleep_challenge,sent
m_000001056,2026-02-01T05:33:30Z,u_000279,sms,stress_relief_program,sent
m_000001057,2026-01-31T22:50:27Z,u_002225,push,sleep_challenge,delivered
m_000001058,2026-01-31T14:18:29Z,u_000721,email,weekly_digest,opened
m_000001059,2026-02-02T11:02:51Z,u_002508,email,weight_loss_series,opened
m_000001060,2026-01-31T08:53:10Z,u_001887,push,stress_relief_program,sent
m_000001061,2026-01-30T23:20:47Z,u_002430,sms,weekly_digest,opened
m_000001062,2026-01-28T13:20:39Z,u_003404,email,sleep_challenge,sent
m_000001063,2026-02-02T14:54:07Z,u_002503,push,sleep_challenge,sent
m_000001064,2026-02-01T13:12:28Z,u_001116,push,new_content_alert,sent
m_000001065,2026-01-30T13:24:18Z,u_002893,push,heart_health_month,sent
m_000001066,2026-01-29T10:10:16Z,u_001411,sms,heart_health_month,sent
m_000001067,2026-01-30T07:15:57Z,u_000486,sms,heart_health_month,sent
m_000001068,2026-01-30T18:16:10Z,u_003292,email,stress_relief_program,sent
m_000001069,2026-01-26T21:19:45Z,u_003599,push,heart_health_month,sent
m_000001070,2026-01-30T11:32:51Z,u_002301,email,sleep_challenge,sent
m_000001071,2026-02-02T06:39:26Z,u_000436,email,sleep_challenge,sent
m_000001072,2026-01-29T15:32:00Z,u_001553,email,heart_health_month,delivered
m_000001073,2026-01-29T10:39:47Z,u_003988,sms,heart_health_month,sent
m_000001074,2026-02-02T01:01:14Z,u_003863,email,stress_relief_program,delivered
m_000001075,2026-01-30T02:03:20Z,u_002587,sms,weight_loss_series,sent
m_000001076,2026-01-27T23:13:12Z,u_004694,push,stress_relief_program,sent
m_000001077,2026-02-02T11:36:11Z,u_004565,sms,weekly_digest,delivered
m_000001078,2026-01-29T17:07:52Z,u_002335,sms,heart_health_month,sent
m_000001079,2026-01-29T07:46:14Z,u_002483,email,weekly_digest,sent
m_000001080,2026-02-01T08:41:40Z,u_000141,email,heart_health_month,sent
m_000001081,2026-01-31T19:16:48Z,u_001725,sms,sleep_challenge,opened
m_000001082,2026-02-02T05:51:19Z,u_003630,email,heart_health_month,sent
m_000001083,2026-01-30T02:39:56Z,u_004074,push,weight_loss_series,sent
m_000001084,2026-01-28T17:03:56Z,u_003546,sms,heart_health_month,sent
m_000001085,2026-01-28T17:37:08Z,u_003438,push,weekly_digest,delivered
m_000001086,2026-01-28T11:22:54Z,u_001443,sms,sleep_challenge,clicked
m_000001087,2026-02-02T17:11:41Z,u_002652,sms,new_content_alert,delivered
m_000001088,2026-02-02T08:28:05Z,u_003950,sms,weight_loss_series,sent
m_000001089,2026-01-31T16:10:46Z,u_004933,sms,sleep_challenge,delivered
m_000001090,2026-01-29T01:18:03Z,u_001385,sms,stress_relief_program,sent
m_000001091,2026-01-31T16:04:07Z,u_004125,push,heart_health_month,sent
m_000001092,2026-01-27T18:37:43Z,u_004937,sms,new_content_alert,sent
m_000001093,2026-01-28T22:41:01Z,u_000428,email,stress_relief_program,delivered
m_000001094,2026-02-01T18:27:39Z,u_000802,push,new_content_alert,sent
m_000001095,2026-01-27T20:52:51Z,u_001007,push,weekly_digest,sent
m_000001096,2026-01-28T08:37:40Z,u_004960,push,weekly_digest,sent
m_000001097,2026-01-26T20:35:36Z,u_002427,sms,heart_health_month,clicked
m_000001098,2026-02-02T15:48:41Z,u_003859,email,heart_health_month,delivered
m_000001099,2026-02-01T14:03:08Z,u_001007,push,stress_relief_program,delivered
m_000001100,2026-01-29T09:34:10Z,u_002784,email,stress_relief_program,sent
m_000001101,2026-02-01T13:25:36Z,u_002102,push,new_content_alert,sent
m_000001102,2026-01-30T22:57:34Z,u_002997,sms,sleep_challenge,delivered
m_000001103,2026-02-02T15:49:18Z,u_001892,email,sleep_challenge,delivered
m_000001104,2026-01-30T21:11:14Z,u_002528,sms,stress_relief_program,sent
m_000001105,2026-01-30T15:51:41Z,u_002006,push,weight_loss_series,sent
m_000001106,2026-01-28T08:37:55Z,u_004280,push,heart_health_month,sent
m_000001107,2026-02-01T23:31:01Z,u_003092,sms,stress_relief_program,sent
m_000001108,2026-01-28T19:29:10Z,u_000719,sms,weight_loss_series,opened
m_000001109,2026-01-30T15:20:23Z,u_002995,push,weight_loss_series,sent
m_000001110,2026-01-29T15:53:51Z,u_000334,email,sleep_challenge,sent
m_000001111,2026-01-31T07:30:35Z,u_000023,email,weekly_digest,delivered
m_000001112,2026-02-01T21:24:11Z,u_000828,push,weight_loss_series,sent
m_000001113,2026-02-01T14:20:01Z,u_003893,email,stress_relief_program,opened
m_000001114,2026-02-02T17:01:42Z,u_003083,push,new_content_alert,delivered
m_000001115,2026-02-02T07:47:41Z,u_004907,sms,weight_loss_series,sent
m_000001116,2026-01-27T09:36:05Z,u_001096,email,sleep_challenge,delivered
m_000001117,2026-01-31T14:30:12Z,u_003125,sms,stress_relief_program,opened
m_000001118,2026-02-01T19:50:03Z,u_000657,sms,weekly_digest,sent
m_000001119,2026-01-28T14:11:28Z,u_004462,push,sleep_challenge,sent
m_000001120,2026-01-29T08:21:42Z,u_001680,email,sleep_challenge,delivered
m_000001121,2026-02-02T18:30:16Z,u_003883,sms,stress_relief_program,sent
m_000001122,2026-01-31T05:23:59Z,u_002046,push,sleep_challenge,sent
m_000001123,2026-01-28T13:45:10Z,u_002426,sms,heart_health_month,sent
m_000001124,2026-02-02T14:29:51Z,u_003485,email,stress_relief_program,sent
m_000001125,2026-02-02T14:28:48Z,u_002851,push,weight_loss_series,sent
m_000001126,2026-01-31T15:39:29Z,u_001557,sms,new_content_alert,sent
m_000001127,2026-01-28T04:56:24Z,u_000627,sms,sleep_challenge,sent
m_000001128,2026-02-01T16:25:57Z,u_003433,push,stress_relief_program,sent
m_000001129,2026-01-27T21:54:39Z,u_004704,email,new_content_alert,sent
m_000001130,2026-01-28T11:14:00Z,u_004098,push,sleep_challenge,delivered
m_000001131,2026-01-27T12:57:36Z,u_002389,push,sleep_challenge,clicked
m_000001132,2026-01-28T17:58:41Z,u_001894,push,weight_loss_series,sent
m_000001133,2026-01-27T16:18:30Z,u_002891,push,sleep_challenge,delivered
m_000001134,2026-01-26T23:33:49Z,u_003928,email,weekly_digest,sent
m_000001135,2026-01-30T07:35:52Z,u_001235,sms,new_content_alert,delivered
m_000001136,2026-02-01T12:49:15Z,u_002244,push,weekly_digest,delivered
m_000001137,2026-01-27T05:17:00Z,u_004772,sms,stress_relief_program,sent
m_000001138,2026-02-02T01:09:23Z,u_000801,sms,weight_loss_series,delivered
m_000001139,2026-01-30T21:59:36Z,u_004548,sms,heart_health_month,clicked
m_000001140,2026-02-02T01:21:29Z,u_000696,email,sleep_challenge,sent
m_000001141,2026-02-02T16:06:50Z,u_004543,sms,weekly_digest,opened
m_000001142,2026-01-29T01:13:22Z,u_003507,push,weight_loss_series,sent
m_000001143,2026-01-31T11:04:52Z,u_001154,push,heart_health_month,clicked
m_000001144,2026-01-27T22:03:44Z,u_000804,email,weekly_digest,sent
m_000001145,2026-02-02T10:44:48Z,u_000006,email,heart_health_month,delivered
m_000001146,2026-01-30T15:03:36Z,u_003744,sms,sleep_challenge,sent
m_000001147,2026-01-30T14:22:15Z,u_004998,email,weekly_digest,sent
m_000001148,2026-01-29T19:21:43Z,u_003888,push,heart_health_month,delivered
m_000001149,2026-02-01T06:43:46Z,u_000712,push,stress_relief_program,sent
m_000001150,2026-01-31T16:55:05Z,u_000147,sms,stress_relief_program,delivered
m_000001151,2026-02-02T04:47:58Z,u_003561,push,stress_relief_program,sent
m_000001152,2026-01-26T22:02:51Z,u_002421,email,stress_relief_program,delivered
m_000001153,2026-01-27T06:47:33Z,u_003864,email,new_content_alert,clicked
m_000001154,2026-02-01T01:40:29Z,u_003994,sms,sleep_challenge,sent
m_000001155,2026-02-01T10:01:11Z,u_000081,email,stress_relief_program,sent
m_000001156,2026-01-29T18:17:30Z,u_001215,push,weight_loss_series,sent
m_000001157,2026-01-29T12:57:02Z,u_001626,email,sleep_challenge,sent
m_000001158,2026-02-02T06:21:35Z,u_001796,push,weight_loss_series,delivered
m_000001159,2026-01-28T00:09:33Z,u_004965,push,weekly_digest,sent
m_000001160,2026-02-01T10:08:53Z,u_002291,push,stress_relief_program,clicked
m_000001161,2026-01-31T23:45:52Z,u_002658,push,heart_health_month,delivered
m_000001162,2026-01-27T08:36:34Z,u_000965,sms,weight_loss_series,opened
m_000001163,2026-02-02T16:05:03Z,u_003294,sms,new_content_alert,sent
m_000001164,2026-02-01T23:54:26Z,u_000512,sms,weekly_digest,delivered
m_000001165,2026-01-27T12:47:26Z,u_001814,sms,sleep_challenge,sent
m_000001166,2026-01-28T13:09:57Z,u_003081,sms,stress_relief_program,sent
m_000001167,2026-02-02T02:29:23Z,u_002636,email,heart_health_month,opened
m_000001168,2026-01-28T18:01:29Z,u_001350,sms,weekly_digest,clicked
m_000001169,2026-02-01T07:06:25Z,u_004680,push,stress_relief_program,sent
m_000001170,2026-01-28T03:25:28Z,u_000352,push,sleep_challenge,clicked
m_000001171,2026-01-28T03:46:20Z,u_000158,sms,new_content_alert,delivered
m_000001172,2026-02-02T17:33:25Z,u_001689,sms,heart_health_month,delivered
m_000001173,2026-01-28T20:58:18Z,u_001276,email,weight_loss_series,sent
m_000001174,2026-01-29T21:05:32Z,u_003051,sms,sleep_challenge,delivered
m_000001175,2026-02-02T04:28:46Z,u_000821,push,weekly_digest,delivered
m_000001176,2026-01-28T20:25:08Z,u_001714,email,weight_loss_series,clicked
m_000001177,2026-01-30T09:54:17Z,u_003209,sms,sleep_challenge,sent
m_000001178,2026-02-02T08:59:21Z,u_000618,push,stress_relief_program,sent
m_000001179,2026-01-31T14:57:09Z,u_003240,email,weekly_digest,sent
m_000001180,2026-01-29T08:10:57Z,u_003842,email,sleep_challenge,delivered
m_000001181,2026-01-30T03:10:21Z,u_004967,sms,new_content_alert,sent
m_000001182,2026-01-27T22:11:27Z,u_004901,push,heart_health_month,clicked
m_000001183,2026-01-29T05:16:30Z,u_003619,sms,heart_health_month,sent
m_000001184,2026-01-27T06:05:46Z,u_002967,email,new_content_alert,sent
m_000001185,2026-01-30T01:01:23Z,u_003848,sms,new_content_alert,sent
m_000001186,2026-01-31T07:22:55Z,u_003979,email,sleep_challenge,delivered
m_000001187,2026-02-01T02:38:18Z,u_002231,sms,heart_health_month,sent
m_000001188,2026-01-28T15:41:46Z,u_002214,email,stress_relief_program,delivered
m_000001189,2026-01-30T10:14:04Z,u_002153,push,sleep_challenge,sent
m_000001190,2026-01-31T01:40:16Z,u_003426,sms,weekly_digest,sent
m_000001191,2026-02-02T00:08:40Z,u_003526,email,new_content_alert,sent
m_000001192,2026-01-31T07:01:14Z,u_004219,sms,stress_relief_program,delivered
m_000001193,2026-01-30T00:15:57Z,u_004033,sms,new_content_alert,delivered
m_000001194,2026-01-27T20:58:10Z,u_003280,push,stress_relief_program,sent
m_000001195,2026-01-31T10:26:30Z,u_002088,sms,heart_health_month,opened
m_000001196,2026-02-01T14:38:46Z,u_000910,push,new_content_alert,opened
m_000001197,2026-01-27T04:54:23Z,u_000848,push,weight_loss_series,sent
m_000001198,2026-01-29T00:29:33Z,u_001101,email,new_content_alert,delivered
m_000001199,2026-01-27T01:43:45Z,u_001510,sms,weekly_digest,sent
m_000001200,2026-02-01T09:33:47Z,u_001095,email,new_content_alert,clicked
m_000001201,2026-01-31T05:01:20Z,u_001507,email,stress_relief_program,opened
m_000001202,2026-02-02T13:11:24Z,u_004874,email,weekly_digest,delivered
m_000001203,2026-01-29T02:50:54Z,u_000123,push,new_content_alert,sent
m_000001204,2026-01-28T21:34:42Z,u_000938,email,heart_health_month,sent
m_000001205,2026-01-28T10:46:47Z,u_003181,push,weekly_digest,sent
m_000001206,2026-01-29T07:57:37Z,u_001081,sms,new_content_alert,sent
m_000001207,2026-01-30T07:31:51Z,u_004050,push,sleep_challenge,sent
m_000001208,2026-02-01T02:33:04Z,u_000961,email,stress_relief_program,sent
m_000001209,2026-01-28T00:16:46Z,u_002127,email,stress_relief_program,sent
m_000001210,2026-02-01T07:24:45Z,u_003055,sms,sleep_challenge,sent
m_000001211,2026-02-01T18:30:57Z,u_001096,email,weight_loss_series,unsubscribed
m_000001212,2026-01-30T18:13:30Z,u_002157,sms,sleep_challenge,sent
m_000001213,2026-02-01T22:46:42Z,u_000059,sms,stress_relief_program,opened
m_000001214,2026-01-29T00:51:09Z,u_000503,email,new_content_alert,delivered
m_000001215,2026-01-26T21:13:44Z,u_004659,email,new_content_alert,sent
m_000001216,2026-02-02T15:28:14Z,u_002507,sms,new_content_alert,sent
m_000001217,2026-01-28T20:35:44Z,u_003880,sms,weight_loss_series,sent
m_000001218,2026-01-31T03:47:14Z,u_001175,sms,stress_relief_program,clicked
m_000001219,2026-02-01T07:00:08Z,u_001954,sms,weight_loss_series,sent
m_000001220,2026-02-02T04:48:25Z,u_000978,push,new_content_alert,sent
m_000001221,2026-01-27T17:36:26Z,u_004414,email,new_content_alert,clicked
m_000001222,2026-01-31T17:02:16Z,u_002921,sms,weekly_digest,delivered
m_000001223,2026-01-27T02:25:19Z,u_002596,email,weight_loss_series,sent
m_000001224,2026-01-30T05:04:55Z,u_002933,sms,weight_loss_series,sent
m_000001225,2026-01-29T15:06:59Z,u_004941,sms,sleep_challenge,delivered
m_000001226,2026-01-27T11:10:33Z,u_002386,email,heart_health_month,sent
m_000001227,2026-02-01T16:18:59Z,u_002341,push,heart_health_month,sent
m_000001228,2026-02-01T06:53:03Z,u_000336,push,stress_relief_program,sent
m_000001229,2026-01-26T21:01:15Z,u_004032,sms,sleep_challenge,sent
m_000001230,2026-01-26T21:51:20Z,u_000120,email,weekly_digest,sent
m_000001231,2026-01-27T08:12:52Z,u_000266,email,new_content_alert,sent
m_000001232,2026-01-29T21:58:00Z,u_000142,push,sleep_challenge,sent
m_000001233,2026-01-29T21:49:56Z,u_000292,push,new_content_alert,clicked
m_000001234,2026-01-31T13:32:25Z,u_001577,sms,weight_loss_series,delivered
m_000001235,2026-01-27T05:48:47Z,u_002401,push,weekly_digest,opened
m_000001236,2026-02-02T01:41:39Z,u_004144,email,sleep_challenge,clicked
m_000001237,2026-02-02T11:33:52Z,u_000968,push,weekly_digest,opened
m_000001238,2026-01-29T21:06:08Z,u_000542,email,heart_health_month,opened
m_000001239,2026-01-31T07:23:45Z,u_002821,email,sleep_challenge,sent
m_000001240,2026-01-28T08:23:44Z,u_000446,push,weight_loss_series,sent
m_000001241,2026-01-26T23:39:17Z,u_000171,email,stress_relief_program,delivered
m_000001242,2026-01-31T20:40:37Z,u_001360,sms,stress_relief_program,opened
m_000001243,2026-02-01T22:04:38Z,u_004625,push,new_content_alert,sent
m_000001244,2026-01-28T19:49:57Z,u_004506,sms,stress_relief_program,sent
m_000001245,2026-01-29T22:25:17Z,u_003995,push,stress_relief_program,clicked
m_000001246,2026-01-30T21:01:22Z,u_000608,sms,sleep_challenge,opened
m_000001247,2026-01-31T20:23:48Z,u_004267,push,weight_loss_series,opened
m_000001248,2026-01-31T05:28:07Z,u_002403,email,weight_loss_series,delivered
m_000001249,2026-02-01T17:20:37Z,u_004813,sms,weekly_digest,sent
m_000001250,2026-02-01T13:47:57Z,u_003382,sms,heart_health_month,sent
m_000001251,2026-01-30T23:44:17Z,u_003616,email,stress_relief_program,sent
m_000001252,2026-02-02T07:33:56Z,u_000497,sms,sleep_challenge,sent
m_000001253,2026-02-01T16:19:32Z,u_002740,sms,new_content_alert,sent
m_000001254,2026-02-01T20:41:51Z,u_002600,push,weight_loss_series,delivered
m_000001255,2026-01-31T01:58:16Z,u_001848,push,heart_health_month,delivered
m_000001256,2026-01-27T15:20:43Z,u_002168,email,sleep_challenge,sent
m_000001257,2026-01-28T03:55:36Z,u_004103,push,sleep_challenge,sent
m_000001258,2026-02-01T08:49:58Z,u_001531,email,heart_health_month,sent
m_000001259,2026-01-31T04:46:38Z,u_002754,sms,weekly_digest,sent
m_000001260,2026-01-26T22:35:26Z,u_004367,sms,new_content_alert,sent
m_000001261,2026-01-27T05:51:12Z,u_004622,push,sleep_challenge,sent
m_000001262,2026-02-02T16:19:11Z,u_001680,push,weekly_digest,sent
m_000001263,2026-01-31T12:42:09Z,u_003812,push,sleep_challenge,opened
m_000001264,2026-02-01T00:55:04Z,u_000173,sms,weekly_digest,sent
m_000001265,2026-01-27T14:44:53Z,u_004986,push,weekly_digest,sent
m_000001266,2026-01-30T03:21:14Z,u_004254,email,weight_loss_series,sent
m_000001267,2026-02-02T08:58:55Z,u_003440,email,heart_health_month,sent
m_000001268,2026-01-31T04:52:14Z,u_000505,push,new_content_alert,sent
m_000001269,2026-01-28T12:12:48Z,u_002463,push,weight_loss_series,opened
m_000001270,2026-01-29T16:24:58Z,u_002972,sms,new_content_alert,sent
m_000001271,2026-01-30T19:14:22Z,u_002729,email,weight_loss_series,delivered
m_000001272,2026-01-30T18:04:07Z,u_002527,email,weight_loss_series,sent
m_000001273,2026-01-27T06:03:27Z,u_002684,push,new_content_alert,sent
m_000001274,2026-02-01T01:49:05Z,u_003880,push,sleep_challenge,sent
m_000001275,2026-02-02T06:24:40Z,u_003639,email,new_content_alert,sent
m_000001276,2026-01-31T21:44:02Z,u_004547,push,stress_relief_program,sent
m_000001277,2026-02-01T11:56:54Z,u_000790,email,weekly_digest,sent
m_000001278,2026-01-31T15:18:19Z,u_004532,push,stress_relief_program,delivered
m_000001279,2026-02-01T06:24:42Z,u_001293,sms,heart_health_month,sent
m_000001280,2026-01-27T23:26:04Z,u_002600,email,sleep_challenge,sent
m_000001281,2026-02-01T11:33:00Z,u_001957,email,stress_relief_program,sent
m_000001282,2026-01-31T08:22:07Z,u_003213,push,new_content_alert,unsubscribed
m_000001283,2026-01-29T03:00:54Z,u_002780,email,weight_loss_series,opened
m_000001284,2026-01-30T14:14:02Z,u_004297,email,new_content_alert,sent
m_000001285,2026-02-01T00:12:20Z,u_002059,push,new_content_alert,sent
m_000001286,2026-01-27T23:26:28Z,u_003263,push,new_content_alert,delivered
m_000001287,2026-01-29T23:09:01Z,u_002686,email,heart_health_month,sent
m_000001288,2026-01-29T06:07:27Z,u_001767,email,stress_relief_program,sent
m_000001289,2026-01-28T06:26:17Z,u_000296,email,weight_loss_series,sent
m_000001290,2026-02-01T05:38:11Z,u_002995,push,weight_loss_series,sent
m_000001291,2026-01-29T18:28:04Z,u_003362,push,stress_relief_program,sent
m_000001292,2026-01-28T11:39:14Z,u_000621,email,sleep_challenge,delivered
m_000001293,2026-01-30T03:42:29Z,u_001767,push,weight_loss_series,sent
m_000001294,2026-01-30T17:43:28Z,u_003487,sms,stress_relief_program,delivered
m_000001295,2026-01-28T07:07:43Z,u_003022,sms,weekly_digest,delivered
m_000001296,2026-01-29T10:20:25Z,u_000400,push,heart_health_month,delivered
m_000001297,2026-02-02T07:45:40Z,u_003401,sms,stress_relief_program,delivered
m_000001298,2026-01-29T03:52:26Z,u_002411,push,sleep_challenge,sent
m_000001299,2026-01-27T03:49:34Z,u_000899,email,weight_loss_series,sent
m_000001300,2026-01-27T18:21:01Z,u_001788,email,weight_loss_series,delivered
m_000001301,2026-01-29T05:23:44Z,u_004954,email,heart_health_month,sent
m_000001302,2026-01-27T11:42:13Z,u_003444,email,weekly_digest,sent
m_000001303,2026-01-28T12:37:54Z,u_002454,email,stress_relief_program,delivered
m_000001304,2026-01-28T04:01:00Z,u_002309,sms,weight_loss_series,sent
m_000001305,2026-01-30T12:55:27Z,u_002805,push,weight_loss_series,sent
m_000001306,2026-02-01T08:26:09Z,u_004719,push,new_content_alert,delivered
m_000001307,2026-02-02T08:18:19Z,u_002767,push,weight_loss_series,clicked
m_000001308,2026-02-01T07:17:43Z,u_002611,email,weekly_digest,sent
m_000001309,2026-02-02T18:11:26Z,u_001878,email,weekly_digest,opened
m_000001310,2026-01-31T23:55:53Z,u_001431,sms,stress_relief_program,delivered
m_000001311,2026-01-30T18:14:46Z,u_002978,sms,heart_health_month,sent
m_000001312,2026-01-30T07:20:12Z,u_004810,sms,sleep_challenge,sent
m_000001313,2026-01-27T21:28:02Z,u_003720,sms,stress_relief_program,sent
m_000001314,2026-01-27T02:11:57Z,u_003130,push,weight_loss_series,sent
m_000001315,2026-01-30T22:14:44Z,u_004746,sms,weight_loss_series,delivered
m_000001316,2026-02-02T14:21:02Z,u_001250,push,sleep_challenge,clicked
m_000001317,2026-01-29T16:52:55Z,u_000260,push,weight_loss_series,clicked
m_000001318,2026-02-01T15:35:20Z,u_000714,sms,weekly_digest,sent
m_000001319,2026-01-30T03:09:32Z,u_003477,sms,new_content_alert,sent
m_000001320,2026-01-30T20:23:34Z,u_003002,push,weight_loss_series,sent
m_000001321,2026-02-02T08:54:21Z,u_004436,email,stress_relief_program,sent
m_000001322,2026-01-31T08:19:40Z,u_002878,email,heart_health_month,sent
m_000001323,2026-01-30T14:43:37Z,u_000801,sms,new_content_alert,unsubscribed
m_000001324,2026-01-30T03:06:47Z,u_001891,sms,new_content_alert,sent
m_000001325,2026-01-30T17:20:49Z,u_000935,sms,sleep_challenge,sent
m_000001326,2026-01-27T23:57:02Z,u_003625,push,heart_health_month,sent
m_000001327,2026-01-27T18:04:01Z,u_003657,push,weekly_digest,sent
m_000001328,2026-01-31T01:20:16Z,u_001958,email,new_content_alert,sent
m_000001329,2026-01-31T01:42:41Z,u_001784,sms,new_content_alert,sent
m_000001330,2026-02-01T21:22:15Z,u_003578,push,weight_loss_series,opened
m_000001331,2026-02-01T11:15:44Z,u_003303,sms,heart_health_month,delivered
m_000001332,2026-01-29T19:20:25Z,u_002678,push,weekly_digest,sent
m_000001333,2026-02-01T05:45:28Z,u_004697,sms,sleep_challenge,sent
m_000001334,2026-01-28T20:20:32Z,u_002969,push,heart_health_month,opened
m_000001335,2026-01-29T09:12:33Z,u_004518,push,stress_relief_program,sent
m_000001336,2026-01-27T22:27:55Z,u_000600,sms,weight_loss_series,sent
m_000001337,2026-02-02T15:54:27Z,u_002592,email,weekly_digest,sent
m_000001338,2026-01-29T16:44:57Z,u_000361,email,heart_health_month,delivered
m_000001339,2026-01-27T15:56:20Z,u_000301,sms,sleep_challenge,sent
m_000001340,2026-02-01T22:36:54Z,u_001690,push,new_content_alert,delivered
m_000001341,2026-02-02T03:46:26Z,u_004310,sms,weekly_digest,delivered
m_000001342,2026-01-28T06:40:56Z,u_004534,push,new_content_alert,sent
m_000001343,2026-01-30T09:52:24Z,u_001207,push,stress_relief_program,sent
m_000001344,2026-01-26T22:07:49Z,u_004177,sms,stress_relief_program,sent
m_000001345,2026-01-30T01:34:28Z,u_001660,sms,heart_health_month,sent
m_000001346,2026-01-29T05:12:50Z,u_001194,email,heart_health_month,clicked
m_000001347,2026-02-01T13:05:38Z,u_003850,push,stress_relief_program,sent
m_000001348,2026-01-30T08:47:20Z,u_003301,email,stress_relief_program,sent
m_000001349,2026-02-02T11:53:34Z,u_001160,email,weekly_digest,delivered
m_000001350,2026-01-29T19:49:45Z,u_001864,push,new_content_alert,delivered
m_000001351,2026-01-29T04:57:28Z,u_003942,sms,weekly_digest,sent
m_000001352,2026-01-27T18:08:06Z,u_000689,sms,new_content_alert,sent
m_000001353,2026-02-01T04:12:59Z,u_003031,email,heart_health_month,delivered
m_000001354,2026-01-30T17:57:58Z,u_003635,sms,weekly_digest,sent
m_000001355,2026-02-02T04:00:17Z,u_002489,email,weight_loss_series,delivered
m_000001356,2026-01-29T10:36:31Z,u_002891,email,weight_loss_series,sent
m_000001357,2026-01-28T01:18:46Z,u_002849,push,heart_health_month,delivered
m_000001358,2026-02-02T12:05:42Z,u_003592,email,sleep_challenge,delivered
m_000001359,2026-01-27T06:18:36Z,u_003618,push,weight_loss_series,sent
m_000001360,2026-01-30T11:20:44Z,u_002810,email,weekly_digest,sent
m_000001361,2026-02-02T08:32:38Z,u_000857,sms,new_content_alert,sent
m_000001362,2026-01-30T03:44:38Z,u_002207,sms,heart_health_month,delivered
m_000001363,2026-01-26T22:23:18Z,u_003367,sms,sleep_challenge,sent
m_000001364,2026-01-27T06:53:33Z,u_004036,push,new_content_alert,sent
m_000001365,2026-01-28T14:01:53Z,u_001363,email,stress_relief_program,sent
m_000001366,2026-02-01T19:47:44Z,u_003868,email,weight_loss_series,sent
m_000001367,2026-01-31T23:55:37Z,u_001845,push,heart_health_month,sent
m_000001368,2026-02-02T03:39:05Z,u_002381,push,weight_loss_series,sent
m_000001369,2026-01-30T17:59:24Z,u_003782,sms,sleep_challenge,opened
m_000001370,2026-01-29T12:12:52Z,u_002788,sms,stress_relief_program,opened
m_000001371,2026-01-30T01:55:08Z,u_002549,push,weight_loss_series,sent
m_000001372,2026-01-27T13:56:01Z,u_003134,sms,stress_relief_program,sent
m_000001373,2026-01-31T01:47:14Z,u_004872,sms,sleep_challenge,delivered
m_000001374,2026-01-27T00:07:05Z,u_000659,sms,heart_health_month,sent
m_000001375,2026-02-01T19:34:48Z,u_001748,push,stress_relief_program,opened
m_000001376,2026-02-01T18:14:01Z,u_001980,sms,sleep_challenge,clicked
m_000001377,2026-02-02T03:44:13Z,u_002034,sms,stress_relief_program,delivered
m_000001378,2026-01-28T02:38:11Z,u_001109,sms,new_content_alert,opened
m_000001379,2026-01-31T03:18:11Z,u_004336,sms,stress_relief_program,opened
m_000001380,2026-02-02T01:55:28Z,u_000447,email,heart_health_month,sent
m_000001381,2026-01-28T12:46:41Z,u_003715,email,heart_health_month,sent
m_000001382,2026-02-01T11:52:28Z,u_001747,email,heart_health_month,sent
m_000001383,2026-01-27T09:30:41Z,u_003850,push,weekly_digest,sent
m_000001384,2026-02-02T15:01:59Z,u_001666,sms,stress_relief_program,sent
m_000001385,2026-01-29T05:34:25Z,u_000786,push,weekly_digest,opened
m_000001386,2026-02-02T13:19:10Z,u_004704,sms,sleep_challenge,delivered
m_000001387,2026-01-29T19:17:30Z,u_001534,sms,heart_health_month,sent
m_000001388,2026-02-01T23:58:17Z,u_003019,push,sleep_challenge,opened
m_000001389,2026-02-02T10:56:33Z,u_004968,email,weight_loss_series,delivered
m_000001390,2026-01-28T09:22:29Z,u_002339,email,new_content_alert,sent
m_000001391,2026-01-30T22:09:16Z,u_001601,email,weekly_digest,sent
m_000001392,2026-02-02T13:26:57Z,u_000886,sms,sleep_challenge,opened
m_000001393,2026-01-30T05:49:36Z,u_002271,sms,weight_loss_series,sent
m_000001394,2026-01-31T08:55:10Z,u_001775,push,sleep_challenge,sent
m_000001395,2026-01-27T03:29:42Z,u_001944,email,new_content_alert,sent
m_000001396,2026-01-31T22:51:19Z,u_003647,email,weekly_digest,sent
m_000001397,2026-01-31T02:04:10Z,u_003853,push,heart_health_month,sent
m_000001398,2026-01-29T12:02:26Z,u_003277,sms,sleep_challenge,opened
m_000001399,2026-02-02T11:37:49Z,u_004740,sms,heart_health_month,clicked
m_000001400,2026-01-31T08:49:07Z,u_001483,push,new_content_alert,delivered
m_000001401,2026-01-28T17:12:06Z,u_002884,sms,sleep_challenge,delivered
m_000001402,2026-01-30T12:06:47Z,u_001521,sms,stress_relief_program,delivered
m_000001403,2026-01-28T23:01:50Z,u_000418,email,weekly_digest,sent
m_000001404,2026-01-30T03:38:59Z,u_001607,sms,weight_loss_series,sent
m_000001405,2026-01-31T14:47:26Z,u_001952,email,heart_health_month,sent
m_000001406,2026-01-27T09:23:40Z,u_003112,email,sleep_challenge,opened
m_000001407,2026-01-27T06:32:54Z,u_000651,sms,heart_health_month,sent
m_000001408,2026-01-31T10:41:11Z,u_002994,email,heart_health_month,sent
m_000001409,2026-01-27T09:45:15Z,u_003152,sms,sleep_challenge,sent
m_000001410,2026-02-02T04:38:18Z,u_000626,push,weekly_digest,opened
m_000001411,2026-01-30T06:42:57Z,u_003242,sms,sleep_challenge,sent
m_000001412,2026-01-29T12:04:32Z,u_003872,sms,heart_health_month,delivered
m_000001413,2026-01-31T17:59:04Z,u_002733,email,sleep_challenge,clicked
m_000001414,2026-01-28T21:16:11Z,u_004419,sms,weekly_digest,sent
m_000001415,2026-02-01T00:14:11Z,u_000361,email,weight_loss_series,sent
m_000001416,2026-02-01T06:46:26Z,u_003998,sms,sleep_challenge,sent
m_000001417,2026-01-27T08:36:04Z,u_000685,sms,sleep_challenge,sent
m_000001418,2026-01-31T15:39:36Z,u_000158,email,weight_loss_series,sent
m_000001419,2026-02-01T08:54:22Z,u_001692,sms,heart_health_month,sent
m_000001420,2026-01-30T08:28:41Z,u_004505,sms,sleep_challenge,sent
m_000001421,2026-01-28T23:40:46Z,u_000557,email,new_content_alert,sent
m_000001422,2026-01-28T07:49:31Z,u_001166,sms,sleep_challenge,opened
m_000001423,2026-01-31T10:39:29Z,u_002958,sms,new_content_alert,delivered
m_000001424,2026-01-31T18:16:44Z,u_002290,sms,weekly_digest,clicked
m_000001425,2026-01-29T00:57:31Z,u_002410,sms,sleep_challenge,opened
m_000001426,2026-02-02T09:13:57Z,u_003426,push,weight_loss_series,sent
m_000001427,2026-01-30T00:37:40Z,u_001230,email,heart_health_month,sent
m_000001428,2026-01-31T13:01:33Z,u_003419,push,new_content_alert,unsubscribed
m_000001429,2026-01-31T04:03:57Z,u_001204,email,heart_health_month,delivered
m_000001430,2026-01-31T02:47:04Z,u_002479,email,weight_loss_series,sent
m_000001431,2026-01-28T06:09:02Z,u_000193,email,heart_health_month,opened
m_000001432,2026-02-02T03:10:54Z,u_003197,sms,heart_health_month,sent
m_000001433,2026-02-01T08:14:04Z,u_003241,push,new_content_alert,delivered
m_000001434,2026-01-29T07:02:18Z,u_003777,push,new_content_alert,sent
m_000001435,2026-01-29T15:07:32Z,u_003097,email,new_content_alert,opened
m_000001436,2026-01-27T05:27:42Z,u_004695,sms,heart_health_month,sent
m_000001437,2026-01-29T17:44:43Z,u_002458,sms,new_content_alert,delivered
m_000001438,2026-01-30T00:16:43Z,u_000538,push,weekly_digest,delivered
m_000001439,2026-01-27T23:33:15Z,u_003252,sms,new_content_alert,sent
m_000001440,2026-02-01T08:32:18Z,u_002463,sms,weekly_digest,clicked
m_000001441,2026-02-01T02:20:39Z,u_000533,sms,sleep_challenge,delivered
m_000001442,2026-01-29T12:04:21Z,u_001143,push,weight_loss_series,sent
m_000001443,2026-02-01T09:24:12Z,u_004289,sms,sleep_challenge,clicked
m_000001444,2026-02-01T16:38:48Z,u_002140,email,weekly_digest,sent
m_000001445,2026-01-31T23:41:54Z,u_004185,push,stress_relief_program,delivered
m_000001446,2026-01-30T07:12:40Z,u_000865,push,heart_health_month,clicked
m_000001447,2026-01-30T19:28:07Z,u_003217,sms,stress_relief_program,sent
m_000001448,2026-02-01T01:04:40Z,u_000900,push,sleep_challenge,sent
m_000001449,2026-01-28T07:17:43Z,u_004738,push,new_content_alert,clicked
m_000001450,2026-01-31T17:28:49Z,u_002544,email,weight_loss_series,sent
m_000001451,2026-01-31T21:40:13Z,u_002754,push,new_content_alert,sent
m_000001452,2026-01-31T21:36:35Z,u_001072,push,new_content_alert,sent
m_000001453,2026-01-31T09:29:16Z,u_003810,sms,heart_health_month,sent
m_000001454,2026-01-31T00:19:13Z,u_002908,sms,weekly_digest,sent
m_000001455,2026-01-29T04:11:49Z,u_004033,push,heart_health_month,opened
m_000001456,2026-02-01T09:29:49Z,u_001982,sms,weight_loss_series,sent
m_000001457,2026-01-28T12:28:51Z,u_000241,push,sleep_challenge,sent
m_000001458,2026-02-01T22:03:24Z,u_003600,email,sleep_challenge,opened
m_000001459,2026-02-01T06:34:16Z,u_001527,email,new_content_alert,sent
m_000001460,2026-02-01T12:13:17Z,u_000032,push,weight_loss_series,opened
m_000001461,2026-01-30T20:14:35Z,u_001473,sms,weekly_digest,opened
m_000001462,2026-01-31T01:14:32Z,u_004147,email,heart_health_month,sent
m_000001463,2026-01-27T08:36:08Z,u_002564,push,weight_loss_series,sent
m_000001464,2026-01-27T10:05:05Z,u_003359,push,weight_loss_series,opened
m_000001465,2026-02-02T03:02:15Z,u_004198,push,heart_health_month,sent
m_000001466,2026-01-28T00:05:16Z,u_003968,email,stress_relief_program,sent
m_000001467,2026-01-30T04:54:09Z,u_004390,sms,sleep_challenge,sent
m_000001468,2026-01-29T09:21:52Z,u_000372,push,new_content_alert,sent
m_000001469,2026-01-29T04:39:28Z,u_002807,email,stress_relief_program,opened
m_000001470,2026-01-27T18:43:03Z,u_002333,email,new_content_alert,sent
m_000001471,2026-02-02T18:24:05Z,u_000095,push,heart_health_month,delivered
m_000001472,2026-01-27T22:24:39Z,u_000735,email,weekly_digest,sent
m_000001473,2026-01-30T09:26:31Z,u_000387,email,new_content_alert,sent
m_000001474,2026-01-31T15:10:12Z,u_003515,push,new_content_alert,delivered
m_000001475,2026-01-27T08:32:55Z,u_003642,email,stress_relief_program,delivered
m_000001476,2026-01-31T17:35:29Z,u_003449,sms,stress_relief_program,delivered
m_000001477,2026-02-01T06:00:28Z,u_004550,email,stress_relief_program,unsubscribed
m_000001478,2026-01-29T08:33:36Z,u_003846,email,sleep_challenge,clicked
m_000001479,2026-01-28T10:16:28Z,u_003114,push,heart_health_month,sent
m_000001480,2026-01-28T02:45:43Z,u_000353,email,heart_health_month,delivered
m_000001481,2026-02-02T19:27:33Z,u_000433,email,new_content_alert,sent
m_000001482,2026-02-02T15:02:30Z,u_004822,email,heart_health_month,sent
m_000001483,2026-01-31T20:52:20Z,u_004184,email,sleep_challenge,sent
m_000001484,2026-01-26T22:43:21Z,u_002814,push,stress_relief_program,delivered
m_000001485,2026-01-29T00:09:21Z,u_002360,sms,stress_relief_program,sent
m_000001486,2026-01-31T11:00:53Z,u_002800,push,sleep_challenge,delivered
m_000001487,2026-01-28T16:31:12Z,u_001979,email,stress_relief_program,opened
m_000001488,2026-01-27T04:12:50Z,u_003041,push,stress_relief_program,sent
m_000001489,2026-02-01T09:08:10Z,u_000214,sms,weight_loss_series,delivered
m_000001490,2026-01-27T03:56:12Z,u_004906,push,stress_relief_program,delivered
m_000001491,2026-01-27T07:03:05Z,u_003663,sms,weight_loss_series,delivered
m_000001492,2026-01-31T01:12:20Z,u_003081,sms,weight_loss_series,sent
m_000001493,2026-01-28T02:05:13Z,u_002590,sms,weekly_digest,opened
m_000001494,2026-01-27T12:17:11Z,u_002508,email,weight_loss_series,sent
m_000001495,2026-02-01T11:01:29Z,u_002770,sms,new_content_alert,opened
m_000001496,2026-01-27T10:32:02Z,u_000415,sms,heart_health_month,delivered
m_000001497,2026-01-28T20:57:20Z,u_001754,push,weight_loss_series,opened
m_000001498,2026-01-28T09:21:41Z,u_004846,sms,weekly_digest,sent
m_000001499,2026-02-02T19:27:02Z,u_004189,push,heart_health_month,sent
m_000001500,2026-01-29T04:48:04Z,u_002792,sms,heart_health_month,opened
m_000001501,2026-01-28T19:54:24Z,u_004713,push,heart_health_month,sent
m_000001502,2026-01-27T14:40:06Z,u_003666,push,stress_relief_program,sent
m_000001503,2026-02-01T13:18:42Z,u_004225,sms,new_content_alert,sent
m_000001504,2026-01-29T04:54:31Z,u_002932,sms,weight_loss_series,clicked
m_000001505,2026-01-30T07:09:58Z,u_001786,sms,weight_loss_series,delivered
m_000001506,2026-01-31T03:25:33Z,u_001874,push,new_content_alert,opened
m_000001507,2026-01-27T23:37:03Z,u_000478,sms,heart_health_month,delivered
m_000001508,2026-02-01T02:18:00Z,u_002625,email,stress_relief_program,delivered
m_000001509,2026-01-31T19:31:45Z,u_002739,email,weight_loss_series,clicked
m_000001510,2026-02-01T10:22:39Z,u_003404,email,weight_loss_series,sent
m_000001511,2026-01-27T10:15:17Z,u_001170,sms,sleep_challenge,sent
m_000001512,2026-01-29T17:30:15Z,u_003184,push,weight_loss_series,sent
m_000001513,2026-02-01T18:01:35Z,u_001669,sms,weight_loss_series,sent
m_000001514,2026-01-30T16:09:50Z,u_002305,email,new_content_alert,opened
m_000001515,2026-02-02T06:21:30Z,u_004401,sms,stress_relief_program,sent
m_000001516,2026-01-28T17:21:55Z,u_004839,push,stress_relief_program,sent
m_000001517,2026-01-29T19:10:58Z,u_004406,push,sleep_challenge,delivered
m_000001518,2026-02-01T22:36:59Z,u_004531,push,stress_relief_program,sent
m_000001519,2026-01-28T07:30:00Z,u_002723,email,heart_health_month,sent
m_000001520,2026-01-27T06:48:03Z,u_003869,sms,heart_health_month,clicked
m_000001521,2026-01-29T05:34:15Z,u_002751,push,heart_health_month,sent
m_000001522,2026-01-29T16:51:41Z,u_000923,email,weekly_digest,clicked
m_000001523,2026-01-31T01:33:14Z,u_003648,email,stress_relief_program,delivered
m_000001524,2026-01-30T07:16:36Z,u_002481,email,stress_relief_program,sent
m_000001525,2026-02-02T00:30:35Z,u_004985,sms,weekly_digest,sent
m_000001526,2026-01-27T08:28:37Z,u_004611,sms,weekly_digest,sent
m_000001527,2026-01-31T22:31:15Z,u_001847,email,heart_health_month,opened
m_000001528,2026-02-02T15:58:17Z,u_001603,email,new_content_alert,sent
m_000001529,2026-02-01T13:24:24Z,u_004133,push,weight_loss_series,sent
m_000001530,2026-01-28T01:47:54Z,u_000888,sms,heart_health_month,delivered
m_000001531,2026-01-27T16:04:09Z,u_001334,sms,stress_relief_program,opened
m_000001532,2026-01-31T03:40:53Z,u_000613,sms,stress_relief_program,delivered
m_000001533,2026-01-31T05:51:25Z,u_003670,sms,weight_loss_series,sent
m_000001534,2026-01-31T08:33:35Z,u_003874,sms,sleep_challenge,sent
m_000001535,2026-01-30T21:56:03Z,u_001105,email,weekly_digest,delivered
m_000001536,2026-02-01T11:10:37Z,u_004510,email,weekly_digest,delivered
m_000001537,2026-01-27T19:27:19Z,u_000409,sms,weight_loss_series,sent
m_000001538,2026-01-27T21:12:11Z,u_004078,email,weekly_digest,sent
m_000001539,2026-01-31T14:02:44Z,u_001022,push,new_content_alert,sent
m_000001540,2026-01-29T14:57:11Z,u_003720,email,heart_health_month,sent
m_000001541,2026-02-02T09:56:42Z,u_002115,sms,weight_loss_series,clicked
m_000001542,2026-02-02T06:42:09Z,u_001448,email,stress_relief_program,opened
m_000001543,2026-01-30T09:46:27Z,u_003594,push,stress_relief_program,sent
m_000001544,2026-01-29T11:32:25Z,u_002044,sms,stress_relief_program,opened
m_000001545,2026-01-27T11:02:13Z,u_001068,sms,weight_loss_series,delivered
m_000001546,2026-01-28T03:18:20Z,u_001112,sms,weight_loss_series,sent
m_000001547,2026-01-28T06:32:54Z,u_004907,sms,weight_loss_series,sent
m_000001548,2026-01-30T18:16:21Z,u_001177,sms,stress_relief_program,delivered
m_000001549,2026-01-28T12:42:13Z,u_004727,sms,weight_loss_series,sent
m_000001550,2026-01-29T22:16:07Z,u_002404,sms,new_content_alert,sent
m_000001551,2026-01-30T19:37:15Z,u_001999,email,heart_health_month,sent
m_000001552,2026-02-02T09:20:57Z,u_002845,sms,weekly_digest,sent
m_000001553,2026-01-28T23:10:33Z,u_004946,email,heart_health_month,sent
m_000001554,2026-01-31T17:37:08Z,u_000043,sms,weight_loss_series,sent
m_000001555,2026-01-28T16:12:36Z,u_002748,push,sleep_challenge,sent
m_000001556,2026-02-01T03:06:39Z,u_002730,email,stress_relief_program,delivered
m_000001557,2026-01-30T02:55:51Z,u_003236,sms,weight_loss_series,opened
m_000001558,2026-01-31T14:30:37Z,u_004823,push,stress_relief_program,sent
m_000001559,2026-01-28T01:20:00Z,u_003250,sms,stress_relief_program,sent
m_000001560,2026-02-02T04:41:06Z,u_004579,sms,weekly_digest,delivered
m_000001561,2026-01-27T16:20:51Z,u_003471,push,heart_health_month,sent
m_000001562,2026-02-02T10:01:35Z,u_000616,sms,stress_relief_program,sent
m_000001563,2026-02-01T00:26:49Z,u_001503,push,heart_health_month,sent
m_000001564,2026-01-31T17:33:05Z,u_001960,sms,heart_health_month,opened
m_000001565,2026-01-27T18:04:42Z,u_000099,push,sleep_challenge,sent
m_000001566,2026-01-31T13:24:56Z,u_003405,push,new_content_alert,delivered
m_000001567,2026-01-29T12:46:19Z,u_001579,push,heart_health_month,sent
m_000001568,2026-01-28T10:48:21Z,u_002034,sms,weight_loss_series,clicked
m_000001569,2026-01-31T05:13:35Z,u_004299,sms,sleep_challenge,sent
m_000001570,2026-01-27T07:51:42Z,u_001993,push,weight_loss_series,sent
m_000001571,2026-01-31T19:26:27Z,u_002078,sms,stress_relief_program,sent
m_000001572,2026-01-27T02:10:10Z,u_003281,push,weekly_digest,sent
m_000001573,2026-01-28T13:48:10Z,u_004352,sms,stress_relief_program,delivered
m_000001574,2026-01-28T21:52:04Z,u_004204,push,stress_relief_program,delivered
m_000001575,2026-02-01T19:48:46Z,u_003835,sms,heart_health_month,sent
m_000001576,2026-01-30T21:53:09Z,u_000443,email,new_content_alert,opened
m_000001577,2026-02-02T19:52:02Z,u_001347,email,weekly_digest,sent
m_000001578,2026-01-31T14:02:03Z,u_001069,push,sleep_challenge,sent
m_000001579,2026-01-28T19:40:00Z,u_002889,sms,weekly_digest,sent
m_000001580,2026-01-28T00:50:22Z,u_002981,sms,weight_loss_series,opened
m_000001581,2026-01-31T20:51:08Z,u_001355,sms,stress_relief_program,sent
m_000001582,2026-02-02T04:23:24Z,u_001561,sms,heart_health_month,clicked
m_000001583,2026-01-31T12:50:11Z,u_002673,email,sleep_challenge,sent
m_000001584,2026-02-02T02:49:42Z,u_004517,push,weekly_digest,unsubscribed
m_000001585,2026-02-01T19:50:54Z,u_003681,push,stress_relief_program,delivered
m_000001586,2026-01-28T18:10:22Z,u_001435,email,new_content_alert,sent
m_000001587,2026-02-01T15:58:41Z,u_003865,sms,weekly_digest,sent
m_000001588,2026-02-02T08:33:47Z,u_004895,push,heart_health_month,clicked
m_000001589,2026-01-29T03:46:15Z,u_002954,email,weight_loss_series,opened
m_000001590,2026-01-30T19:03:51Z,u_002051,sms,heart_health_month,sent
m_000001591,2026-01-27T15:46:05Z,u_000990,push,heart_health_month,sent
m_000001592,2026-02-01T00:38:40Z,u_000960,email,weight_loss_series,sent
m_000001593,2026-01-30T00:57:13Z,u_000232,sms,heart_health_month,opened
m_000001594,2026-02-01T05:11:03Z,u_001622,email,sleep_challenge,sent
m_000001595,2026-01-27T05:56:08Z,u_004242,email,new_content_alert,sent
m_000001596,2026-01-31T07:19:44Z,u_004221,push,stress_relief_program,unsubscribed
m_000001597,2026-01-27T11:03:26Z,u_004641,email,weekly_digest,delivered
m_000001598,2026-01-30T18:14:06Z,u_001745,email,heart_health_month,delivered
m_000001599,2026-01-29T04:35:25Z,u_004411,push,sleep_challenge,delivered
m_000001600,2026-01-27T11:32:21Z,u_003633,email,sleep_challenge,sent
m_000001601,2026-01-26T21:10:33Z,u_002818,sms,weekly_digest,sent
m_000001602,2026-02-02T04:43:27Z,u_002961,sms,new_content_alert,delivered
m_000001603,2026-01-28T21:09:20Z,u_000110,email,heart_health_month,opened
m_000001604,2026-01-31T07:10:07Z,u_000366,sms,new_content_alert,opened
m_000001605,2026-01-31T19:30:36Z,u_000712,sms,weight_loss_series,sent
m_000001606,2026-01-30T12:22:10Z,u_001021,push,stress_relief_program,sent
m_000001607,2026-01-28T22:55:14Z,u_003410,push,new_content_alert,sent
m_000001608,2026-02-01T05:38:31Z,u_002945,push,weight_loss_series,delivered
m_000001609,2026-01-30T20:47:33Z,u_001423,email,new_content_alert,sent
m_000001610,2026-01-29T18:39:06Z,u_000943,email,heart_health_month,sent
m_000001611,2026-01-30T04:45:14Z,u_000368,email,stress_relief_program,sent
m_000001612,2026-02-01T13:11:22Z,u_004731,sms,sleep_challenge,sent
m_000001613,2026-01-31T01:21:31Z,u_000061,sms,stress_relief_program,sent
m_000001614,2026-01-29T16:23:56Z,u_001420,sms,sleep_challenge,clicked
m_000001615,2026-01-28T17:40:14Z,u_003117,email,stress_relief_program,opened
m_000001616,2026-02-02T01:36:37Z,u_000044,email,sleep_challenge,delivered
m_000001617,2026-01-31T05:18:57Z,u_004415,email,sleep_challenge,sent
m_000001618,2026-01-27T01:42:22Z,u_001883,sms,stress_relief_program,opened
m_000001619,2026-01-31T04:48:03Z,u_002059,email,new_content_alert,clicked
m_000001620,2026-01-31T14:49:21Z,u_002222,sms,weekly_digest,sent
m_000001621,2026-02-02T05:59:17Z,u_001817,push,new_content_alert,sent
m_000001622,2026-01-28T12:59:31Z,u_004365,sms,sleep_challenge,sent
m_000001623,2026-02-01T16:16:52Z,u_002854,push,sleep_challenge,sent
m_000001624,2026-01-27T10:22:11Z,u_000329,email,weekly_digest,sent
m_000001625,2026-01-26T23:14:42Z,u_000923,email,weight_loss_series,sent
m_000001626,2026-01-27T21:31:36Z,u_001726,push,weekly_digest,sent
m_000001627,2026-01-28T20:11:01Z,u_001626,email,heart_health_month,sent
m_000001628,2026-02-02T16:48:02Z,u_002691,sms,new_content_alert,sent
m_000001629,2026-02-02T00:52:25Z,u_003312,email,heart_health_month,sent
m_000001630,2026-01-29T16:40:51Z,u_003364,email,weight_loss_series,sent
m_000001631,2026-01-30T10:01:24Z,u_000784,email,sleep_challenge,sent
m_000001632,2026-01-30T07:06:19Z,u_002993,email,stress_relief_program,sent
m_000001633,2026-01-28T15:19:10Z,u_003150,email,heart_health_month,sent
m_000001634,2026-02-01T00:47:21Z,u_001375,sms,weight_loss_series,sent
m_000001635,2026-02-02T13:34:15Z,u_000528,push,heart_health_month,sent
m_000001636,2026-01-28T18:28:06Z,u_004966,email,new_content_alert,sent
m_000001637,2026-01-27T09:18:21Z,u_003798,sms,weight_loss_series,sent
m_000001638,2026-02-01T14:39:20Z,u_001200,email,weekly_digest,opened
m_000001639,2026-01-31T09:31:20Z,u_004622,push,weekly_digest,sent
m_000001640,2026-02-01T03:54:50Z,u_000723,sms,weekly_digest,delivered
m_000001641,2026-01-29T22:56:36Z,u_004689,email,heart_health_month,sent
m_000001642,2026-01-31T08:59:03Z,u_004973,email,new_content_alert,clicked
m_000001643,2026-02-01T06:30:56Z,u_001962,email,heart_health_month,delivered
m_000001644,2026-01-29T21:28:07Z,u_000158,email,new_content_alert,sent
m_000001645,2026-02-01T22:27:15Z,u_002291,sms,sleep_challenge,opened
m_000001646,2026-01-28T07:03:01Z,u_000917,email,stress_relief_program,sent
m_000001647,2026-01-31T00:22:28Z,u_001888,push,new_content_alert,sent
m_000001648,2026-01-27T11:14:58Z,u_000391,push,weekly_digest,sent
m_000001649,2026-01-31T17:39:02Z,u_000360,push,weekly_digest,sent
m_000001650,2026-02-02T03:15:29Z,u_002566,sms,weekly_digest,clicked
m_000001651,2026-02-02T14:25:53Z,u_004482,sms,stress_relief_program,sent
m_000001652,2026-02-01T21:20:33Z,u_003356,email,heart_health_month,sent
m_000001653,2026-01-27T07:26:39Z,u_003586,push,sleep_challenge,opened
m_000001654,2026-01-29T23:25:54Z,u_004414,sms,sleep_challenge,clicked
m_000001655,2026-01-28T10:40:07Z,u_004042,push,heart_health_month,sent
m_000001656,2026-02-02T10:02:23Z,u_004059,email,weekly_digest,unsubscribed
m_000001657,2026-01-27T15:53:17Z,u_001403,push,new_content_alert,sent
m_000001658,2026-02-02T05:01:13Z,u_002558,sms,weekly_digest,sent
m_000001659,2026-01-30T15:17:22Z,u_004577,email,sleep_challenge,clicked
m_000001660,2026-01-30T12:26:59Z,u_002099,sms,heart_health_month,sent
m_000001661,2026-01-27T05:18:02Z,u_001539,sms,new_content_alert,delivered
m_000001662,2026-01-27T04:35:22Z,u_002619,email,sleep_challenge,sent
m_000001663,2026-02-01T01:33:12Z,u_001149,push,weekly_digest,delivered
m_000001664,2026-01-29T20:58:35Z,u_001784,push,stress_relief_program,sent
m_000001665,2026-01-27T21:06:22Z,u_004005,email,weekly_digest,opened
m_000001666,2026-01-31T14:41:53Z,u_001785,sms,sleep_challenge,delivered
m_000001667,2026-01-31T19:49:03Z,u_001209,email,stress_relief_program,sent
m_000001668,2026-01-31T04:38:46Z,u_003418,sms,sleep_challenge,sent
m_000001669,2026-01-31T07:54:03Z,u_003174,email,sleep_challenge,opened
m_000001670,2026-01-30T12:54:51Z,u_000593,email,stress_relief_program,sent
m_000001671,2026-01-30T20:30:00Z,u_003163,email,weekly_digest,sent
m_000001672,2026-01-27T18:19:37Z,u_003962,sms,new_content_alert,sent
m_000001673,2026-01-28T12:29:51Z,u_003480,push,weekly_digest,sent
m_000001674,2026-01-29T08:18:23Z,u_002562,email,sleep_challenge,delivered
m_000001675,2026-01-31T03:25:43Z,u_002796,sms,new_content_alert,sent
m_000001676,2026-01-28T12:43:20Z,u_003164,email,weight_loss_series,sent
m_000001677,2026-01-27T22:20:35Z,u_003351,email,weight_loss_series,sent
m_000001678,2026-01-30T05:18:37Z,u_004365,email,heart_health_month,opened
m_000001679,2026-01-27T21:07:46Z,u_002821,push,stress_relief_program,sent
m_000001680,2026-01-28T14:39:01Z,u_003235,email,new_content_alert,sent
m_000001681,2026-01-28T02:13:59Z,u_001303,email,heart_health_month,sent
m_000001682,2026-02-01T11:25:34Z,u_002491,email,sleep_challenge,sent
m_000001683,2026-02-02T12:57:57Z,u_003099,email,new_content_alert,sent
m_000001684,2026-01-29T02:46:11Z,u_000200,sms,weight_loss_series,sent
m_000001685,2026-01-28T20:04:48Z,u_001546,push,heart_health_month,sent
m_000001686,2026-02-02T06:18:24Z,u_000022,sms,weight_loss_series,sent
m_000001687,2026-01-30T20:30:09Z,u_000773,email,weight_loss_series,sent
m_000001688,2026-02-02T00:29:38Z,u_002774,email,sleep_challenge,sent
m_000001689,2026-01-27T09:05:04Z,u_003323,sms,stress_relief_program,opened
m_000001690,2026-01-30T11:33:55Z,u_001745,sms,weekly_digest,sent
m_000001691,2026-02-02T01:41:52Z,u_003316,push,sleep_challenge,sent
m_000001692,2026-01-30T13:52:30Z,u_000642,sms,weekly_digest,sent
m_000001693,2026-01-27T11:27:54Z,u_002988,email,new_content_alert,delivered
m_000001694,2026-01-28T21:37:36Z,u_002527,sms,stress_relief_program,clicked
m_000001695,2026-02-02T07:06:18Z,u_000287,sms,heart_health_month,clicked
m_000001696,2026-02-01T10:51:09Z,u_000441,push,weight_loss_series,sent
m_000001697,2026-01-27T14:54:46Z,u_001712,email,weight_loss_series,sent
m_000001698,2026-01-29T18:33:24Z,u_004580,push,stress_relief_program,sent
m_000001699,2026-01-26T20:19:34Z,u_003938,sms,heart_health_month,delivered
m_000001700,2026-01-31T01:36:53Z,u_004728,push,sleep_challenge,sent
m_000001701,2026-01-30T03:32:59Z,u_003473,push,weekly_digest,sent
m_000001702,2026-01-29T21:23:41Z,u_004596,email,heart_health_month,sent
m_000001703,2026-02-01T21:32:11Z,u_003483,push,heart_health_month,clicked
m_000001704,2026-01-28T05:31:20Z,u_000679,push,heart_health_month,sent
m_000001705,2026-01-31T17:41:24Z,u_001895,push,weekly_digest,opened
m_000001706,2026-01-29T18:38:00Z,u_002010,email,stress_relief_program,sent
m_000001707,2026-01-26T23:48:58Z,u_001889,email,heart_health_month,sent
m_000001708,2026-01-27T11:19:44Z,u_001351,push,weekly_digest,sent
m_000001709,2026-02-02T02:31:02Z,u_002388,sms,weight_loss_series,sent
m_000001710,2026-02-01T08:27:28Z,u_001572,sms,new_content_alert,sent
m_000001711,2026-01-31T14:58:03Z,u_001892,email,weekly_digest,sent
m_000001712,2026-02-01T09:13:39Z,u_001216,email,sleep_challenge,sent
m_000001713,2026-01-27T13:58:29Z,u_003275,push,weight_loss_series,sent
m_000001714,2026-01-30T16:25:13Z,u_003162,email,weight_loss_series,sent
m_000001715,2026-01-29T00:31:27Z,u_003975,sms,sleep_challenge,delivered
m_000001716,2026-01-27T01:00:34Z,u_003937,push,stress_relief_program,sent
m_000001717,2026-02-02T00:29:22Z,u_004614,push,weight_loss_series,delivered
m_000001718,2026-01-27T19:16:26Z,u_001774,sms,weekly_digest,sent
m_000001719,2026-01-31T18:24:18Z,u_004674,push,sleep_challenge,clicked
m_000001720,2026-01-27T08:12:36Z,u_002126,sms,weight_loss_series,delivered
m_000001721,2026-01-29T21:24:02Z,u_004573,email,weight_loss_series,sent
m_000001722,2026-01-29T05:52:11Z,u_003619,sms,new_content_alert,sent
m_000001723,2026-01-28T23:28:59Z,u_004222,push,stress_relief_program,opened
m_000001724,2026-02-02T11:01:45Z,u_003471,push,new_content_alert,sent
m_000001725,2026-01-27T15:42:52Z,u_004450,push,heart_health_month,unsubscribed
m_000001726,2026-02-01T15:44:24Z,u_004821,push,stress_relief_program,delivered
m_000001727,2026-01-28T17:51:17Z,u_003855,sms,heart_health_month,sent
m_000001728,2026-01-28T15:52:27Z,u_003125,sms,sleep_challenge,delivered
m_000001729,2026-02-01T16:02:11Z,u_002366,sms,heart_health_month,delivered
m_000001730,2026-01-27T17:30:47Z,u_002217,sms,heart_health_month,delivered
m_000001731,2026-01-30T04:37:34Z,u_004073,push,weight_loss_series,sent
m_000001732,2026-01-29T04:40:23Z,u_002234,push,heart_health_month,opened
m_000001733,2026-02-01T00:15:40Z,u_004001,sms,heart_health_month,sent
m_000001734,2026-01-28T08:40:23Z,u_001185,push,heart_health_month,sent
m_000001735,2026-02-01T20:43:32Z,u_003851,sms,sleep_challenge,opened
m_000001736,2026-01-29T02:58:42Z,u_002947,email,new_content_alert,sent
m_000001737,2026-01-31T23:08:36Z,u_002897,push,weekly_digest,sent
m_000001738,2026-02-02T07:33:50Z,u_000948,push,weekly_digest,opened
m_000001739,2026-02-01T04:00:52Z,u_000266,sms,weight_loss_series,sent
m_000001740,2026-01-30T00:21:58Z,u_001696,sms,heart_health_month,sent
m_000001741,2026-01-27T21:49:32Z,u_001711,sms,weight_loss_series,sent
m_000001742,2026-01-31T04:32:03Z,u_003487,push,new_content_alert,sent
m_000001743,2026-01-30T01:55:40Z,u_003908,push,weekly_digest,delivered
m_000001744,2026-02-02T02:01:43Z,u_004963,email,weight_loss_series,clicked
m_000001745,2026-01-29T19:57:04Z,u_003945,push,new_content_alert,sent
m_000001746,2026-02-01T02:34:07Z,u_001741,email,sleep_challenge,delivered
m_000001747,2026-02-01T08:18:17Z,u_000410,email,new_content_alert,sent
m_000001748,2026-01-29T21:29:29Z,u_004583,email,weekly_digest,opened
m_000001749,2026-01-29T18:17:53Z,u_000870,email,sleep_challenge,delivered
m_000001750,2026-02-01T21:53:09Z,u_004928,email,stress_relief_program,sent
m_000001751,2026-01-30T01:01:49Z,u_000113,push,sleep_challenge,sent
m_000001752,2026-01-31T20:57:07Z,u_002998,push,heart_health_month,sent
m_000001753,2026-01-27T22:38:13Z,u_001800,email,sleep_challenge,opened
m_000001754,2026-01-27T15:48:43Z,u_004611,push,weekly_digest,sent
m_000001755,2026-01-28T15:50:11Z,u_004845,push,weight_loss_series,sent
m_000001756,2026-01-30T15:10:10Z,u_002334,email,stress_relief_program,sent
m_000001757,2026-01-29T19:06:14Z,u_001816,email,heart_health_month,sent
m_000001758,2026-01-28T23:51:59Z,u_001123,email,weight_loss_series,sent
m_000001759,2026-01-30T03:45:09Z,u_002250,push,sleep_challenge,delivered
m_000001760,2026-01-30T22:38:33Z,u_001921,push,sleep_challenge,sent
m_000001761,2026-01-27T23:32:37Z,u_001402,email,new_content_alert,sent
m_000001762,2026-01-27T10:27:38Z,u_000793,email,weekly_digest,clicked
m_000001763,2026-02-02T18:28:29Z,u_001703,push,stress_relief_program,sent
m_000001764,2026-01-29T22:26:29Z,u_001951,email,stress_relief_program,delivered
m_000001765,2026-01-28T13:48:33Z,u_004171,push,sleep_challenge,sent
m_000001766,2026-01-28T22:12:49Z,u_002813,sms,new_content_alert,sent
m_000001767,2026-01-26T23:37:30Z,u_001454,push,heart_health_month,opened
m_000001768,2026-01-28T14:50:51Z,u_003804,push,stress_relief_program,sent
m_000001769,2026-01-27T09:00:17Z,u_002726,push,new_content_alert,sent
m_000001770,2026-01-26T23:00:13Z,u_003592,sms,sleep_challenge,opened
m_000001771,2026-01-27T05:46:56Z,u_003796,sms,weekly_digest,delivered
m_000001772,2026-01-28T02:28:20Z,u_001396,push,stress_relief_program,unsubscribed
m_000001773,2026-01-28T18:06:10Z,u_000694,sms,new_content_alert,sent
m_000001774,2026-01-28T08:57:46Z,u_001073,email,weight_loss_series,sent
m_000001775,2026-01-29T00:21:24Z,u_001422,push,sleep_challenge,sent
m_000001776,2026-01-31T10:14:45Z,u_002254,push,heart_health_month,delivered
m_000001777,2026-01-27T09:58:27Z,u_000525,push,new_content_alert,delivered
m_000001778,2026-02-01T20:01:23Z,u_002965,email,stress_relief_program,delivered
m_000001779,2026-01-29T20:25:16Z,u_003026,sms,stress_relief_program,delivered
m_000001780,2026-01-29T23:57:10Z,u_004413,email,heart_health_month,sent
m_000001781,2026-01-28T18:59:29Z,u_001471,email,new_content_alert,sent
m_000001782,2026-01-31T01:26:05Z,u_004506,sms,weekly_digest,sent
m_000001783,2026-01-29T02:54:33Z,u_002607,email,new_content_alert,sent
m_000001784,2026-01-28T14:32:02Z,u_003917,email,stress_relief_program,sent
m_000001785,2026-01-31T20:01:59Z,u_001919,push,sleep_challenge,sent
m_000001786,2026-02-02T03:11:22Z,u_002115,push,weekly_digest,sent
m_000001787,2026-01-27T04:02:43Z,u_000178,push,weight_loss_series,sent
m_000001788,2026-02-01T01:39:10Z,u_000605,email,stress_relief_program,sent
m_000001789,2026-01-31T10:04:30Z,u_001780,email,stress_relief_program,sent
m_000001790,2026-01-30T19:06:33Z,u_000605,sms,heart_health_month,sent
m_000001791,2026-01-29T07:30:56Z,u_003033,email,heart_health_month,clicked
m_000001792,2026-01-27T03:39:36Z,u_000409,sms,weight_loss_series,sent
m_000001793,2026-01-31T10:41:49Z,u_004559,push,weekly_digest,sent
m_000001794,2026-01-31T06:49:12Z,u_002365,push,heart_health_month,sent
m_000001795,2026-01-28T07:16:35Z,u_001429,push,weight_loss_series,opened
m_000001796,2026-02-01T09:59:55Z,u_003504,push,weekly_digest,sent
m_000001797,2026-02-01T05:23:17Z,u_000856,sms,weekly_digest,sent
m_000001798,2026-01-30T13:19:03Z,u_004934,sms,sleep_challenge,sent
m_000001799,2026-01-30T01:43:23Z,u_000871,sms,weight_loss_series,sent
m_000001800,2026-01-27T12:24:22Z,u_000701,push,heart_health_month,sent
m_000001801,2026-01-27T07:32:51Z,u_001815,email,weight_loss_series,opened
m_000001802,2026-01-29T04:35:09Z,u_003836,push,new_content_alert,opened
m_000001803,2026-02-02T15:46:01Z,u_002833,sms,weight_loss_series,sent
m_000001804,2026-01-28T21:24:01Z,u_002651,email,weekly_digest,opened
m_000001805,2026-02-01T23:45:10Z,u_003338,push,weight_loss_series,delivered
m_000001806,2026-01-28T06:24:40Z,u_002020,push,stress_relief_program,sent
m_000001807,2026-01-30T11:40:49Z,u_000065,push,weekly_digest,sent
m_000001808,2026-01-27T00:02:47Z,u_002660,sms,new_content_alert,delivered
m_000001809,2026-01-28T18:53:04Z,u_004564,email,new_content_alert,sent
m_000001810,2026-01-31T02:41:11Z,u_000146,email,new_content_alert,sent
m_000001811,2026-01-28T19:12:31Z,u_002841,email,weight_loss_series,sent
m_000001812,2026-01-29T07:07:14Z,u_003933,push,sleep_challenge,delivered
m_000001813,2026-01-30T23:54:37Z,u_004523,push,sleep_challenge,sent
m_000001814,2026-02-02T17:00:06Z,u_004369,email,stress_relief_program,sent
m_000001815,2026-01-27T16:15:55Z,u_000988,sms,stress_relief_program,delivered
m_000001816,2026-01-31T02:15:45Z,u_003566,email,weight_loss_series,clicked
m_000001817,2026-01-30T14:44:24Z,u_001092,sms,weight_loss_series,clicked
m_000001818,2026-01-27T00:34:18Z,u_000137,sms,heart_health_month,sent
m_000001819,2026-02-01T20:12:57Z,u_000857,email,weight_loss_series,delivered
m_000001820,2026-02-01T14:25:14Z,u_002547,email,sleep_challenge,sent
m_000001821,2026-01-30T17:49:28Z,u_003819,sms,sleep_challenge,sent
m_000001822,2026-02-02T04:56:59Z,u_001023,email,heart_health_month,delivered
m_000001823,2026-01-30T07:00:15Z,u_000685,push,heart_health_month,sent
m_000001824,2026-02-01T00:13:51Z,u_001616,email,stress_relief_program,sent
m_000001825,2026-01-28T03:04:30Z,u_000705,email,new_content_alert,sent
m_000001826,2026-01-30T18:21:06Z,u_001433,email,heart_health_month,delivered
m_000001827,2026-02-01T03:00:48Z,u_002373,push,stress_relief_program,opened
m_000001828,2026-01-28T13:23:18Z,u_004705,email,new_content_alert,sent
m_000001829,2026-01-29T20:06:38Z,u_002323,sms,new_content_alert,delivered
m_000001830,2026-01-31T16:20:13Z,u_004933,email,weight_loss_series,delivered
m_000001831,2026-01-30T09:58:03Z,u_000841,sms,stress_relief_program,sent
m_000001832,2026-01-29T18:59:47Z,u_000211,push,heart_health_month,delivered
m_000001833,2026-01-28T05:09:46Z,u_002899,sms,weight_loss_series,delivered
m_000001834,2026-01-29T14:31:29Z,u_001501,push,weekly_digest,sent
m_000001835,2026-01-27T05:50:44Z,u_001532,email,weekly_digest,sent
m_000001836,2026-01-31T08:19:05Z,u_000223,sms,weight_loss_series,sent
m_000001837,2026-01-31T10:04:46Z,u_002626,sms,heart_health_month,delivered
m_000001838,2026-02-01T05:06:43Z,u_004596,email,stress_relief_program,delivered
m_000001839,2026-01-29T18:05:59Z,u_004450,push,weekly_digest,sent
m_000001840,2026-01-30T14:21:18Z,u_004277,sms,stress_relief_program,sent
m_000001841,2026-02-02T13:19:30Z,u_004286,push,heart_health_month,clicked
m_000001842,2026-01-28T15:18:02Z,u_001180,push,weight_loss_series,sent
m_000001843,2026-02-02T12:43:51Z,u_000190,email,sleep_challenge,sent
m_000001844,2026-01-29T10:57:27Z,u_004046,sms,new_content_alert,sent
m_000001845,2026-01-28T12:36:24Z,u_003495,sms,new_content_alert,sent
m_000001846,2026-01-31T05:16:00Z,u_000804,sms,heart_health_month,sent
m_000001847,2026-01-28T13:43:36Z,u_004073,email,weekly_digest,sent
m_000001848,2026-02-02T11:30:42Z,u_001437,push,weight_loss_series,delivered
m_000001849,2026-01-29T11:41:18Z,u_002984,email,stress_relief_program,sent
m_000001850,2026-02-01T03:55:39Z,u_001086,sms,weight_loss_series,opened
m_000001851,2026-01-30T17:09:06Z,u_001935,email,stress_relief_program,opened
m_000001852,2026-01-27T12:44:39Z,u_000715,sms,stress_relief_program,sent
m_000001853,2026-01-30T08:43:50Z,u_000904,email,sleep_challenge,sent
m_000001854,2026-01-30T07:53:09Z,u_002439,push,heart_health_month,delivered
m_000001855,2026-01-31T08:18:52Z,u_000370,sms,stress_relief_program,opened
m_000001856,2026-01-30T17:05:28Z,u_004199,push,new_content_alert,sent
m_000001857,2026-01-31T12:45:21Z,u_002461,sms,heart_health_month,sent
m_000001858,2026-01-31T15:32:39Z,u_004108,email,heart_health_month,sent
m_000001859,2026-01-27T07:04:02Z,u_001264,push,new_content_alert,unsubscribed
m_000001860,2026-01-31T12:20:34Z,u_003351,push,sleep_challenge,sent
m_000001861,2026-01-30T23:32:31Z,u_003615,sms,heart_health_month,delivered
m_000001862,2026-01-28T10:23:56Z,u_004535,push,heart_health_month,sent
m_000001863,2026-02-01T01:59:56Z,u_000816,sms,weight_loss_series,delivered
m_000001864,2026-02-02T13:24:02Z,u_001127,push,weekly_digest,delivered
m_000001865,2026-02-02T12:47:00Z,u_003973,push,new_content_alert,sent
m_000001866,2026-02-01T07:56:30Z,u_000858,sms,new_content_alert,sent
m_000001867,2026-01-27T01:48:03Z,u_001269,email,weight_loss_series,sent
m_000001868,2026-01-31T23:28:57Z,u_000094,sms,weekly_digest,delivered
m_000001869,2026-01-27T03:51:27Z,u_001540,email,weekly_digest,sent
m_000001870,2026-01-27T10:34:29Z,u_003454,push,weight_loss_series,sent
m_000001871,2026-01-28T22:41:07Z,u_001894,sms,heart_health_month,delivered
m_000001872,2026-01-30T21:24:20Z,u_001551,email,sleep_challenge,sent
m_000001873,2026-01-30T05:52:40Z,u_001983,email,weekly_digest,sent
m_000001874,2026-01-27T15:09:05Z,u_001097,sms,sleep_challenge,sent
m_000001875,2026-01-27T09:56:38Z,u_003421,push,heart_health_month,sent
m_000001876,2026-02-01T12:08:03Z,u_003513,email,sleep_challenge,delivered
m_000001877,2026-01-29T23:31:44Z,u_004229,push,weekly_digest,sent
m_000001878,2026-01-31T13:06:38Z,u_002058,push,new_content_alert,sent
m_000001879,2026-02-01T18:58:08Z,u_001838,email,weekly_digest,sent
m_000001880,2026-01-30T03:13:33Z,u_004065,email,weekly_digest,unsubscribed
m_000001881,2026-01-29T03:21:34Z,u_001785,sms,sleep_challenge,delivered
m_000001882,2026-01-29T19:00:23Z,u_000824,push,heart_health_month,delivered
m_000001883,2026-01-30T05:06:59Z,u_004290,email,stress_relief_program,sent
m_000001884,2026-01-31T02:21:30Z,u_000326,sms,weight_loss_series,sent
m_000001885,2026-01-30T05:02:19Z,u_002008,push,heart_health_month,delivered
m_000001886,2026-02-02T16:35:31Z,u_001688,email,weight_loss_series,delivered
m_000001887,2026-01-31T05:35:26Z,u_003871,push,weight_loss_series,opened
m_000001888,2026-02-01T20:11:10Z,u_002881,email,new_content_alert,sent
m_000001889,2026-01-28T20:13:39Z,u_002548,sms,sleep_challenge,sent
m_000001890,2026-01-27T22:48:57Z,u_003089,email,heart_health_month,sent
m_000001891,2026-02-02T16:50:07Z,u_004096,email,weight_loss_series,sent
m_000001892,2026-02-02T04:10:41Z,u_002143,push,new_content_alert,sent
m_000001893,2026-01-31T13:11:16Z,u_002596,email,weight_loss_series,sent
m_000001894,2026-01-27T04:26:51Z,u_000962,push,heart_health_month,delivered
m_000001895,2026-01-30T14:47:41Z,u_004424,push,new_content_alert,sent
m_000001896,2026-02-01T10:15:36Z,u_002178,sms,weight_loss_series,opened
m_000001897,2026-01-28T02:17:57Z,u_001771,email,new_content_alert,sent
m_000001898,2026-01-28T23:12:23Z,u_004547,sms,sleep_challenge,opened
m_000001899,2026-01-26T20:30:54Z,u_002995,email,heart_health_month,sent
m_000001900,2026-01-31T20:19:15Z,u_002174,email,sleep_challenge,sent
m_000001901,2026-01-31T16:19:56Z,u_002299,push,weight_loss_series,sent
m_000001902,2026-02-01T10:02:54Z,u_002093,email,heart_health_month,sent
m_000001903,2026-02-01T05:30:30Z,u_004818,push,weight_loss_series,sent
m_000001904,2026-01-28T19:37:38Z,u_003062,sms,new_content_alert,sent
m_000001905,2026-01-27T03:29:20Z,u_002656,sms,stress_relief_program,sent
m_000001906,2026-01-28T11:15:47Z,u_004932,email,sleep_challenge,unsubscribed
m_000001907,2026-02-01T05:47:04Z,u_000526,email,heart_health_month,opened
m_000001908,2026-02-01T15:12:18Z,u_004838,push,weight_loss_series,sent
m_000001909,2026-02-01T11:46:52Z,u_003539,email,stress_relief_program,clicked
m_000001910,2026-01-31T19:12:24Z,u_000916,push,stress_relief_program,sent
m_000001911,2026-01-28T05:22:58Z,u_000878,push,stress_relief_program,sent
m_000001912,2026-01-30T17:44:18Z,u_004533,sms,sleep_challenge,opened
m_000001913,2026-01-28T14:25:18Z,u_001330,email,weight_loss_series,delivered
m_000001914,2026-01-30T22:03:59Z,u_002147,email,weight_loss_series,sent
m_000001915,2026-01-30T07:38:41Z,u_002269,email,stress_relief_program,clicked
m_000001916,2026-01-31T03:48:00Z,u_002093,sms,heart_health_month,sent
m_000001917,2026-02-01T01:56:21Z,u_004843,push,heart_health_month,delivered
m_000001918,2026-02-01T04:46:08Z,u_000571,email,stress_relief_program,sent
m_000001919,2026-01-29T11:07:14Z,u_001529,email,sleep_challenge,delivered
m_000001920,2026-02-01T08:29:19Z,u_002544,push,sleep_challenge,sent
m_000001921,2026-01-31T18:04:05Z,u_004624,email,heart_health_month,sent
m_000001922,2026-02-01T09:24:11Z,u_003955,push,new_content_alert,sent
m_000001923,2026-01-28T16:46:31Z,u_001512,sms,stress_relief_program,sent
m_000001924,2026-01-31T09:56:44Z,u_003351,email,heart_health_month,opened
m_000001925,2026-02-02T14:28:31Z,u_004412,email,sleep_challenge,sent
m_000001926,2026-01-30T12:12:28Z,u_000291,sms,weight_loss_series,sent
m_000001927,2026-01-31T04:54:19Z,u_003499,sms,weekly_digest,delivered
m_000001928,2026-01-30T16:27:06Z,u_003118,email,weight_loss_series,delivered
m_000001929,2026-01-27T03:44:55Z,u_004035,email,sleep_challenge,clicked
m_000001930,2026-02-01T18:44:55Z,u_001793,push,stress_relief_program,sent
m_000001931,2026-01-29T18:45:50Z,u_004945,push,new_content_alert,delivered
m_000001932,2026-01-31T15:19:15Z,u_002124,sms,weight_loss_series,sent
m_000001933,2026-01-30T04:10:09Z,u_000403,sms,weight_loss_series,sent
m_000001934,2026-01-31T06:58:07Z,u_003705,sms,new_content_alert,delivered
m_000001935,2026-02-01T18:42:42Z,u_000214,sms,new_content_alert,sent
m_000001936,2026-01-27T14:07:50Z,u_000584,email,heart_health_month,sent
m_000001937,2026-01-30T00:48:47Z,u_002903,push,stress_relief_program,sent
m_000001938,2026-01-30T16:35:32Z,u_003201,sms,weekly_digest,delivered
m_000001939,2026-01-30T05:43:51Z,u_000515,sms,heart_health_month,sent
m_000001940,2026-01-27T00:20:28Z,u_001021,email,heart_health_month,sent
m_000001941,2026-01-30T21:26:50Z,u_003728,email,heart_health_month,sent
m_000001942,2026-02-02T14:48:08Z,u_004297,sms,stress_relief_program,sent
m_000001943,2026-01-29T08:42:45Z,u_004368,email,stress_relief_program,sent
m_000001944,2026-02-01T22:20:03Z,u_004989,push,weight_loss_series,sent
m_000001945,2026-01-30T19:59:40Z,u_004459,email,weight_loss_series,sent
m_000001946,2026-01-28T06:21:35Z,u_002561,email,stress_relief_program,sent
m_000001947,2026-02-02T15:31:08Z,u_004508,sms,new_content_alert,sent
m_000001948,2026-02-01T02:47:58Z,u_003469,push,new_content_alert,delivered
m_000001949,2026-02-02T15:56:11Z,u_001497,email,heart_health_month,opened
m_000001950,2026-02-02T10:25:47Z,u_004829,email,new_content_alert,delivered
m_000001951,2026-01-29T20:44:17Z,u_003250,email,weekly_digest,sent
m_000001952,2026-01-30T16:16:31Z,u_001134,push,new_content_alert,sent
m_000001953,2026-02-02T15:36:43Z,u_002688,sms,stress_relief_program,sent
m_000001954,2026-01-30T01:07:44Z,u_002629,sms,weight_loss_series,sent
m_000001955,2026-02-01T11:25:35Z,u_003929,sms,new_content_alert,opened
m_000001956,2026-01-28T00:30:00Z,u_004408,email,sleep_challenge,sent
m_000001957,2026-01-29T21:55:56Z,u_002156,push,new_content_alert,sent
m_000001958,2026-01-30T07:02:23Z,u_000525,sms,new_content_alert,opened
m_000001959,2026-01-30T21:29:45Z,u_003819,sms,new_content_alert,sent
m_000001960,2026-01-30T20:36:21Z,u_003816,email,heart_health_month,sent
m_000001961,2026-01-27T19:38:12Z,u_003869,email,heart_health_month,opened
m_000001962,2026-01-31T21:50:40Z,u_003787,push,weight_loss_series,delivered
m_000001963,2026-01-31T21:37:44Z,u_004578,email,weekly_digest,opened
m_000001964,2026-01-29T17:27:15Z,u_000076,push,stress_relief_program,clicked
m_000001965,2026-01-29T03:40:54Z,u_004010,email,weight_loss_series,sent
m_000001966,2026-01-27T00:43:45Z,u_003452,sms,weight_loss_series,sent
m_000001967,2026-02-02T17:57:03Z,u_003948,push,sleep_challenge,sent
m_000001968,2026-01-26T21:52:33Z,u_003421,push,sleep_challenge,sent
m_000001969,2026-01-28T00:41:14Z,u_001777,email,weight_loss_series,sent
m_000001970,2026-01-29T02:13:59Z,u_002007,sms,heart_health_month,clicked
m_000001971,2026-01-28T09:14:35Z,u_000992,push,stress_relief_program,sent
m_000001972,2026-01-26T22:22:14Z,u_001287,push,weekly_digest,sent
m_000001973,2026-01-28T06:51:21Z,u_001488,push,heart_health_month,sent
m_000001974,2026-01-30T15:58:20Z,u_001992,email,heart_health_month,sent
m_000001975,2026-01-28T01:38:12Z,u_001061,sms,stress_relief_program,sent
m_000001976,2026-01-31T14:26:34Z,u_004835,push,new_content_alert,clicked
m_000001977,2026-01-29T10:50:24Z,u_004465,email,weekly_digest,delivered
m_000001978,2026-02-01T11:59:13Z,u_000824,push,weekly_digest,sent
m_000001979,2026-02-01T14:08:33Z,u_001514,email,weekly_digest,opened
m_000001980,2026-01-27T18:09:45Z,u_003057,sms,weekly_digest,delivered
m_000001981,2026-02-02T12:27:45Z,u_000623,sms,weight_loss_series,opened
m_000001982,2026-01-30T20:56:01Z,u_004473,email,stress_relief_program,opened
m_000001983,2026-02-01T02:12:14Z,u_000023,push,weekly_digest,opened
m_000001984,2026-01-27T18:17:49Z,u_000991,push,weight_loss_series,sent
m_000001985,2026-02-01T00:39:22Z,u_003497,push,stress_relief_program,delivered
m_000001986,2026-01-29T08:07:40Z,u_001625,email,heart_health_month,clicked
m_000001987,2026-02-01T03:04:47Z,u_004607,email,weight_loss_series,sent
m_000001988,2026-01-26T23:19:12Z,u_004099,sms,new_content_alert,sent
m_000001989,2026-02-02T14:18:43Z,u_001766,push,new_content_alert,sent
m_000001990,2026-01-27T01:42:43Z,u_003980,email,weight_loss_series,sent
m_000001991,2026-01-27T07:43:21Z,u_000021,sms,sleep_challenge,opened
m_000001992,2026-01-31T15:13:23Z,u_000911,email,new_content_alert,sent
m_000001993,2026-01-30T08:15:03Z,u_001142,sms,stress_relief_program,opened
m_000001994,2026-01-27T00:49:56Z,u_000759,sms,sleep_challenge,sent
m_000001995,2026-01-27T16:02:21Z,u_004580,email,weekly_digest,sent
m_000001996,2026-02-01T02:34:55Z,u_003909,sms,sleep_challenge,sent
m_000001997,2026-02-01T18:48:44Z,u_000479,email,sleep_challenge,sent
m_000001998,2026-01-28T00:52:41Z,u_004163,sms,heart_health_month,sent
m_000001999,2026-01-27T01:04:31Z,u_001325,push,heart_health_month,sent
m_000002000,2026-01-27T00:08:01Z,u_004718,push,sleep_challenge,sent
m_000002001,2026-01-31T00:42:21Z,u_002395,email,heart_health_month,sent
m_000002002,2026-01-27T05:19:08Z,u_001825,sms,weekly_digest,sent
m_000002003,2026-02-02T06:42:57Z,u_002750,push,heart_health_month,sent
m_000002004,2026-01-29T10:43:14Z,u_004071,sms,new_content_alert,opened
m_000002005,2026-02-02T19:11:15Z,u_004155,email,weekly_digest,sent
m_000002006,2026-01-27T19:05:38Z,u_003909,push,weight_loss_series,sent
m_000002007,2026-01-29T04:20:01Z,u_000727,push,sleep_challenge,delivered
m_000002008,2026-01-30T04:18:40Z,u_003396,email,weight_loss_series,delivered
m_000002009,2026-02-02T17:53:45Z,u_001821,email,new_content_alert,sent
m_000002010,2026-01-30T15:11:10Z,u_000362,sms,stress_relief_program,clicked
m_000002011,2026-02-01T13:21:43Z,u_004121,email,heart_health_month,sent
m_000002012,2026-01-30T21:32:15Z,u_004447,sms,weight_loss_series,sent
m_000002013,2026-01-30T01:59:16Z,u_001299,email,heart_health_month,sent
m_000002014,2026-02-01T08:36:07Z,u_000991,email,new_content_alert,sent
m_000002015,2026-01-27T22:06:36Z,u_001721,push,weight_loss_series,sent
m_000002016,2026-02-01T04:43:28Z,u_002402,push,weight_loss_series,clicked
m_000002017,2026-01-31T10:59:31Z,u_001825,email,heart_health_month,sent
m_000002018,2026-01-29T13:08:59Z,u_000691,push,sleep_challenge,sent
m_000002019,2026-01-29T16:20:30Z,u_003898,push,heart_health_month,sent
m_000002020,2026-01-29T17:34:30Z,u_004200,email,stress_relief_program,sent
m_000002021,2026-01-26T21:32:03Z,u_004850,email,stress_relief_program,opened
m_000002022,2026-01-29T21:58:49Z,u_001296,email,weight_loss_series,sent
m_000002023,2026-01-30T12:01:21Z,u_000105,sms,weight_loss_series,sent
m_000002024,2026-01-28T12:20:51Z,u_000581,push,heart_health_month,delivered
m_000002025,2026-01-27T22:31:53Z,u_003626,sms,sleep_challenge,delivered
m_000002026,2026-01-27T18:56:39Z,u_003908,push,sleep_challenge,opened
m_000002027,2026-01-27T12:48:10Z,u_003257,sms,sleep_challenge,opened
m_000002028,2026-01-27T06:41:56Z,u_000526,sms,new_content_alert,clicked
m_000002029,2026-01-27T01:12:33Z,u_000011,sms,stress_relief_program,opened
m_000002030,2026-01-30T19:12:41Z,u_001352,email,weekly_digest,sent
m_000002031,2026-01-29T21:27:51Z,u_002328,push,stress_relief_program,sent
m_000002032,2026-01-30T23:44:11Z,u_003667,sms,new_content_alert,sent
m_000002033,2026-02-02T02:47:44Z,u_000424,sms,weight_loss_series,sent
m_000002034,2026-01-28T04:13:33Z,u_000232,push,weight_loss_series,sent
m_000002035,2026-02-01T09:07:58Z,u_002703,email,stress_relief_program,delivered
m_000002036,2026-02-02T11:24:20Z,u_003871,sms,new_content_alert,clicked
m_000002037,2026-01-31T13:07:17Z,u_002690,push,new_content_alert,sent
m_000002038,2026-01-28T20:59:01Z,u_001896,push,heart_health_month,delivered
m_000002039,2026-02-01T00:33:31Z,u_002304,email,new_content_alert,delivered
m_000002040,2026-01-31T14:55:36Z,u_004728,push,stress_relief_program,sent
m_000002041,2026-01-29T07:29:45Z,u_003470,push,stress_relief_program,sent
m_000002042,2026-01-28T21:25:02Z,u_001194,push,stress_relief_program,sent
m_000002043,2026-01-30T12:45:38Z,u_002491,sms,heart_health_month,clicked
m_000002044,2026-01-27T11:12:52Z,u_003919,push,new_content_alert,sent
m_000002045,2026-01-28T10:24:43Z,u_003884,push,stress_relief_program,opened
m_000002046,2026-01-28T05:27:23Z,u_002512,email,sleep_challenge,sent
m_000002047,2026-01-31T13:12:07Z,u_004966,email,weight_loss_series,sent
m_000002048,2026-01-29T21:12:22Z,u_001579,email,new_content_alert,opened
m_000002049,2026-02-01T01:25:11Z,u_003127,push,weekly_digest,clicked
m_000002050,2026-01-28T07:11:26Z,u_001093,sms,new_content_alert,sent
m_000002051,2026-01-31T22:59:16Z,u_004749,sms,stress_relief_program,delivered
m_000002052,2026-02-02T10:14:51Z,u_002817,sms,sleep_challenge,sent
m_000002053,2026-01-29T18:21:15Z,u_001651,email,weight_loss_series,sent
m_000002054,2026-02-01T15:10:15Z,u_003970,email,sleep_challenge,clicked
m_000002055,2026-01-31T14:10:10Z,u_001232,email,new_content_alert,sent
m_000002056,2026-02-01T11:48:10Z,u_002154,push,heart_health_month,opened
m_000002057,2026-02-01T14:25:47Z,u_004240,sms,new_content_alert,sent
m_000002058,2026-01-29T13:16:50Z,u_002301,email,weight_loss_series,sent
m_000002059,2026-02-01T09:42:13Z,u_002740,push,new_content_alert,delivered
m_000002060,2026-01-28T05:26:37Z,u_001095,push,new_content_alert,sent
m_000002061,2026-01-31T10:25:15Z,u_000846,push,sleep_challenge,sent
m_000002062,2026-01-27T10:17:13Z,u_001999,sms,weight_loss_series,sent
m_000002063,2026-02-01T16:56:02Z,u_003341,email,stress_relief_program,opened
m_000002064,2026-01-27T07:32:14Z,u_001157,push,new_content_alert,sent
m_000002065,2026-01-29T23:33:17Z,u_004596,sms,weekly_digest,opened
m_000002066,2026-02-01T19:11:56Z,u_000399,email,weight_loss_series,sent
m_000002067,2026-02-01T13:22:25Z,u_000256,push,stress_relief_program,sent
m_000002068,2026-01-31T05:31:11Z,u_003875,sms,sleep_challenge,sent
m_000002069,2026-01-30T09:09:20Z,u_002908,push,new_content_alert,sent
m_000002070,2026-01-28T15:16:57Z,u_002473,email,sleep_challenge,sent
m_000002071,2026-01-31T01:42:56Z,u_000673,sms,heart_health_month,clicked
m_000002072,2026-01-28T15:14:02Z,u_003958,sms,sleep_challenge,unsubscribed
m_000002073,2026-01-30T02:51:03Z,u_004195,push,sleep_challenge,sent
m_000002074,2026-01-28T05:32:58Z,u_003633,push,sleep_challenge,sent
m_000002075,2026-01-28T06:42:57Z,u_000845,email,heart_health_month,opened
m_000002076,2026-01-30T03:04:32Z,u_001338,sms,new_content_alert,sent
m_000002077,2026-02-02T04:37:42Z,u_003466,sms,weekly_digest,delivered
m_000002078,2026-01-31T22:39:13Z,u_003333,email,weight_loss_series,opened
m_000002079,2026-02-01T01:42:49Z,u_000386,push,weight_loss_series,sent
m_000002080,2026-02-02T07:52:53Z,u_003362,sms,weekly_digest,sent
m_000002081,2026-02-01T01:23:07Z,u_002218,email,sleep_challenge,opened
m_000002082,2026-02-01T07:47:08Z,u_001886,push,weight_loss_series,sent
m_000002083,2026-01-29T04:35:37Z,u_000218,sms,weight_loss_series,sent
m_000002084,2026-01-29T11:12:16Z,u_001178,email,heart_health_month,sent
m_000002085,2026-01-27T15:35:57Z,u_003732,push,stress_relief_program,delivered
m_000002086,2026-01-29T05:57:57Z,u_003254,push,weekly_digest,sent
m_000002087,2026-02-02T18:59:50Z,u_000603,email,sleep_challenge,opened
m_000002088,2026-01-30T12:31:26Z,u_000236,push,weekly_digest,sent
m_000002089,2026-02-01T14:28:53Z,u_002698,sms,stress_relief_program,delivered
m_000002090,2026-02-02T06:22:05Z,u_000057,email,stress_relief_program,sent
m_000002091,2026-01-31T04:32:26Z,u_004738,sms,heart_health_month,opened
m_000002092,2026-01-31T06:16:33Z,u_003518,email,heart_health_month,sent
m_000002093,2026-01-29T00:20:23Z,u_003148,push,heart_health_month,delivered
m_000002094,2026-01-26T20:41:43Z,u_001602,email,stress_relief_program,delivered
m_000002095,2026-01-31T02:47:51Z,u_001744,email,stress_relief_program,sent
m_000002096,2026-01-28T06:46:44Z,u_000878,push,stress_relief_program,delivered
m_000002097,2026-02-01T10:24:21Z,u_000480,email,stress_relief_program,sent
m_000002098,2026-02-02T19:00:20Z,u_000537,email,new_content_alert,sent
m_000002099,2026-01-29T17:07:40Z,u_004069,push,heart_health_month,delivered
m_000002100,2026-02-01T13:38:14Z,u_004955,sms,stress_relief_program,opened
m_000002101,2026-01-30T14:25:54Z,u_001987,push,heart_health_month,opened
m_000002102,2026-01-28T14:47:59Z,u_003907,push,new_content_alert,clicked
m_000002103,2026-01-29T09:12:33Z,u_003663,sms,new_content_alert,opened
m_000002104,2026-01-30T13:54:53Z,u_003061,sms,weight_loss_series,sent
m_000002105,2026-02-02T16:41:14Z,u_003130,email,weight_loss_series,sent
m_000002106,2026-02-02T18:25:01Z,u_001014,push,heart_health_month,sent
m_000002107,2026-01-27T06:31:23Z,u_000064,email,heart_health_month,delivered
m_000002108,2026-01-29T08:27:06Z,u_001493,push,new_content_alert,sent
m_000002109,2026-01-28T12:35:46Z,u_003242,email,weight_loss_series,sent
m_000002110,2026-01-29T20:35:58Z,u_003483,email,sleep_challenge,opened
m_000002111,2026-01-29T07:29:30Z,u_004524,email,weight_loss_series,sent
m_000002112,2026-01-27T13:16:45Z,u_000335,email,sleep_challenge,delivered
m_000002113,2026-01-27T23:16:28Z,u_002159,sms,sleep_challenge,clicked
m_000002114,2026-01-27T06:31:54Z,u_003822,sms,sleep_challenge,delivered
m_000002115,2026-01-27T01:27:42Z,u_000143,sms,weekly_digest,delivered
m_000002116,2026-01-27T23:05:28Z,u_001196,sms,weight_loss_series,sent
m_000002117,2026-01-27T06:14:37Z,u_004592,push,weekly_digest,sent
m_000002118,2026-01-31T22:02:32Z,u_000127,push,sleep_challenge,delivered
m_000002119,2026-01-29T13:38:54Z,u_001777,push,sleep_challenge,sent
m_000002120,2026-01-29T23:07:15Z,u_003149,push,sleep_challenge,delivered
m_000002121,2026-01-31T16:44:11Z,u_003334,sms,heart_health_month,delivered
m_000002122,2026-02-01T09:59:07Z,u_001462,email,weight_loss_series,sent
m_000002123,2026-01-28T14:04:21Z,u_003780,email,heart_health_month,delivered
m_000002124,2026-01-27T06:22:09Z,u_003625,sms,new_content_alert,delivered
m_000002125,2026-01-29T05:51:36Z,u_002846,push,weight_loss_series,clicked
m_000002126,2026-01-30T16:43:56Z,u_001283,push,stress_relief_program,sent
m_000002127,2026-02-02T02:10:12Z,u_003005,email,heart_health_month,opened
m_000002128,2026-01-27T14:12:30Z,u_002181,email,sleep_challenge,sent
m_000002129,2026-01-28T15:25:15Z,u_003880,sms,new_content_alert,sent
m_000002130,2026-01-26T23:28:26Z,u_003622,push,heart_health_month,sent
m_000002131,2026-01-28T12:05:28Z,u_002890,email,stress_relief_program,delivered
m_000002132,2026-02-01T00:07:50Z,u_003245,push,new_content_alert,delivered
m_000002133,2026-01-28T05:18:19Z,u_000390,sms,weekly_digest,sent
m_000002134,2026-01-31T09:00:19Z,u_003609,email,heart_health_month,sent
m_000002135,2026-01-29T02:43:07Z,u_004936,push,heart_health_month,opened
m_000002136,2026-01-30T01:15:36Z,u_003939,sms,heart_health_month,sent
m_000002137,2026-02-02T06:21:21Z,u_002449,sms,weekly_digest,sent
m_000002138,2026-02-01T06:33:04Z,u_000759,sms,weight_loss_series,sent
m_000002139,2026-01-27T08:15:00Z,u_000080,push,weight_loss_series,delivered
m_000002140,2026-02-01T23:03:31Z,u_003103,push,weight_loss_series,sent
m_000002141,2026-02-01T12:08:50Z,u_004980,sms,heart_health_month,delivered
m_000002142,2026-02-02T01:37:50Z,u_001377,push,new_content_alert,sent
m_000002143,2026-01-27T05:18:05Z,u_003430,push,weight_loss_series,delivered
m_000002144,2026-01-28T11:55:09Z,u_002546,sms,new_content_alert,sent
m_000002145,2026-01-30T18:14:07Z,u_003706,push,weekly_digest,unsubscribed
m_000002146,2026-01-28T08:41:48Z,u_002220,sms,sleep_challenge,delivered
m_000002147,2026-01-27T14:11:01Z,u_004304,sms,weekly_digest,sent
m_000002148,2026-01-30T03:07:09Z,u_000710,push,weekly_digest,sent
m_000002149,2026-01-29T00:23:52Z,u_000260,sms,new_content_alert,sent
m_000002150,2026-01-28T04:25:51Z,u_003758,email,sleep_challenge,sent
m_000002151,2026-01-31T08:34:14Z,u_004222,email,new_content_alert,sent
m_000002152,2026-01-28T18:15:44Z,u_004205,email,stress_relief_program,sent
m_000002153,2026-01-29T18:56:35Z,u_002989,push,heart_health_month,sent
m_000002154,2026-01-30T00:04:16Z,u_000635,push,heart_health_month,sent
m_000002155,2026-02-02T16:41:25Z,u_002183,push,heart_health_month,delivered
m_000002156,2026-01-31T12:34:17Z,u_002378,sms,sleep_challenge,sent
m_000002157,2026-02-02T13:01:52Z,u_004327,email,sleep_challenge,opened
m_000002158,2026-02-01T23:33:11Z,u_001785,email,new_content_alert,unsubscribed
m_000002159,2026-02-01T22:00:30Z,u_003203,push,sleep_challenge,opened
m_000002160,2026-01-31T09:22:59Z,u_002234,sms,stress_relief_program,delivered
m_000002161,2026-01-29T02:33:26Z,u_004415,sms,weight_loss_series,delivered
m_000002162,2026-01-28T22:49:11Z,u_004251,sms,weekly_digest,sent
m_000002163,2026-01-28T18:32:24Z,u_001097,sms,stress_relief_program,sent
m_000002164,2026-01-30T21:44:06Z,u_004817,push,heart_health_month,sent
m_000002165,2026-01-26T22:39:09Z,u_000185,push,weight_loss_series,sent
m_000002166,2026-02-01T08:52:13Z,u_004208,push,weight_loss_series,sent
m_000002167,2026-01-28T08:27:04Z,u_003063,email,new_content_alert,delivered
m_000002168,2026-02-01T00:02:14Z,u_003459,sms,heart_health_month,opened
m_000002169,2026-01-30T08:02:32Z,u_000268,push,weekly_digest,delivered
m_000002170,2026-01-28T15:35:32Z,u_004918,push,weekly_digest,sent
m_000002171,2026-01-27T16:17:56Z,u_003388,push,weekly_digest,sent
m_000002172,2026-01-28T02:45:50Z,u_001687,sms,weight_loss_series,delivered
m_000002173,2026-01-31T08:51:20Z,u_002554,email,weekly_digest,opened
m_000002174,2026-01-30T08:11:43Z,u_002966,email,new_content_alert,sent
m_000002175,2026-01-28T06:47:43Z,u_000515,sms,stress_relief_program,opened
m_000002176,2026-01-31T18:19:21Z,u_000629,push,weight_loss_series,clicked
m_000002177,2026-02-01T03:03:35Z,u_001457,email,new_content_alert,unsubscribed
m_000002178,2026-01-31T22:19:49Z,u_000472,email,weight_loss_series,sent
m_000002179,2026-01-30T12:37:51Z,u_000149,sms,new_content_alert,sent
m_000002180,2026-01-28T19:52:44Z,u_003275,push,weight_loss_series,sent
m_000002181,2026-01-31T06:53:56Z,u_003478,push,stress_relief_program,opened
m_000002182,2026-02-02T02:52:04Z,u_003182,email,sleep_challenge,sent
m_000002183,2026-01-29T10:59:01Z,u_001339,sms,weekly_digest,sent
m_000002184,2026-02-02T11:23:48Z,u_004737,push,weight_loss_series,clicked
m_000002185,2026-01-27T10:44:14Z,u_002296,push,weight_loss_series,sent
m_000002186,2026-01-31T03:34:07Z,u_004296,sms,stress_relief_program,opened
m_000002187,2026-01-28T01:59:56Z,u_000839,push,weekly_digest,sent
m_000002188,2026-01-29T21:52:35Z,u_003949,sms,new_content_alert,sent
m_000002189,2026-01-27T12:41:14Z,u_001356,sms,sleep_challenge,sent
m_000002190,2026-01-30T00:03:45Z,u_000691,email,weekly_digest,sent
m_000002191,2026-02-01T01:32:43Z,u_004427,sms,weekly_digest,sent
m_000002192,2026-02-02T18:00:39Z,u_004349,sms,new_content_alert,sent
m_000002193,2026-01-29T08:46:33Z,u_004927,email,weight_loss_series,sent
m_000002194,2026-01-29T12:22:41Z,u_003554,sms,weekly_digest,clicked
m_000002195,2026-01-29T01:44:07Z,u_001878,push,stress_relief_program,sent
m_000002196,2026-01-26T22:22:01Z,u_000976,email,weekly_digest,opened
m_000002197,2026-01-28T05:09:50Z,u_001782,push,stress_relief_program,delivered
m_000002198,2026-01-31T06:06:19Z,u_002716,sms,new_content_alert,sent
m_000002199,2026-01-28T09:24:07Z,u_000443,sms,sleep_challenge,unsubscribed
m_000002200,2026-01-30T19:35:33Z,u_004699,push,weight_loss_series,opened
m_000002201,2026-01-27T00:17:51Z,u_000760,email,new_content_alert,sent
m_000002202,2026-02-02T08:03:45Z,u_003561,push,sleep_challenge,sent
m_000002203,2026-01-28T19:40:09Z,u_003481,email,new_content_alert,sent
m_000002204,2026-01-31T01:59:27Z,u_004215,email,weekly_digest,sent
m_000002205,2026-01-29T22:25:18Z,u_002403,push,heart_health_month,sent
m_000002206,2026-01-29T00:22:46Z,u_003559,push,new_content_alert,sent
m_000002207,2026-01-27T02:01:55Z,u_003236,sms,new_content_alert,delivered
m_000002208,2026-01-27T01:59:06Z,u_000777,push,weekly_digest,sent
m_000002209,2026-02-01T12:49:42Z,u_004865,email,weekly_digest,delivered
m_000002210,2026-01-27T19:26:17Z,u_002266,email,sleep_challenge,sent
m_000002211,2026-01-29T19:43:51Z,u_000353,sms,stress_relief_program,delivered
m_000002212,2026-01-30T18:19:52Z,u_000573,push,weight_loss_series,sent
m_000002213,2026-01-28T10:49:41Z,u_000818,email,stress_relief_program,delivered
m_000002214,2026-01-27T08:07:40Z,u_000831,sms,sleep_challenge,opened
m_000002215,2026-01-27T20:39:04Z,u_003235,email,new_content_alert,sent
m_000002216,2026-01-27T21:25:16Z,u_004956,push,new_content_alert,sent
m_000002217,2026-02-01T07:43:24Z,u_004487,push,stress_relief_program,sent
m_000002218,2026-01-28T17:13:12Z,u_002666,sms,weekly_digest,sent
m_000002219,2026-01-27T22:40:04Z,u_000585,email,sleep_challenge,sent
m_000002220,2026-01-29T06:08:21Z,u_000792,sms,weekly_digest,sent
m_000002221,2026-01-29T02:56:12Z,u_002238,sms,stress_relief_program,sent
m_000002222,2026-01-31T10:51:08Z,u_004886,push,new_content_alert,opened
m_000002223,2026-01-31T08:18:24Z,u_004029,push,weekly_digest,sent
m_000002224,2026-01-26T22:58:35Z,u_003104,sms,weekly_digest,clicked
m_000002225,2026-01-31T08:21:27Z,u_004153,push,new_content_alert,opened
m_000002226,2026-01-31T18:51:37Z,u_004526,sms,weekly_digest,delivered
m_000002227,2026-02-01T23:09:45Z,u_002518,push,stress_relief_program,opened
m_000002228,2026-01-27T19:55:16Z,u_000558,push,sleep_challenge,sent
m_000002229,2026-01-30T06:46:57Z,u_001752,push,sleep_challenge,sent
m_000002230,2026-01-30T09:05:45Z,u_001069,email,new_content_alert,sent
m_000002231,2026-01-30T03:21:47Z,u_003481,push,sleep_challenge,sent
m_000002232,2026-01-29T17:17:24Z,u_003374,sms,new_content_alert,sent
m_000002233,2026-02-01T19:23:40Z,u_004466,push,new_content_alert,sent
m_000002234,2026-02-01T21:49:28Z,u_000959,email,sleep_challenge,sent
m_000002235,2026-01-30T02:20:33Z,u_002668,sms,new_content_alert,sent
m_000002236,2026-02-01T02:49:33Z,u_004588,sms,weight_loss_series,sent
m_000002237,2026-01-27T13:04:30Z,u_003196,email,stress_relief_program,sent
m_000002238,2026-01-28T13:27:30Z,u_002087,sms,weight_loss_series,sent
m_000002239,2026-02-02T10:05:44Z,u_003871,email,sleep_challenge,sent
m_000002240,2026-01-31T02:01:11Z,u_004790,sms,new_content_alert,sent
m_000002241,2026-02-02T10:40:19Z,u_003269,sms,weight_loss_series,clicked
m_000002242,2026-02-01T02:35:43Z,u_003063,push,heart_health_month,opened
m_000002243,2026-01-31T19:57:27Z,u_004785,email,weight_loss_series,sent
m_000002244,2026-02-01T11:44:09Z,u_004406,email,sleep_challenge,sent
m_000002245,2026-02-01T12:56:33Z,u_002703,sms,heart_health_month,sent
m_000002246,2026-01-31T00:53:55Z,u_004324,email,weight_loss_series,sent
m_000002247,2026-02-01T13:49:43Z,u_000519,email,sleep_challenge,sent
m_000002248,2026-02-02T15:56:32Z,u_000582,push,new_content_alert,opened
m_000002249,2026-02-01T13:14:18Z,u_001979,sms,stress_relief_program,sent
m_000002250,2026-01-31T04:51:14Z,u_000571,sms,heart_health_month,delivered
m_000002251,2026-01-30T03:38:35Z,u_002034,email,sleep_challenge,delivered
m_000002252,2026-01-31T19:02:41Z,u_002593,push,sleep_challenge,clicked
m_000002253,2026-02-02T10:13:43Z,u_003086,push,sleep_challenge,sent
m_000002254,2026-01-28T14:52:47Z,u_001716,sms,weight_loss_series,delivered
m_000002255,2026-01-29T00:26:01Z,u_003467,sms,heart_health_month,delivered
m_000002256,2026-01-31T06:52:30Z,u_004708,sms,new_content_alert,sent
m_000002257,2026-01-28T18:06:15Z,u_004709,push,stress_relief_program,sent
m_000002258,2026-01-31T00:11:47Z,u_004530,email,stress_relief_program,opened
m_000002259,2026-01-28T00:12:26Z,u_000969,sms,new_content_alert,delivered
m_000002260,2026-01-31T14:30:43Z,u_003073,push,heart_health_month,sent
m_000002261,2026-01-31T14:01:22Z,u_002000,sms,weekly_digest,sent
m_000002262,2026-02-01T22:40:25Z,u_000463,push,weight_loss_series,sent
m_000002263,2026-02-01T01:44:33Z,u_002388,sms,stress_relief_program,sent
m_000002264,2026-01-28T09:33:46Z,u_003995,email,heart_health_month,unsubscribed
m_000002265,2026-02-01T22:30:16Z,u_001893,push,new_content_alert,delivered
m_000002266,2026-02-01T09:26:20Z,u_000804,push,new_content_alert,sent
m_000002267,2026-02-01T19:45:23Z,u_003381,email,sleep_challenge,opened
m_000002268,2026-01-27T01:47:22Z,u_003006,email,stress_relief_program,sent
m_000002269,2026-01-26T20:27:42Z,u_002268,email,weight_loss_series,sent
m_000002270,2026-01-29T06:45:25Z,u_002154,email,sleep_challenge,opened
m_000002271,2026-01-31T14:26:18Z,u_002569,push,new_content_alert,sent
m_000002272,2026-02-01T09:46:14Z,u_002216,push,weekly_digest,opened
m_000002273,2026-02-01T00:43:57Z,u_003166,sms,stress_relief_program,delivered
m_000002274,2026-01-28T01:28:17Z,u_004580,email,heart_health_month,sent
m_000002275,2026-01-28T01:27:25Z,u_001571,push,sleep_challenge,sent
m_000002276,2026-01-31T11:01:42Z,u_002278,push,heart_health_month,sent
m_000002277,2026-01-27T19:58:13Z,u_004507,email,new_content_alert,sent
m_000002278,2026-01-29T14:40:31Z,u_004439,email,sleep_challenge,delivered
m_000002279,2026-01-31T00:04:00Z,u_001701,push,new_content_alert,sent
m_000002280,2026-02-02T01:03:28Z,u_003344,email,weight_loss_series,delivered
m_000002281,2026-01-28T01:21:05Z,u_004469,sms,new_content_alert,delivered
m_000002282,2026-01-31T20:58:35Z,u_003027,sms,weekly_digest,delivered
m_000002283,2026-01-30T04:09:42Z,u_002379,push,stress_relief_program,sent
m_000002284,2026-02-01T21:24:20Z,u_000002,sms,weekly_digest,delivered
m_000002285,2026-01-28T19:43:56Z,u_002496,push,sleep_challenge,delivered
m_000002286,2026-02-01T09:00:55Z,u_001394,sms,weight_loss_series,unsubscribed
m_000002287,2026-01-29T22:07:06Z,u_004362,sms,stress_relief_program,sent
m_000002288,2026-01-27T20:48:25Z,u_002457,sms,weight_loss_series,delivered
m_000002289,2026-01-29T22:30:12Z,u_003104,push,stress_relief_program,delivered
m_000002290,2026-01-29T10:47:16Z,u_004509,email,new_content_alert,clicked
m_000002291,2026-02-01T13:04:00Z,u_001739,sms,stress_relief_program,sent
m_000002292,2026-01-31T18:24:52Z,u_002136,email,sleep_challenge,clicked
m_000002293,2026-01-29T00:43:09Z,u_003045,email,weekly_digest,sent
m_000002294,2026-01-28T12:33:05Z,u_001626,sms,heart_health_month,sent
m_000002295,2026-01-29T02:27:18Z,u_001506,email,stress_relief_program,delivered
m_000002296,2026-01-29T12:54:17Z,u_004906,sms,heart_health_month,sent
m_000002297,2026-01-30T10:44:18Z,u_004974,email,stress_relief_program,sent
m_000002298,2026-01-27T03:24:20Z,u_003075,push,stress_relief_program,sent
m_000002299,2026-01-28T23:01:59Z,u_001154,push,sleep_challenge,opened
m_000002300,2026-02-01T10:08:44Z,u_001959,sms,sleep_challenge,sent
m_000002301,2026-01-28T00:57:09Z,u_002239,email,sleep_challenge,sent
m_000002302,2026-01-29T06:49:52Z,u_004449,push,sleep_challenge,sent
m_000002303,2026-01-29T22:29:35Z,u_002325,sms,stress_relief_program,sent
m_000002304,2026-01-27T22:18:12Z,u_003252,push,sleep_challenge,sent
m_000002305,2026-01-31T08:27:17Z,u_003525,sms,new_content_alert,sent
m_000002306,2026-02-02T05:35:06Z,u_000941,sms,weekly_digest,opened
m_000002307,2026-02-01T04:11:46Z,u_001860,push,heart_health_month,opened
m_000002308,2026-01-29T15:45:51Z,u_001485,push,new_content_alert,opened
m_000002309,2026-02-01T08:01:52Z,u_000065,email,weight_loss_series,sent
m_000002310,2026-01-30T02:37:27Z,u_000974,sms,sleep_challenge,sent
m_000002311,2026-01-30T15:57:35Z,u_002573,sms,weekly_digest,sent
m_000002312,2026-01-28T09:47:15Z,u_003530,email,stress_relief_program,sent
m_000002313,2026-02-02T04:41:15Z,u_003934,sms,sleep_challenge,unsubscribed
m_000002314,2026-01-31T14:30:16Z,u_003659,push,weight_loss_series,opened
m_000002315,2026-01-31T08:39:57Z,u_000757,push,new_content_alert,sent
m_000002316,2026-01-31T14:15:09Z,u_002413,push,sleep_challenge,delivered
m_000002317,2026-01-30T07:09:53Z,u_004131,sms,weight_loss_series,sent
m_000002318,2026-01-28T14:34:24Z,u_002096,push,heart_health_month,sent
m_000002319,2026-01-29T14:04:52Z,u_003381,sms,sleep_challenge,sent
m_000002320,2026-01-31T15:46:00Z,u_003297,push,weekly_digest,delivered
m_000002321,2026-01-29T22:11:26Z,u_002265,sms,weight_loss_series,sent
m_000002322,2026-02-02T05:05:09Z,u_001521,sms,heart_health_month,delivered
m_000002323,2026-01-27T20:35:36Z,u_000663,email,new_content_alert,clicked
m_000002324,2026-01-29T15:17:56Z,u_003098,email,new_content_alert,delivered
m_000002325,2026-01-29T04:19:13Z,u_001808,push,weekly_digest,sent
m_000002326,2026-01-29T00:50:59Z,u_001704,email,heart_health_month,sent
m_000002327,2026-01-28T04:54:03Z,u_003762,sms,sleep_challenge,opened
m_000002328,2026-02-01T11:25:34Z,u_004199,email,new_content_alert,sent
m_000002329,2026-01-31T17:25:23Z,u_001950,push,sleep_challenge,sent
m_000002330,2026-01-30T00:12:25Z,u_000147,email,new_content_alert,sent
m_000002331,2026-01-29T11:23:57Z,u_002707,email,weekly_digest,sent
m_000002332,2026-01-27T10:21:31Z,u_004566,push,weight_loss_series,sent
m_000002333,2026-01-29T06:15:04Z,u_002249,email,stress_relief_program,sent
m_000002334,2026-02-02T19:48:00Z,u_004274,sms,sleep_challenge,delivered
m_000002335,2026-01-31T10:18:25Z,u_001737,email,weekly_digest,sent
m_000002336,2026-01-26T21:42:24Z,u_003844,email,new_content_alert,sent
m_000002337,2026-02-02T06:23:37Z,u_001319,push,sleep_challenge,delivered
m_000002338,2026-01-30T15:00:29Z,u_003279,email,weight_loss_series,sent
m_000002339,2026-01-31T08:05:39Z,u_004758,email,weight_loss_series,delivered
m_000002340,2026-01-27T16:17:06Z,u_002007,push,stress_relief_program,sent
m_000002341,2026-01-26T20:45:51Z,u_000297,email,weekly_digest,sent
m_000002342,2026-01-29T20:12:08Z,u_000314,push,new_content_alert,sent
m_000002343,2026-02-01T03:14:48Z,u_000376,email,weight_loss_series,sent
m_000002344,2026-01-31T22:22:17Z,u_001709,sms,stress_relief_program,sent
m_000002345,2026-01-30T04:34:24Z,u_002698,email,stress_relief_program,sent
m_000002346,2026-01-28T02:24:10Z,u_003738,sms,new_content_alert,sent
m_000002347,2026-01-31T23:00:10Z,u_001012,sms,stress_relief_program,sent
m_000002348,2026-01-28T04:59:40Z,u_001844,push,heart_health_month,sent
m_000002349,2026-01-31T05:11:26Z,u_001492,sms,weight_loss_series,delivered
m_000002350,2026-01-27T11:41:33Z,u_002246,email,stress_relief_program,delivered
m_000002351,2026-02-02T00:53:33Z,u_004676,push,heart_health_month,sent
m_000002352,2026-02-02T02:47:50Z,u_003110,push,stress_relief_program,sent
m_000002353,2026-01-29T21:10:44Z,u_003770,email,new_content_alert,sent
m_000002354,2026-01-29T15:24:11Z,u_003295,push,stress_relief_program,sent
m_000002355,2026-01-30T01:40:33Z,u_003142,sms,heart_health_month,sent
m_000002356,2026-02-01T18:25:08Z,u_003694,push,new_content_alert,delivered
m_000002357,2026-01-27T07:10:25Z,u_002115,sms,new_content_alert,opened
m_000002358,2026-01-30T05:07:30Z,u_002507,email,stress_relief_program,opened
m_000002359,2026-01-29T22:29:40Z,u_000553,sms,new_content_alert,delivered
m_000002360,2026-01-31T05:42:27Z,u_004939,email,sleep_challenge,sent
m_000002361,2026-01-31T15:15:00Z,u_001288,push,stress_relief_program,sent
m_000002362,2026-02-01T00:41:56Z,u_000762,push,heart_health_month,sent
m_000002363,2026-01-27T16:24:44Z,u_003505,email,stress_relief_program,sent
m_000002364,2026-01-29T13:44:38Z,u_002980,sms,weekly_digest,clicked
m_000002365,2026-01-30T07:13:39Z,u_001517,email,stress_relief_program,opened
m_000002366,2026-01-27T18:38:37Z,u_000311,push,sleep_challenge,sent
m_000002367,2026-01-27T14:43:23Z,u_000893,email,weekly_digest,clicked
m_000002368,2026-02-02T10:55:40Z,u_001407,push,sleep_challenge,sent
m_000002369,2026-02-01T08:49:10Z,u_000078,email,new_content_alert,delivered
m_000002370,2026-02-02T10:47:13Z,u_001987,sms,new_content_alert,sent
m_000002371,2026-01-27T07:45:03Z,u_004350,push,stress_relief_program,delivered
m_000002372,2026-02-01T19:59:50Z,u_000163,sms,new_content_alert,sent
m_000002373,2026-01-28T15:53:54Z,u_001601,email,weekly_digest,sent
m_000002374,2026-01-27T01:24:54Z,u_000057,sms,weekly_digest,clicked
m_000002375,2026-02-01T00:49:22Z,u_002263,sms,weekly_digest,sent
m_000002376,2026-01-28T01:46:07Z,u_004755,push,sleep_challenge,sent
m_000002377,2026-01-30T12:05:48Z,u_004438,sms,sleep_challenge,delivered
m_000002378,2026-01-31T21:46:08Z,u_004503,email,heart_health_month,clicked
m_000002379,2026-02-01T06:09:05Z,u_002757,sms,sleep_challenge,opened
m_000002380,2026-02-02T12:31:04Z,u_001374,push,sleep_challenge,sent
m_000002381,2026-01-31T16:30:01Z,u_000302,email,new_content_alert,sent
m_000002382,2026-01-28T16:22:03Z,u_004700,push,weight_loss_series,sent
m_000002383,2026-02-01T04:47:52Z,u_001657,sms,stress_relief_program,opened
m_000002384,2026-01-31T21:21:48Z,u_004070,push,stress_relief_program,delivered
m_000002385,2026-01-29T14:38:24Z,u_000573,sms,stress_relief_program,sent
m_000002386,2026-02-01T14:10:04Z,u_002645,sms,weight_loss_series,sent
m_000002387,2026-01-28T19:08:57Z,u_002486,push,weekly_digest,sent
m_000002388,2026-02-02T18:10:12Z,u_002031,sms,weekly_digest,sent
m_000002389,2026-01-27T06:25:50Z,u_002722,email,weekly_digest,opened
m_000002390,2026-02-01T10:27:49Z,u_003501,push,stress_relief_program,sent
m_000002391,2026-01-31T19:30:34Z,u_003844,email,weight_loss_series,delivered
m_000002392,2026-01-31T06:07:30Z,u_000398,sms,weekly_digest,delivered
m_000002393,2026-01-30T03:29:04Z,u_001745,email,weight_loss_series,opened
m_000002394,2026-01-31T13:37:02Z,u_000072,push,stress_relief_program,sent
m_000002395,2026-01-30T06:47:17Z,u_002686,email,stress_relief_program,opened
m_000002396,2026-02-01T11:08:01Z,u_004027,email,weight_loss_series,clicked
m_000002397,2026-01-27T19:20:23Z,u_000795,push,heart_health_month,sent
m_000002398,2026-01-30T19:56:24Z,u_001217,sms,weekly_digest,sent
m_000002399,2026-01-30T08:54:59Z,u_001637,email,weight_loss_series,sent
m_000002400,2026-01-28T19:15:35Z,u_000207,push,stress_relief_program,sent
m_000002401,2026-01-30T06:20:00Z,u_001752,push,sleep_challenge,sent
m_000002402,2026-01-31T22:12:57Z,u_004598,push,stress_relief_program,delivered
m_000002403,2026-01-29T01:33:25Z,u_004253,sms,stress_relief_program,delivered
m_000002404,2026-02-01T04:11:38Z,u_000454,email,weekly_digest,delivered
m_000002405,2026-02-01T23:33:52Z,u_002609,email,stress_relief_program,opened
m_000002406,2026-01-28T10:27:36Z,u_000305,sms,sleep_challenge,delivered
m_000002407,2026-01-29T21:31:32Z,u_002704,push,weekly_digest,opened
m_000002408,2026-01-30T20:52:58Z,u_000215,sms,heart_health_month,sent
m_000002409,2026-01-29T17:25:31Z,u_003613,push,sleep_challenge,delivered
m_000002410,2026-01-29T07:06:07Z,u_001226,push,weekly_digest,sent
m_000002411,2026-02-01T16:15:03Z,u_002579,push,sleep_challenge,sent
m_000002412,2026-01-29T22:13:20Z,u_002323,push,stress_relief_program,sent
m_000002413,2026-01-29T08:20:29Z,u_002771,email,new_content_alert,clicked
m_000002414,2026-01-28T08:30:57Z,u_003143,push,weight_loss_series,delivered
m_000002415,2026-01-27T15:41:00Z,u_001775,push,stress_relief_program,sent
m_000002416,2026-01-31T01:46:06Z,u_003739,sms,weight_loss_series,clicked
m_000002417,2026-01-27T04:39:20Z,u_000155,email,weight_loss_series,sent
m_000002418,2026-01-29T07:15:14Z,u_001990,push,weekly_digest,opened
m_000002419,2026-02-01T21:02:33Z,u_003486,sms,stress_relief_program,sent
m_000002420,2026-01-31T23:39:50Z,u_000984,email,sleep_challenge,delivered
m_000002421,2026-01-29T05:12:31Z,u_002858,sms,stress_relief_program,delivered
m_000002422,2026-02-01T03:30:11Z,u_002908,email,new_content_alert,delivered
m_000002423,2026-01-31T14:45:32Z,u_004152,sms,weight_loss_series,sent
m_000002424,2026-01-30T11:16:59Z,u_001433,sms,heart_health_month,sent
m_000002425,2026-01-29T09:47:11Z,u_002953,email,sleep_challenge,sent
m_000002426,2026-01-29T20:15:25Z,u_002910,sms,stress_relief_program,clicked
m_000002427,2026-01-29T01:37:51Z,u_001352,push,weight_loss_series,opened
m_000002428,2026-02-01T13:20:59Z,u_000558,push,stress_relief_program,opened
m_000002429,2026-01-31T19:56:11Z,u_003998,push,stress_relief_program,sent
m_000002430,2026-01-29T07:55:57Z,u_003820,email,sleep_challenge,sent
m_000002431,2026-02-02T14:04:51Z,u_004381,email,new_content_alert,sent
m_000002432,2026-01-27T04:27:24Z,u_000094,push,stress_relief_program,sent
m_000002433,2026-01-29T08:40:42Z,u_000907,sms,weight_loss_series,sent
m_000002434,2026-01-31T15:50:00Z,u_003592,email,new_content_alert,opened
m_000002435,2026-01-29T21:07:14Z,u_003276,sms,weight_loss_series,delivered
m_000002436,2026-01-27T04:31:03Z,u_000786,sms,new_content_alert,sent
m_000002437,2026-01-27T08:35:15Z,u_002589,sms,heart_health_month,sent
m_000002438,2026-02-02T10:49:04Z,u_000944,push,weight_loss_series,opened
m_000002439,2026-01-30T00:56:08Z,u_000418,push,stress_relief_program,clicked
m_000002440,2026-02-01T11:47:28Z,u_003444,sms,weekly_digest,sent
m_000002441,2026-01-28T03:55:36Z,u_004028,email,new_content_alert,unsubscribed
m_000002442,2026-01-27T06:26:47Z,u_002010,sms,weight_loss_series,delivered
m_000002443,2026-01-29T16:09:19Z,u_004311,sms,weekly_digest,sent
m_000002444,2026-01-29T10:42:24Z,u_003930,sms,sleep_challenge,sent
m_000002445,2026-01-27T17:02:02Z,u_002667,email,weekly_digest,sent
m_000002446,2026-01-27T02:11:37Z,u_000608,email,weekly_digest,clicked
m_000002447,2026-01-31T17:38:46Z,u_004992,push,sleep_challenge,sent
m_000002448,2026-01-30T10:04:30Z,u_001992,push,weight_loss_series,sent
m_000002449,2026-01-28T13:18:51Z,u_003720,email,weekly_digest,sent
m_000002450,2026-01-30T02:08:40Z,u_003530,email,weight_loss_series,opened
m_000002451,2026-01-31T07:50:43Z,u_001966,push,sleep_challenge,clicked
m_000002452,2026-01-27T06:21:30Z,u_000328,push,sleep_challenge,sent
m_000002453,2026-02-01T15:16:12Z,u_003482,sms,stress_relief_program,sent
m_000002454,2026-01-31T16:06:06Z,u_000491,push,stress_relief_program,sent
m_000002455,2026-01-28T04:32:04Z,u_001727,sms,heart_health_month,delivered
m_000002456,2026-01-27T20:17:50Z,u_004727,email,new_content_alert,delivered
m_000002457,2026-01-29T12:08:38Z,u_002114,push,weight_loss_series,delivered
m_000002458,2026-01-30T00:26:28Z,u_004009,push,weekly_digest,delivered
m_000002459,2026-01-28T09:49:36Z,u_000889,email,heart_health_month,sent
m_000002460,2026-02-02T12:27:20Z,u_002495,push,heart_health_month,sent
m_000002461,2026-01-31T16:33:12Z,u_003939,email,heart_health_month,sent
m_000002462,2026-02-01T17:05:58Z,u_003050,push,heart_health_month,sent
m_000002463,2026-01-31T03:52:34Z,u_004848,push,heart_health_month,sent
m_000002464,2026-02-01T16:33:13Z,u_002205,sms,stress_relief_program,sent
m_000002465,2026-02-01T04:10:10Z,u_000253,push,sleep_challenge,sent
m_000002466,2026-02-02T09:15:24Z,u_002761,push,weight_loss_series,sent
m_000002467,2026-01-27T23:02:47Z,u_001303,sms,weight_loss_series,sent
m_000002468,2026-01-30T11:58:26Z,u_000363,push,sleep_challenge,sent
m_000002469,2026-02-02T06:10:49Z,u_004200,email,weekly_digest,unsubscribed
m_000002470,2026-02-02T15:53:50Z,u_001712,sms,weekly_digest,sent
m_000002471,2026-02-01T03:23:11Z,u_002810,push,weekly_digest,sent
m_000002472,2026-02-02T01:54:37Z,u_003012,push,stress_relief_program,sent
m_000002473,2026-01-28T14:17:25Z,u_003562,email,heart_health_month,opened
m_000002474,2026-01-28T09:53:35Z,u_003292,email,stress_relief_program,sent
m_000002475,2026-01-29T23:13:18Z,u_000679,email,weekly_digest,delivered
m_000002476,2026-01-31T21:23:13Z,u_004101,email,new_content_alert,delivered
m_000002477,2026-01-29T01:51:24Z,u_003915,email,new_content_alert,sent
m_000002478,2026-01-31T05:38:54Z,u_003339,push,stress_relief_program,sent
m_000002479,2026-01-31T06:29:39Z,u_001821,push,weekly_digest,sent
m_000002480,2026-01-30T01:53:51Z,u_001688,push,weight_loss_series,delivered
m_000002481,2026-01-29T22:07:13Z,u_004877,email,stress_relief_program,opened
m_000002482,2026-01-28T00:31:45Z,u_000529,email,sleep_challenge,sent
m_000002483,2026-02-01T14:52:32Z,u_001791,email,weekly_digest,delivered
m_000002484,2026-01-31T02:10:25Z,u_002335,email,weight_loss_series,clicked
m_000002485,2026-01-29T05:44:49Z,u_001343,push,stress_relief_program,opened
m_000002486,2026-01-31T10:51:43Z,u_001210,push,heart_health_month,sent
m_000002487,2026-01-28T08:05:55Z,u_002639,sms,stress_relief_program,sent
m_000002488,2026-01-27T08:46:48Z,u_003406,email,weekly_digest,sent
m_000002489,2026-02-01T04:02:18Z,u_000442,push,heart_health_month,delivered
m_000002490,2026-01-28T18:15:21Z,u_001831,push,sleep_challenge,sent
m_000002491,2026-01-29T09:02:00Z,u_000854,push,heart_health_month,delivered
m_000002492,2026-01-30T09:49:19Z,u_004423,push,stress_relief_program,clicked
m_000002493,2026-01-30T09:46:24Z,u_002602,sms,sleep_challenge,sent
m_000002494,2026-01-29T02:28:49Z,u_004146,sms,new_content_alert,sent
m_000002495,2026-01-28T12:17:36Z,u_003024,email,weekly_digest,sent
m_000002496,2026-01-28T19:48:55Z,u_000054,push,heart_health_month,sent
m_000002497,2026-01-27T17:55:24Z,u_003991,email,sleep_challenge,sent
m_000002498,2026-01-28T12:58:08Z,u_002242,push,weight_loss_series,opened
m_000002499,2026-02-02T06:32:59Z,u_003522,email,weight_loss_series,sent
m_000002500,2026-01-29T13:08:21Z,u_002386,sms,sleep_challenge,sent
m_000002501,2026-01-26T22:10:59Z,u_004529,sms,weight_loss_series,sent
m_000002502,2026-01-31T06:23:35Z,u_000248,email,sleep_challenge,delivered
m_000002503,2026-01-27T02:30:36Z,u_004167,sms,heart_health_month,sent
m_000002504,2026-01-31T22:34:12Z,u_000928,sms,weight_loss_series,opened
m_000002505,2026-01-31T23:39:53Z,u_002089,sms,heart_health_month,opened
m_000002506,2026-01-30T00:10:51Z,u_003199,email,new_content_alert,opened
m_000002507,2026-01-29T13:09:39Z,u_004287,email,stress_relief_program,sent
m_000002508,2026-01-29T16:05:51Z,u_003392,sms,heart_health_month,sent
m_000002509,2026-01-27T10:24:29Z,u_001310,sms,sleep_challenge,sent
m_000002510,2026-01-30T05:04:14Z,u_004507,email,heart_health_month,sent
m_000002511,2026-01-30T00:56:17Z,u_004215,push,heart_health_month,sent
m_000002512,2026-01-30T19:23:53Z,u_002485,push,stress_relief_program,sent
m_000002513,2026-02-02T03:01:27Z,u_001085,sms,weight_loss_series,sent
m_000002514,2026-01-31T05:00:38Z,u_002946,email,sleep_challenge,sent
m_000002515,2026-02-01T09:03:39Z,u_003164,email,new_content_alert,delivered
m_000002516,2026-01-29T12:59:56Z,u_000415,email,stress_relief_program,delivered
m_000002517,2026-02-02T17:32:46Z,u_004477,push,new_content_alert,clicked
m_000002518,2026-01-29T23:47:21Z,u_000569,sms,new_content_alert,sent
m_000002519,2026-01-28T20:32:23Z,u_002921,sms,weekly_digest,clicked
m_000002520,2026-02-02T00:56:54Z,u_002612,email,weekly_digest,sent
m_000002521,2026-02-02T04:13:15Z,u_002046,sms,new_content_alert,sent
m_000002522,2026-02-01T23:08:21Z,u_002395,sms,new_content_alert,clicked
m_000002523,2026-01-29T15:50:26Z,u_002392,email,stress_relief_program,sent
m_000002524,2026-01-30T13:29:29Z,u_002179,sms,heart_health_month,delivered
m_000002525,2026-01-28T17:41:33Z,u_004298,sms,heart_health_month,delivered
m_000002526,2026-01-28T23:39:12Z,u_004744,push,sleep_challenge,sent
m_000002527,2026-01-31T10:23:49Z,u_002888,push,sleep_challenge,sent
m_000002528,2026-01-27T13:44:49Z,u_002982,email,heart_health_month,delivered
m_000002529,2026-01-28T02:37:15Z,u_002702,email,weekly_digest,delivered
m_000002530,2026-01-30T19:34:59Z,u_003466,email,weekly_digest,sent
m_000002531,2026-01-30T19:39:05Z,u_002193,push,weekly_digest,sent
m_000002532,2026-01-28T18:27:56Z,u_000201,email,heart_health_month,sent
m_000002533,2026-02-01T20:21:56Z,u_004567,email,weight_loss_series,clicked
m_000002534,2026-02-02T16:36:41Z,u_000842,email,weight_loss_series,sent
m_000002535,2026-01-30T21:53:12Z,u_000842,push,stress_relief_program,opened
m_000002536,2026-02-01T20:49:54Z,u_003907,email,new_content_alert,delivered
m_000002537,2026-01-28T16:14:32Z,u_002770,push,weekly_digest,delivered
m_000002538,2026-02-01T12:03:42Z,u_004555,sms,heart_health_month,opened
m_000002539,2026-01-26T20:49:32Z,u_004261,email,weight_loss_series,sent
m_000002540,2026-02-01T14:03:09Z,u_004393,push,heart_health_month,sent
m_000002541,2026-01-30T20:43:22Z,u_000924,push,stress_relief_program,sent
m_000002542,2026-02-01T16:50:30Z,u_002012,email,stress_relief_program,clicked
m_000002543,2026-01-29T13:10:28Z,u_003294,push,stress_relief_program,sent
m_000002544,2026-02-02T06:59:41Z,u_002015,push,heart_health_month,sent
m_000002545,2026-01-27T12:40:27Z,u_001948,push,new_content_alert,sent
m_000002546,2026-01-30T22:44:58Z,u_002924,push,weekly_digest,sent
m_000002547,2026-01-27T14:33:46Z,u_004361,push,stress_relief_program,clicked
m_000002548,2026-01-31T18:44:29Z,u_000091,email,new_content_alert,clicked
m_000002549,2026-01-29T02:54:37Z,u_001240,sms,weight_loss_series,sent
m_000002550,2026-02-02T13:33:58Z,u_001781,email,stress_relief_program,delivered
m_000002551,2026-01-29T10:26:11Z,u_004310,sms,heart_health_month,sent
m_000002552,2026-02-02T08:15:01Z,u_000615,push,sleep_challenge,sent
m_000002553,2026-02-02T08:20:43Z,u_004210,push,heart_health_month,sent
m_000002554,2026-01-31T12:09:44Z,u_001258,email,weekly_digest,clicked
m_000002555,2026-01-28T05:58:27Z,u_002599,sms,new_content_alert,sent
m_000002556,2026-01-28T06:43:38Z,u_001236,push,weight_loss_series,clicked
m_000002557,2026-01-29T16:32:29Z,u_000503,sms,heart_health_month,sent
m_000002558,2026-02-01T00:22:15Z,u_003408,push,new_content_alert,clicked
m_000002559,2026-02-01T00:27:40Z,u_003994,sms,heart_health_month,opened
m_000002560,2026-01-30T10:17:16Z,u_002802,email,new_content_alert,sent
m_000002561,2026-01-28T06:52:43Z,u_001803,email,weight_loss_series,sent
m_000002562,2026-01-30T04:17:24Z,u_000213,email,weight_loss_series,delivered
m_000002563,2026-01-27T20:06:51Z,u_004017,sms,heart_health_month,delivered
m_000002564,2026-01-28T20:03:08Z,u_003375,push,sleep_challenge,sent
m_000002565,2026-02-02T10:44:04Z,u_002460,email,stress_relief_program,sent
m_000002566,2026-01-31T03:52:17Z,u_000755,sms,stress_relief_program,sent
m_000002567,2026-01-28T05:04:03Z,u_001522,sms,weight_loss_series,sent
m_000002568,2026-01-30T10:53:32Z,u_001011,push,new_content_alert,sent
m_000002569,2026-01-31T01:45:20Z,u_000240,sms,new_content_alert,delivered
m_000002570,2026-02-02T00:42:42Z,u_000693,email,new_content_alert,sent
m_000002571,2026-01-31T06:40:44Z,u_003233,sms,weekly_digest,delivered
m_000002572,2026-02-02T18:28:10Z,u_004707,push,new_content_alert,sent
m_000002573,2026-01-27T12:17:39Z,u_002257,sms,stress_relief_program,sent
m_000002574,2026-01-27T02:19:02Z,u_002262,push,stress_relief_program,sent
m_000002575,2026-01-29T12:04:30Z,u_000959,email,weekly_digest,sent
m_000002576,2026-01-27T01:32:31Z,u_002888,email,sleep_challenge,sent
m_000002577,2026-01-28T23:47:50Z,u_004954,sms,new_content_alert,sent
m_000002578,2026-02-02T12:59:09Z,u_001172,sms,weight_loss_series,sent
m_000002579,2026-02-02T06:54:59Z,u_003025,email,sleep_challenge,sent
m_000002580,2026-01-28T19:02:14Z,u_000258,sms,weekly_digest,sent
m_000002581,2026-01-31T14:53:51Z,u_002573,push,weight_loss_series,sent
m_000002582,2026-01-27T00:33:31Z,u_002002,sms,new_content_alert,delivered
m_000002583,2026-01-30T06:00:41Z,u_003445,sms,sleep_challenge,sent
m_000002584,2026-01-27T00:53:12Z,u_001252,sms,sleep_challenge,sent
m_000002585,2026-01-27T01:34:40Z,u_001162,sms,weight_loss_series,clicked
m_000002586,2026-01-29T08:46:28Z,u_002855,email,weekly_digest,opened
m_000002587,2026-01-29T15:58:17Z,u_004751,sms,sleep_challenge,sent
m_000002588,2026-01-31T08:15:34Z,u_004782,email,sleep_challenge,sent
m_000002589,2026-02-01T00:29:49Z,u_001888,push,weight_loss_series,delivered
m_000002590,2026-01-27T21:28:12Z,u_004863,push,weekly_digest,clicked
m_000002591,2026-01-29T20:39:14Z,u_002480,email,sleep_challenge,sent
m_000002592,2026-01-30T07:35:13Z,u_000749,sms,stress_relief_program,sent
m_000002593,2026-01-27T04:03:58Z,u_003487,push,new_content_alert,sent
m_000002594,2026-02-01T08:43:49Z,u_001194,email,stress_relief_program,sent
m_000002595,2026-02-02T12:33:59Z,u_000637,push,heart_health_month,sent
m_000002596,2026-01-31T02:32:48Z,u_002879,push,weekly_digest,sent
m_000002597,2026-01-28T05:40:50Z,u_003263,sms,weight_loss_series,sent
m_000002598,2026-02-01T17:55:11Z,u_001321,push,new_content_alert,clicked
m_000002599,2026-02-01T21:59:04Z,u_001905,push,weight_loss_series,sent
m_000002600,2026-02-01T09:40:30Z,u_004968,sms,new_content_alert,sent
m_000002601,2026-02-02T17:25:48Z,u_004483,push,new_content_alert,sent
m_000002602,2026-01-28T05:20:43Z,u_004010,push,stress_relief_program,clicked
m_000002603,2026-01-28T18:36:53Z,u_002924,sms,heart_health_month,delivered
m_000002604,2026-02-02T04:15:41Z,u_004981,push,new_content_alert,sent
m_000002605,2026-01-27T03:58:56Z,u_002622,sms,sleep_challenge,opened
m_000002606,2026-02-01T21:10:53Z,u_001276,push,sleep_challenge,delivered
m_000002607,2026-02-01T07:30:49Z,u_000151,email,new_content_alert,sent
m_000002608,2026-01-29T04:43:13Z,u_000795,push,sleep_challenge,sent
m_000002609,2026-01-27T15:15:27Z,u_003600,sms,heart_health_month,sent
m_000002610,2026-02-01T13:20:18Z,u_000030,sms,weekly_digest,sent
m_000002611,2026-02-02T00:38:29Z,u_001128,email,new_content_alert,sent
m_000002612,2026-02-02T19:10:38Z,u_000760,push,weight_loss_series,sent
m_000002613,2026-01-30T04:39:56Z,u_001654,sms,sleep_challenge,sent
m_000002614,2026-01-29T05:23:09Z,u_000550,push,stress_relief_program,sent
m_000002615,2026-02-02T09:29:17Z,u_001775,sms,heart_health_month,delivered
m_000002616,2026-02-01T22:28:45Z,u_000713,sms,weekly_digest,sent
m_000002617,2026-01-27T04:49:29Z,u_003348,push,stress_relief_program,clicked
m_000002618,2026-01-28T04:12:01Z,u_000538,sms,stress_relief_program,delivered
m_000002619,2026-01-28T02:47:20Z,u_000086,push,heart_health_month,sent
m_000002620,2026-01-29T08:48:11Z,u_003042,sms,sleep_challenge,sent
m_000002621,2026-01-28T23:33:27Z,u_003143,push,heart_health_month,sent
m_000002622,2026-01-31T02:48:46Z,u_000549,email,stress_relief_program,delivered
m_000002623,2026-01-27T12:22:08Z,u_000915,sms,new_content_alert,sent
m_000002624,2026-01-27T22:24:50Z,u_001130,push,sleep_challenge,sent
m_000002625,2026-01-27T07:26:12Z,u_001313,sms,stress_relief_program,delivered
m_000002626,2026-01-30T19:53:55Z,u_002594,sms,new_content_alert,sent
m_000002627,2026-01-31T08:59:49Z,u_000727,push,weekly_digest,sent
m_000002628,2026-01-27T20:56:03Z,u_002888,push,weight_loss_series,clicked
m_000002629,2026-01-28T10:48:59Z,u_001648,push,heart_health_month,sent
m_000002630,2026-01-27T21:08:36Z,u_004688,email,new_content_alert,sent
m_000002631,2026-01-28T05:31:48Z,u_000313,sms,new_content_alert,sent
m_000002632,2026-02-02T02:49:50Z,u_000096,email,weight_loss_series,opened
m_000002633,2026-02-01T16:18:27Z,u_001623,sms,new_content_alert,opened
m_000002634,2026-01-27T22:53:11Z,u_002050,email,sleep_challenge,sent
m_000002635,2026-01-29T02:05:09Z,u_000879,push,new_content_alert,sent
m_000002636,2026-01-27T19:57:34Z,u_002050,email,heart_health_month,delivered
m_000002637,2026-01-30T15:44:58Z,u_002887,push,new_content_alert,clicked
m_000002638,2026-02-01T19:02:26Z,u_000503,email,weekly_digest,sent
m_000002639,2026-02-01T16:16:20Z,u_000539,push,heart_health_month,sent
m_000002640,2026-01-31T08:52:16Z,u_001884,sms,new_content_alert,sent
m_000002641,2026-01-30T09:00:19Z,u_000644,email,new_content_alert,sent
m_000002642,2026-01-31T17:06:46Z,u_004109,push,sleep_challenge,delivered
m_000002643,2026-01-29T14:49:48Z,u_001184,sms,weight_loss_series,sent
m_000002644,2026-01-27T00:40:31Z,u_002060,email,weekly_digest,delivered
m_000002645,2026-02-01T22:42:35Z,u_004565,email,stress_relief_program,sent
m_000002646,2026-02-02T12:23:33Z,u_002772,push,new_content_alert,sent
m_000002647,2026-02-01T18:45:20Z,u_000830,sms,new_content_alert,sent
m_000002648,2026-01-29T13:05:04Z,u_001020,push,new_content_alert,sent
m_000002649,2026-01-28T17:23:14Z,u_004773,sms,weekly_digest,opened
m_000002650,2026-01-31T07:03:26Z,u_003249,push,weight_loss_series,opened
m_000002651,2026-01-27T16:21:22Z,u_001614,email,new_content_alert,delivered
m_000002652,2026-01-28T07:47:32Z,u_001965,push,heart_health_month,sent
m_000002653,2026-01-29T21:14:57Z,u_004153,email,weekly_digest,opened
m_000002654,2026-01-29T07:15:31Z,u_002205,email,heart_health_month,sent
m_000002655,2026-01-28T19:15:17Z,u_000404,push,new_content_alert,sent
m_000002656,2026-02-01T00:38:14Z,u_000380,email,sleep_challenge,sent
m_000002657,2026-02-02T04:17:35Z,u_002182,sms,weight_loss_series,clicked
m_000002658,2026-01-27T18:16:37Z,u_003723,email,new_content_alert,sent
m_000002659,2026-01-26T23:51:52Z,u_003296,sms,weekly_digest,sent
m_000002660,2026-01-31T15:51:07Z,u_003821,push,stress_relief_program,sent
m_000002661,2026-01-30T23:18:33Z,u_003097,sms,weekly_digest,sent
m_000002662,2026-01-28T07:50:57Z,u_002140,sms,weekly_digest,sent
m_000002663,2026-01-31T04:47:52Z,u_000676,sms,sleep_challenge,sent
m_000002664,2026-01-31T02:28:55Z,u_002221,sms,weight_loss_series,opened
m_000002665,2026-02-02T05:21:02Z,u_004917,push,weight_loss_series,sent
m_000002666,2026-01-29T04:29:59Z,u_004719,email,weight_loss_series,clicked
m_000002667,2026-01-27T21:39:05Z,u_003747,email,stress_relief_program,opened
m_000002668,2026-01-30T02:02:06Z,u_002460,sms,weight_loss_series,delivered
m_000002669,2026-01-30T23:31:39Z,u_003754,email,sleep_challenge,delivered
m_000002670,2026-01-29T22:17:13Z,u_001516,push,new_content_alert,clicked
m_000002671,2026-01-28T01:08:25Z,u_003332,email,heart_health_month,sent
m_000002672,2026-01-28T05:12:50Z,u_003801,sms,weight_loss_series,sent
m_000002673,2026-01-28T01:50:09Z,u_003926,sms,heart_health_month,clicked
m_000002674,2026-01-29T09:52:03Z,u_001693,email,heart_health_month,delivered
m_000002675,2026-02-01T05:26:00Z,u_002089,email,heart_health_month,opened
m_000002676,2026-02-01T00:07:21Z,u_003198,email,stress_relief_program,opened
m_000002677,2026-01-30T01:14:02Z,u_001763,push,stress_relief_program,delivered
m_000002678,2026-01-27T00:01:12Z,u_003891,sms,heart_health_month,sent
m_000002679,2026-01-30T13:03:24Z,u_003694,email,sleep_challenge,clicked
m_000002680,2026-01-31T10:33:18Z,u_003915,push,new_content_alert,sent
m_000002681,2026-01-29T18:26:29Z,u_002331,email,new_content_alert,delivered
m_000002682,2026-02-01T20:48:14Z,u_003249,email,new_content_alert,sent
m_000002683,2026-02-01T13:49:07Z,u_000268,push,new_content_alert,sent
m_000002684,2026-01-31T11:24:50Z,u_000527,email,new_content_alert,delivered
m_000002685,2026-01-28T23:32:03Z,u_000685,push,sleep_challenge,delivered
m_000002686,2026-01-29T02:33:59Z,u_003952,email,stress_relief_program,sent
m_000002687,2026-01-28T16:36:11Z,u_000491,push,new_content_alert,unsubscribed
m_000002688,2026-02-01T08:41:13Z,u_004072,push,weight_loss_series,sent
m_000002689,2026-02-01T07:10:30Z,u_004681,sms,stress_relief_program,clicked
m_000002690,2026-01-26T21:08:45Z,u_004550,push,stress_relief_program,sent
m_000002691,2026-01-29T05:27:43Z,u_001457,sms,stress_relief_program,delivered
m_000002692,2026-01-30T14:35:50Z,u_001898,push,stress_relief_program,sent
m_000002693,2026-01-27T15:52:27Z,u_001967,sms,weight_loss_series,delivered
m_000002694,2026-01-28T14:56:08Z,u_000472,sms,heart_health_month,delivered
m_000002695,2026-01-27T17:57:53Z,u_003246,push,weekly_digest,sent
m_000002696,2026-01-28T14:09:48Z,u_002298,sms,weekly_digest,sent
m_000002697,2026-01-31T14:14:45Z,u_001900,sms,new_content_alert,delivered
m_000002698,2026-01-28T13:59:46Z,u_002959,sms,new_content_alert,sent
m_000002699,2026-01-28T14:13:22Z,u_002785,sms,weight_loss_series,sent
m_000002700,2026-01-31T12:44:18Z,u_003173,sms,stress_relief_program,delivered
m_000002701,2026-01-30T07:10:53Z,u_001813,email,weight_loss_series,delivered
m_000002702,2026-01-29T20:51:18Z,u_002140,sms,sleep_challenge,sent
m_000002703,2026-01-31T04:22:31Z,u_003163,push,new_content_alert,sent
m_000002704,2026-02-02T01:55:40Z,u_001762,email,new_content_alert,sent
m_000002705,2026-01-31T03:15:19Z,u_003713,sms,sleep_challenge,sent
m_000002706,2026-02-01T10:09:53Z,u_003201,sms,sleep_challenge,sent
m_000002707,2026-01-28T05:18:21Z,u_000667,sms,weight_loss_series,sent
m_000002708,2026-01-30T21:01:55Z,u_000913,push,sleep_challenge,sent
m_000002709,2026-02-01T22:49:44Z,u_000726,push,weekly_digest,sent
m_000002710,2026-01-29T18:54:46Z,u_004875,push,sleep_challenge,sent
m_000002711,2026-01-31T18:15:36Z,u_002423,sms,weekly_digest,delivered
m_000002712,2026-02-01T15:06:18Z,u_003249,email,new_content_alert,sent
m_000002713,2026-01-28T22:49:40Z,u_003219,push,heart_health_month,sent
m_000002714,2026-02-01T11:09:45Z,u_004094,sms,sleep_challenge,opened
m_000002715,2026-01-31T19:22:07Z,u_004676,email,sleep_challenge,sent
m_000002716,2026-02-01T22:00:56Z,u_004248,sms,heart_health_month,sent
m_000002717,2026-01-29T13:30:44Z,u_001742,sms,stress_relief_program,clicked
m_000002718,2026-01-29T19:13:48Z,u_004407,email,weight_loss_series,sent
m_000002719,2026-02-02T09:13:03Z,u_002131,sms,weight_loss_series,sent
m_000002720,2026-01-31T08:12:39Z,u_001506,push,weekly_digest,delivered
m_000002721,2026-01-30T11:29:42Z,u_002084,email,new_content_alert,sent
m_000002722,2026-01-29T04:54:36Z,u_000718,push,stress_relief_program,sent
m_000002723,2026-01-31T06:39:27Z,u_000492,push,weight_loss_series,opened
m_000002724,2026-01-29T12:40:19Z,u_000689,push,new_content_alert,sent
m_000002725,2026-01-29T09:22:30Z,u_000502,email,sleep_challenge,sent
m_000002726,2026-01-27T14:36:06Z,u_001788,push,weight_loss_series,sent
m_000002727,2026-01-30T23:19:47Z,u_003769,email,new_content_alert,delivered
m_000002728,2026-01-28T08:51:43Z,u_004360,push,heart_health_month,sent
m_000002729,2026-01-28T12:04:29Z,u_000350,push,weight_loss_series,sent
m_000002730,2026-01-30T05:40:09Z,u_004333,push,new_content_alert,sent
m_000002731,2026-01-28T11:57:53Z,u_002519,sms,stress_relief_program,sent
m_000002732,2026-01-29T04:38:28Z,u_000661,sms,weight_loss_series,delivered
m_000002733,2026-01-29T14:09:56Z,u_000671,sms,new_content_alert,sent
m_000002734,2026-02-02T04:19:02Z,u_002433,sms,new_content_alert,clicked
m_000002735,2026-01-28T19:21:24Z,u_002560,push,stress_relief_program,sent
m_000002736,2026-01-28T20:00:41Z,u_004845,email,new_content_alert,clicked
m_000002737,2026-02-02T11:48:18Z,u_004183,email,weekly_digest,sent
m_000002738,2026-01-31T04:22:29Z,u_002167,push,new_content_alert,opened
m_000002739,2026-02-01T22:21:22Z,u_000589,push,new_content_alert,sent
m_000002740,2026-01-27T05:37:10Z,u_004428,sms,weekly_digest,sent
m_000002741,2026-01-29T10:04:20Z,u_003094,email,stress_relief_program,delivered
m_000002742,2026-01-26T20:38:13Z,u_000013,push,weight_loss_series,clicked
m_000002743,2026-01-27T05:21:20Z,u_000953,sms,new_content_alert,sent
m_000002744,2026-01-30T03:30:46Z,u_002914,email,weight_loss_series,sent
m_000002745,2026-02-01T05:57:07Z,u_000331,push,stress_relief_program,opened
m_000002746,2026-02-01T03:15:56Z,u_002928,email,weekly_digest,sent
m_000002747,2026-02-01T15:00:14Z,u_004076,sms,weight_loss_series,delivered
m_000002748,2026-01-30T14:51:03Z,u_003897,sms,weekly_digest,sent
m_000002749,2026-01-29T03:26:51Z,u_003148,sms,sleep_challenge,opened
m_000002750,2026-02-02T09:21:01Z,u_002201,sms,sleep_challenge,sent
m_000002751,2026-02-02T08:30:00Z,u_001596,push,stress_relief_program,sent
m_000002752,2026-02-01T20:34:42Z,u_004470,push,weekly_digest,sent
m_000002753,2026-01-29T11:13:33Z,u_003757,sms,weekly_digest,delivered
m_000002754,2026-01-31T03:46:06Z,u_001843,email,stress_relief_program,delivered
m_000002755,2026-01-30T21:57:41Z,u_003272,sms,weekly_digest,sent
m_000002756,2026-01-29T10:29:24Z,u_001826,sms,new_content_alert,clicked
m_000002757,2026-01-28T13:37:30Z,u_003946,email,heart_health_month,sent
m_000002758,2026-02-02T01:45:39Z,u_004622,email,sleep_challenge,sent
m_000002759,2026-02-01T00:40:57Z,u_003139,sms,new_content_alert,sent
m_000002760,2026-01-28T19:37:41Z,u_002981,email,weekly_digest,delivered
m_000002761,2026-01-28T02:11:48Z,u_003717,sms,new_content_alert,sent
m_000002762,2026-02-01T12:33:20Z,u_000253,push,weight_loss_series,delivered
m_000002763,2026-02-01T05:07:47Z,u_002850,email,new_content_alert,clicked
m_000002764,2026-02-02T05:32:16Z,u_001685,sms,weight_loss_series,sent
m_000002765,2026-01-28T12:48:56Z,u_004412,sms,weekly_digest,sent
m_000002766,2026-01-31T20:30:27Z,u_000609,push,stress_relief_program,sent
m_000002767,2026-02-02T03:46:33Z,u_001783,email,new_content_alert,delivered
m_000002768,2026-01-29T05:09:29Z,u_004403,push,weight_loss_series,sent
m_000002769,2026-01-31T18:30:57Z,u_003530,sms,sleep_challenge,delivered
m_000002770,2026-02-01T08:58:07Z,u_004217,sms,weight_loss_series,sent
m_000002771,2026-01-31T20:33:13Z,u_001467,push,weight_loss_series,sent
m_000002772,2026-01-28T17:37:04Z,u_001726,sms,sleep_challenge,clicked
m_000002773,2026-01-28T04:42:13Z,u_000083,email,new_content_alert,sent
m_000002774,2026-02-02T12:04:24Z,u_000951,sms,weekly_digest,sent
m_000002775,2026-01-28T22:10:01Z,u_003051,email,new_content_alert,sent
m_000002776,2026-01-27T02:48:58Z,u_002782,sms,stress_relief_program,sent
m_000002777,2026-01-28T04:06:29Z,u_000752,sms,sleep_challenge,sent
m_000002778,2026-01-28T14:15:00Z,u_000916,sms,new_content_alert,delivered
m_000002779,2026-02-01T11:57:40Z,u_000604,push,stress_relief_program,delivered
m_000002780,2026-02-02T07:59:02Z,u_003733,email,sleep_challenge,sent
m_000002781,2026-01-31T15:30:10Z,u_003848,sms,sleep_challenge,sent
m_000002782,2026-01-30T10:57:56Z,u_000704,email,stress_relief_program,sent
m_000002783,2026-01-26T20:16:00Z,u_003612,sms,weekly_digest,sent
m_000002784,2026-01-28T03:19:35Z,u_003364,push,weight_loss_series,sent
m_000002785,2026-02-02T11:58:08Z,u_004222,email,new_content_alert,delivered
m_000002786,2026-02-02T00:40:53Z,u_003541,sms,new_content_alert,sent
m_000002787,2026-01-28T09:05:40Z,u_002273,sms,stress_relief_program,sent
m_000002788,2026-01-30T10:07:07Z,u_001493,push,sleep_challenge,delivered
m_000002789,2026-02-01T17:11:47Z,u_002756,email,weekly_digest,opened
m_000002790,2026-01-30T10:41:20Z,u_002850,email,sleep_challenge,sent
m_000002791,2026-01-29T02:46:51Z,u_004250,push,new_content_alert,delivered
m_000002792,2026-01-27T13:30:19Z,u_004028,sms,heart_health_month,sent
m_000002793,2026-02-02T13:24:50Z,u_004010,push,sleep_challenge,sent
m_000002794,2026-01-28T19:38:53Z,u_001839,push,sleep_challenge,delivered
m_000002795,2026-02-01T10:46:21Z,u_002976,sms,heart_health_month,sent
m_000002796,2026-02-02T08:03:06Z,u_004077,sms,heart_health_month,sent
m_000002797,2026-01-29T10:26:12Z,u_000018,push,stress_relief_program,opened
m_000002798,2026-01-26T23:47:40Z,u_002607,push,new_content_alert,sent
m_000002799,2026-01-30T00:01:31Z,u_000952,sms,new_content_alert,delivered
m_000002800,2026-01-31T23:47:50Z,u_003869,push,weight_loss_series,sent
m_000002801,2026-01-30T18:16:09Z,u_001224,email,weekly_digest,sent
m_000002802,2026-01-30T16:48:51Z,u_004691,email,sleep_challenge,sent
m_000002803,2026-02-01T12:08:07Z,u_001961,push,weekly_digest,sent
m_000002804,2026-01-28T12:04:50Z,u_004462,push,heart_health_month,sent
m_000002805,2026-01-31T20:59:37Z,u_003657,email,weekly_digest,opened
m_000002806,2026-01-29T06:53:21Z,u_003380,email,new_content_alert,sent
m_000002807,2026-01-27T05:00:17Z,u_001484,email,stress_relief_program,sent
m_000002808,2026-02-01T03:14:58Z,u_002068,push,weight_loss_series,delivered
m_000002809,2026-01-29T05:02:36Z,u_000373,sms,stress_relief_program,sent
m_000002810,2026-02-02T00:30:05Z,u_003353,email,sleep_challenge,sent
m_000002811,2026-01-31T04:29:05Z,u_002625,email,stress_relief_program,delivered
m_000002812,2026-01-31T12:42:35Z,u_003409,email,new_content_alert,sent
m_000002813,2026-01-28T09:40:17Z,u_001617,push,heart_health_month,sent
m_000002814,2026-01-29T23:22:56Z,u_001138,email,weekly_digest,delivered
m_000002815,2026-02-01T01:32:42Z,u_002295,sms,weekly_digest,opened
m_000002816,2026-01-27T23:34:33Z,u_002211,push,stress_relief_program,sent
m_000002817,2026-01-27T06:15:52Z,u_003493,sms,stress_relief_program,sent
m_000002818,2026-01-27T13:21:55Z,u_003273,push,weekly_digest,sent
m_000002819,2026-01-28T09:47:35Z,u_000139,push,new_content_alert,clicked
m_000002820,2026-01-30T11:48:31Z,u_002874,push,weight_loss_series,opened
m_000002821,2026-01-30T19:22:11Z,u_000042,push,stress_relief_program,opened
m_000002822,2026-01-31T12:49:01Z,u_000353,email,stress_relief_program,opened
m_000002823,2026-01-30T22:51:18Z,u_000064,push,stress_relief_program,sent
m_000002824,2026-02-01T22:55:22Z,u_004738,email,weekly_digest,sent
m_000002825,2026-02-02T10:56:12Z,u_004056,email,stress_relief_program,opened
m_000002826,2026-02-01T12:14:57Z,u_004794,email,new_content_alert,sent
m_000002827,2026-02-02T08:50:00Z,u_004224,email,stress_relief_program,sent
m_000002828,2026-01-29T11:18:58Z,u_000444,push,weight_loss_series,sent
m_000002829,2026-01-28T21:37:51Z,u_002282,sms,heart_health_month,sent
m_000002830,2026-01-28T03:20:12Z,u_000690,email,weekly_digest,sent
m_000002831,2026-01-29T06:25:04Z,u_004099,sms,new_content_alert,sent
m_000002832,2026-01-28T18:36:50Z,u_003099,sms,weight_loss_series,delivered
m_000002833,2026-02-01T04:26:40Z,u_004657,push,heart_health_month,sent
m_000002834,2026-02-02T08:12:02Z,u_003090,push,sleep_challenge,sent
m_000002835,2026-02-02T00:40:51Z,u_004409,push,weight_loss_series,sent
m_000002836,2026-02-01T21:06:38Z,u_003587,email,stress_relief_program,delivered
m_000002837,2026-01-30T23:50:33Z,u_004223,email,heart_health_month,sent
m_000002838,2026-01-30T19:07:40Z,u_004855,email,stress_relief_program,sent
m_000002839,2026-01-28T17:53:05Z,u_002992,email,weekly_digest,delivered
m_000002840,2026-01-27T21:25:57Z,u_003433,email,sleep_challenge,sent
m_000002841,2026-02-01T17:24:03Z,u_004708,push,new_content_alert,sent
m_000002842,2026-01-31T15:47:57Z,u_003714,push,new_content_alert,sent
m_000002843,2026-01-30T01:43:04Z,u_003227,email,stress_relief_program,sent
m_000002844,2026-01-27T13:29:08Z,u_004226,push,weight_loss_series,sent
m_000002845,2026-01-31T20:10:59Z,u_001462,push,heart_health_month,sent
m_000002846,2026-02-02T00:26:18Z,u_000276,email,weight_loss_series,sent
m_000002847,2026-01-31T17:08:06Z,u_003506,sms,heart_health_month,delivered
m_000002848,2026-01-29T15:10:51Z,u_001171,push,sleep_challenge,clicked
m_000002849,2026-01-30T19:47:06Z,u_003007,email,heart_health_month,sent
m_000002850,2026-02-01T02:24:30Z,u_003941,push,weight_loss_series,opened
m_000002851,2026-01-29T15:11:52Z,u_000008,sms,heart_health_month,clicked
m_000002852,2026-02-01T02:55:55Z,u_002123,email,weight_loss_series,delivered
m_000002853,2026-02-01T13:08:22Z,u_004254,sms,heart_health_month,sent
m_000002854,2026-01-27T11:54:34Z,u_002613,push,stress_relief_program,clicked
m_000002855,2026-01-31T22:07:21Z,u_000389,email,new_content_alert,delivered
m_000002856,2026-01-31T05:04:56Z,u_004266,email,weight_loss_series,sent
m_000002857,2026-01-28T20:42:13Z,u_003572,push,heart_health_month,sent
m_000002858,2026-01-29T19:25:19Z,u_002539,sms,stress_relief_program,sent
m_000002859,2026-01-30T01:19:52Z,u_003035,push,stress_relief_program,sent
m_000002860,2026-01-27T20:39:52Z,u_004202,push,stress_relief_program,sent
m_000002861,2026-01-31T21:24:08Z,u_000608,sms,stress_relief_program,sent
m_000002862,2026-01-29T23:30:02Z,u_002923,sms,weight_loss_series,sent
m_000002863,2026-01-29T14:38:13Z,u_001229,sms,new_content_alert,clicked
m_000002864,2026-01-27T10:13:23Z,u_003153,email,sleep_challenge,sent
m_000002865,2026-01-30T02:39:43Z,u_001642,email,stress_relief_program,opened
m_000002866,2026-01-31T14:46:03Z,u_004198,sms,weekly_digest,sent
m_000002867,2026-02-01T07:41:50Z,u_000203,email,new_content_alert,sent
m_000002868,2026-01-27T03:39:47Z,u_003877,email,sleep_challenge,sent
m_000002869,2026-01-31T23:47:58Z,u_000857,push,weight_loss_series,sent
m_000002870,2026-02-02T16:44:04Z,u_002355,push,sleep_challenge,sent
m_000002871,2026-02-02T10:08:17Z,u_000501,email,weight_loss_series,sent
m_000002872,2026-01-29T23:34:47Z,u_002413,email,weekly_digest,sent
m_000002873,2026-01-28T17:19:25Z,u_004773,sms,weight_loss_series,opened
m_000002874,2026-01-28T15:32:01Z,u_000825,push,weekly_digest,delivered
m_000002875,2026-01-27T19:00:45Z,u_002272,email,stress_relief_program,sent
m_000002876,2026-01-29T23:46:44Z,u_003583,email,weekly_digest,sent
m_000002877,2026-01-27T02:03:48Z,u_004785,push,sleep_challenge,delivered
m_000002878,2026-01-27T17:41:51Z,u_001002,sms,stress_relief_program,sent
m_000002879,2026-01-30T16:47:45Z,u_003788,email,weight_loss_series,sent
m_000002880,2026-02-02T01:36:30Z,u_003656,email,stress_relief_program,delivered
m_000002881,2026-01-29T08:59:22Z,u_004808,push,weight_loss_series,clicked
m_000002882,2026-01-27T05:58:32Z,u_001766,email,weekly_digest,delivered
m_000002883,2026-01-31T11:55:53Z,u_001874,sms,stress_relief_program,sent
m_000002884,2026-01-30T00:44:59Z,u_004382,push,weight_loss_series,clicked
m_000002885,2026-02-01T13:15:39Z,u_001090,email,heart_health_month,delivered
m_000002886,2026-01-28T01:13:27Z,u_003687,push,weight_loss_series,sent
m_000002887,2026-01-30T02:07:04Z,u_003621,email,weight_loss_series,sent
m_000002888,2026-01-27T21:46:10Z,u_004875,email,weight_loss_series,sent
m_000002889,2026-02-02T08:03:51Z,u_001594,email,new_content_alert,delivered
m_000002890,2026-01-31T18:57:13Z,u_002504,email,weight_loss_series,sent
m_000002891,2026-02-02T14:49:10Z,u_002159,push,weight_loss_series,sent
m_000002892,2026-02-01T01:41:18Z,u_000476,sms,new_content_alert,delivered
m_000002893,2026-01-26T22:51:01Z,u_003035,push,new_content_alert,sent
m_000002894,2026-02-02T18:59:11Z,u_003497,push,heart_health_month,delivered
m_000002895,2026-01-28T04:38:15Z,u_004455,email,sleep_challenge,delivered
m_000002896,2026-01-28T15:36:27Z,u_001551,email,weight_loss_series,delivered
m_000002897,2026-01-28T23:28:59Z,u_003906,sms,weekly_digest,sent
m_000002898,2026-01-31T00:49:28Z,u_001880,sms,sleep_challenge,clicked
m_000002899,2026-02-02T12:17:07Z,u_003148,push,weight_loss_series,sent
m_000002900,2026-01-27T16:51:03Z,u_004303,push,weekly_digest,opened
m_000002901,2026-01-29T09:35:01Z,u_004113,sms,heart_health_month,clicked
m_000002902,2026-01-30T16:35:42Z,u_000048,push,weight_loss_series,delivered
m_000002903,2026-01-27T00:14:13Z,u_004825,push,new_content_alert,sent
m_000002904,2026-01-28T06:23:43Z,u_002183,email,weekly_digest,delivered
m_000002905,2026-01-27T21:57:46Z,u_000980,push,weekly_digest,sent
m_000002906,2026-01-29T23:05:32Z,u_002014,email,stress_relief_program,delivered
m_000002907,2026-02-02T17:14:34Z,u_004988,email,heart_health_month,sent
m_000002908,2026-01-26T23:27:25Z,u_003734,sms,sleep_challenge,delivered
m_000002909,2026-01-29T23:11:39Z,u_001957,push,weight_loss_series,delivered
m_000002910,2026-01-31T15:58:24Z,u_004226,sms,stress_relief_program,delivered
m_000002911,2026-01-30T00:36:53Z,u_000137,email,weekly_digest,opened
m_000002912,2026-01-30T01:10:42Z,u_002707,email,stress_relief_program,sent
m_000002913,2026-02-01T18:50:45Z,u_004926,sms,stress_relief_program,clicked
m_000002914,2026-01-31T02:34:13Z,u_003394,push,weekly_digest,sent
m_000002915,2026-01-29T07:16:56Z,u_004366,email,sleep_challenge,opened
m_000002916,2026-02-02T13:17:14Z,u_004534,push,weight_loss_series,sent
m_000002917,2026-01-30T09:20:04Z,u_003465,push,weekly_digest,sent
m_000002918,2026-01-31T02:18:03Z,u_000198,email,weight_loss_series,unsubscribed
m_000002919,2026-01-29T19:09:54Z,u_004789,push,heart_health_month,sent
m_000002920,2026-01-31T14:03:16Z,u_001208,push,heart_health_month,delivered
m_000002921,2026-02-01T12:45:34Z,u_000168,email,heart_health_month,opened
m_000002922,2026-01-29T20:58:08Z,u_004963,push,new_content_alert,delivered
m_000002923,2026-01-31T01:28:17Z,u_001624,push,new_content_alert,sent
m_000002924,2026-02-02T05:16:45Z,u_004386,sms,stress_relief_program,delivered
m_000002925,2026-01-31T00:14:50Z,u_002678,sms,sleep_challenge,sent
m_000002926,2026-01-28T10:37:32Z,u_004817,sms,new_content_alert,delivered
m_000002927,2026-01-26T22:02:20Z,u_003783,push,weight_loss_series,sent
m_000002928,2026-01-31T07:18:47Z,u_000153,sms,heart_health_month,sent
m_000002929,2026-01-31T13:55:06Z,u_001788,push,sleep_challenge,sent
m_000002930,2026-02-01T03:16:12Z,u_000150,email,new_content_alert,sent
m_000002931,2026-01-30T20:09:47Z,u_001147,push,sleep_challenge,sent
m_000002932,2026-01-31T17:05:01Z,u_002505,push,sleep_challenge,opened
m_000002933,2026-02-01T15:35:35Z,u_004021,email,stress_relief_program,opened
m_000002934,2026-02-02T13:20:16Z,u_003094,sms,stress_relief_program,delivered
m_000002935,2026-01-28T08:44:33Z,u_001029,push,stress_relief_program,sent
m_000002936,2026-02-02T02:48:32Z,u_003336,push,heart_health_month,clicked
m_000002937,2026-01-27T11:19:44Z,u_004139,email,weight_loss_series,sent
m_000002938,2026-01-29T04:50:04Z,u_001733,push,weekly_digest,sent
m_000002939,2026-01-30T16:46:20Z,u_003344,push,new_content_alert,sent
m_000002940,2026-01-28T00:21:48Z,u_003669,sms,stress_relief_program,sent
m_000002941,2026-01-29T18:27:41Z,u_003795,sms,weekly_digest,sent
m_000002942,2026-01-30T01:52:58Z,u_001341,push,new_content_alert,sent
m_000002943,2026-01-29T01:21:39Z,u_001293,email,weekly_digest,sent
m_000002944,2026-01-28T18:47:21Z,u_000280,push,new_content_alert,sent
m_000002945,2026-01-29T23:53:48Z,u_001383,push,sleep_challenge,clicked
m_000002946,2026-01-27T07:59:20Z,u_001291,push,sleep_challenge,opened
m_000002947,2026-01-29T01:49:39Z,u_003692,sms,stress_relief_program,sent
m_000002948,2026-02-02T12:38:30Z,u_002935,email,new_content_alert,delivered
m_000002949,2026-01-29T21:41:48Z,u_004822,sms,weekly_digest,delivered
m_000002950,2026-01-29T23:47:46Z,u_001604,email,heart_health_month,sent
m_000002951,2026-01-28T09:56:22Z,u_002333,sms,weekly_digest,sent
m_000002952,2026-01-30T04:42:34Z,u_002763,sms,sleep_challenge,delivered
m_000002953,2026-02-01T19:48:39Z,u_004292,sms,stress_relief_program,opened
m_000002954,2026-02-02T16:56:15Z,u_002995,sms,new_content_alert,sent
m_000002955,2026-02-01T17:24:59Z,u_003355,sms,weekly_digest,sent
m_000002956,2026-02-01T11:57:22Z,u_001636,sms,new_content_alert,sent
m_000002957,2026-01-30T01:56:50Z,u_002471,sms,new_content_alert,opened
m_000002958,2026-01-27T06:42:22Z,u_002423,sms,sleep_challenge,sent
m_000002959,2026-01-29T17:22:20Z,u_001540,sms,weight_loss_series,sent
m_000002960,2026-01-31T12:09:05Z,u_003248,email,heart_health_month,delivered
m_000002961,2026-01-28T10:27:39Z,u_003214,email,new_content_alert,sent
m_000002962,2026-01-28T07:15:15Z,u_004557,push,stress_relief_program,opened
m_000002963,2026-01-28T09:53:34Z,u_001031,email,weekly_digest,sent
m_000002964,2026-01-30T19:45:02Z,u_002867,push,weight_loss_series,sent
m_000002965,2026-02-01T01:10:11Z,u_003891,push,stress_relief_program,sent
m_000002966,2026-01-29T00:49:27Z,u_002010,email,stress_relief_program,delivered
m_000002967,2026-01-28T22:12:21Z,u_002616,sms,stress_relief_program,sent
m_000002968,2026-01-31T01:33:09Z,u_001437,email,sleep_challenge,sent
m_000002969,2026-01-30T15:46:10Z,u_001581,sms,weight_loss_series,delivered
m_000002970,2026-01-31T23:52:23Z,u_004678,email,new_content_alert,delivered
m_000002971,2026-01-28T03:28:46Z,u_004456,sms,weight_loss_series,delivered
m_000002972,2026-01-31T00:37:14Z,u_000292,email,stress_relief_program,delivered
m_000002973,2026-01-30T23:54:00Z,u_002133,email,new_content_alert,sent
m_000002974,2026-02-02T07:04:41Z,u_000041,email,stress_relief_program,clicked
m_000002975,2026-02-02T00:24:13Z,u_004358,sms,weekly_digest,opened
m_000002976,2026-01-29T22:28:06Z,u_000935,push,heart_health_month,sent
m_000002977,2026-01-30T03:11:54Z,u_004586,email,weekly_digest,sent
m_000002978,2026-02-02T15:07:42Z,u_003436,push,sleep_challenge,opened
m_000002979,2026-01-29T05:29:05Z,u_000606,email,weight_loss_series,delivered
m_000002980,2026-01-27T00:16:12Z,u_001418,sms,sleep_challenge,opened
m_000002981,2026-01-28T13:50:01Z,u_002449,email,heart_health_month,opened
m_000002982,2026-01-28T20:35:22Z,u_002877,sms,heart_health_month,sent
m_000002983,2026-02-02T15:26:42Z,u_002305,push,weight_loss_series,sent
m_000002984,2026-01-30T11:28:17Z,u_001679,email,weight_loss_series,sent
m_000002985,2026-01-30T11:38:01Z,u_002118,push,stress_relief_program,delivered
m_000002986,2026-02-02T08:43:37Z,u_004919,sms,weekly_digest,delivered
m_000002987,2026-01-29T01:19:29Z,u_001889,sms,weekly_digest,sent
m_000002988,2026-02-02T06:23:39Z,u_002893,email,new_content_alert,sent
m_000002989,2026-02-01T10:25:30Z,u_001078,push,stress_relief_program,sent
m_000002990,2026-01-29T01:47:05Z,u_000311,email,heart_health_month,sent
m_000002991,2026-01-27T22:55:02Z,u_003211,push,heart_health_month,sent
m_000002992,2026-01-28T15:39:55Z,u_003163,sms,weekly_digest,clicked
m_000002993,2026-01-28T21:38:04Z,u_004021,email,sleep_challenge,sent
m_000002994,2026-01-28T15:06:13Z,u_000392,email,heart_health_month,opened
m_000002995,2026-01-28T05:11:54Z,u_003113,email,weight_loss_series,sent
m_000002996,2026-01-28T18:48:43Z,u_003803,email,weekly_digest,sent
m_000002997,2026-01-28T06:07:14Z,u_004117,push,weight_loss_series,delivered
m_000002998,2026-01-29T02:27:37Z,u_002774,email,new_content_alert,opened
m_000002999,2026-01-29T00:59:03Z,u_002293,sms,weight_loss_series,opened
m_000003000,2026-01-31T07:00:27Z,u_003049,sms,new_content_alert,sent
m_000003001,2026-01-27T06:10:05Z,u_002867,sms,new_content_alert,sent
m_000003002,2026-01-30T20:14:27Z,u_001505,email,heart_health_month,opened
m_000003003,2026-01-29T06:36:18Z,u_002026,email,weight_loss_series,sent
m_000003004,2026-01-31T23:01:52Z,u_004518,email,sleep_challenge,sent
m_000003005,2026-01-28T02:33:35Z,u_004168,push,stress_relief_program,opened
m_000003006,2026-01-31T16:09:46Z,u_000496,sms,stress_relief_program,delivered
m_000003007,2026-02-01T22:59:41Z,u_001599,push,weekly_digest,opened
m_000003008,2026-01-30T23:17:49Z,u_002978,push,stress_relief_program,delivered
m_000003009,2026-01-27T17:03:33Z,u_001892,sms,new_content_alert,sent
m_000003010,2026-01-31T20:38:28Z,u_001616,email,heart_health_month,sent
m_000003011,2026-01-29T10:18:29Z,u_002499,email,weight_loss_series,sent
m_000003012,2026-02-02T08:18:53Z,u_004608,email,stress_relief_program,sent
m_000003013,2026-02-02T11:21:12Z,u_002567,push,heart_health_month,sent
m_000003014,2026-01-29T06:35:58Z,u_002481,push,heart_health_month,sent
m_000003015,2026-01-29T15:49:54Z,u_001763,sms,weight_loss_series,sent
m_000003016,2026-02-01T10:29:44Z,u_002521,email,weekly_digest,sent
m_000003017,2026-02-02T09:06:42Z,u_000015,sms,weight_loss_series,sent
m_000003018,2026-01-29T02:23:14Z,u_000369,email,weekly_digest,opened
m_000003019,2026-02-02T02:29:41Z,u_003889,sms,sleep_challenge,sent
m_000003020,2026-01-29T08:17:37Z,u_001085,sms,weight_loss_series,sent
m_000003021,2026-01-29T08:37:52Z,u_002608,sms,new_content_alert,sent
m_000003022,2026-01-28T01:42:43Z,u_001984,email,new_content_alert,sent
m_000003023,2026-01-27T23:07:56Z,u_003829,push,heart_health_month,sent
m_000003024,2026-02-02T15:51:30Z,u_000394,push,stress_relief_program,sent
m_000003025,2026-01-27T15:38:02Z,u_002663,push,sleep_challenge,sent
m_000003026,2026-01-28T05:40:49Z,u_004132,sms,stress_relief_program,delivered
m_000003027,2026-01-31T14:33:52Z,u_004686,email,sleep_challenge,sent
m_000003028,2026-02-02T05:24:18Z,u_001773,sms,weekly_digest,sent
m_000003029,2026-01-27T23:43:32Z,u_004362,sms,new_content_alert,opened
m_000003030,2026-02-01T13:19:25Z,u_000052,push,weekly_digest,sent
m_000003031,2026-01-31T11:48:58Z,u_002022,sms,weekly_digest,sent
m_000003032,2026-01-29T09:09:11Z,u_001567,email,weekly_digest,sent
m_000003033,2026-01-30T05:57:31Z,u_002728,sms,new_content_alert,opened
m_000003034,2026-01-27T02:29:19Z,u_001800,push,weight_loss_series,sent
m_000003035,2026-02-01T21:59:01Z,u_002536,push,weight_loss_series,delivered
m_000003036,2026-01-28T04:35:04Z,u_001058,push,new_content_alert,opened
m_000003037,2026-01-29T09:28:58Z,u_004347,email,weekly_digest,delivered
m_000003038,2026-01-28T00:23:35Z,u_001805,sms,weight_loss_series,opened
m_000003039,2026-02-02T04:40:27Z,u_004016,sms,stress_relief_program,clicked
m_000003040,2026-01-31T08:26:53Z,u_002016,sms,weight_loss_series,sent
m_000003041,2026-02-01T12:00:46Z,u_003864,email,stress_relief_program,sent
m_000003042,2026-01-27T19:24:35Z,u_004996,push,stress_relief_program,delivered
m_000003043,2026-01-29T17:16:08Z,u_000301,push,sleep_challenge,sent
m_000003044,2026-01-27T04:53:54Z,u_000993,push,sleep_challenge,opened
m_000003045,2026-02-02T10:09:15Z,u_003000,push,weight_loss_series,sent
m_000003046,2026-01-27T17:32:08Z,u_000669,push,weight_loss_series,sent
m_000003047,2026-01-30T19:35:00Z,u_001989,push,new_content_alert,sent
m_000003048,2026-01-27T10:17:52Z,u_001053,sms,heart_health_month,sent
m_000003049,2026-02-01T11:03:02Z,u_003086,email,new_content_alert,sent
m_000003050,2026-02-02T00:58:00Z,u_003227,sms,weekly_digest,opened
m_000003051,2026-01-31T03:21:58Z,u_003104,push,stress_relief_program,delivered
m_000003052,2026-02-02T05:05:46Z,u_001532,email,weight_loss_series,sent
m_000003053,2026-01-28T20:57:45Z,u_000755,push,sleep_challenge,opened
m_000003054,2026-01-29T18:17:22Z,u_003884,sms,weight_loss_series,sent
m_000003055,2026-02-02T05:00:30Z,u_001731,email,stress_relief_program,delivered
m_000003056,2026-01-29T09:33:50Z,u_004835,sms,weight_loss_series,sent
m_000003057,2026-01-30T18:56:07Z,u_001312,sms,sleep_challenge,sent
m_000003058,2026-01-27T18:48:24Z,u_002451,sms,stress_relief_program,opened
m_000003059,2026-01-30T14:10:35Z,u_003334,sms,new_content_alert,sent
m_000003060,2026-01-27T04:40:54Z,u_004401,email,new_content_alert,clicked
m_000003061,2026-01-30T09:04:22Z,u_004355,sms,heart_health_month,sent
m_000003062,2026-01-27T07:46:21Z,u_002886,push,weight_loss_series,delivered
m_000003063,2026-01-28T16:34:03Z,u_001500,sms,sleep_challenge,sent
m_000003064,2026-01-29T00:34:01Z,u_002182,push,weight_loss_series,opened
m_000003065,2026-01-29T11:22:02Z,u_002197,email,stress_relief_program,sent
m_000003066,2026-01-29T19:34:21Z,u_003202,sms,weekly_digest,sent
m_000003067,2026-02-02T14:36:07Z,u_001085,push,sleep_challenge,sent
m_000003068,2026-01-28T07:37:49Z,u_001840,push,new_content_alert,sent
m_000003069,2026-01-27T05:46:56Z,u_000015,push,weekly_digest,delivered
m_000003070,2026-02-01T13:17:48Z,u_004584,email,weight_loss_series,opened
m_000003071,2026-02-02T09:19:15Z,u_002880,push,stress_relief_program,delivered
m_000003072,2026-01-29T03:21:37Z,u_001713,email,new_content_alert,delivered
m_000003073,2026-01-28T11:34:00Z,u_001961,sms,sleep_challenge,delivered
m_000003074,2026-01-29T12:29:17Z,u_004001,sms,new_content_alert,delivered
m_000003075,2026-01-31T05:57:09Z,u_002303,email,heart_health_month,delivered
m_000003076,2026-01-31T11:52:49Z,u_000264,email,heart_health_month,sent
m_000003077,2026-01-29T12:49:04Z,u_001252,sms,heart_health_month,sent
m_000003078,2026-01-27T19:19:09Z,u_003757,email,sleep_challenge,delivered
m_000003079,2026-01-31T17:27:03Z,u_003120,push,weight_loss_series,sent
m_000003080,2026-01-29T12:50:00Z,u_002851,email,weight_loss_series,opened
m_000003081,2026-01-30T13:57:05Z,u_002447,push,weight_loss_series,sent
m_000003082,2026-01-28T00:39:43Z,u_004805,sms,sleep_challenge,sent
m_000003083,2026-01-29T01:25:18Z,u_003893,sms,weight_loss_series,sent
m_000003084,2026-02-01T00:10:23Z,u_003459,email,heart_health_month,sent
m_000003085,2026-01-26T20:56:04Z,u_000625,email,stress_relief_program,sent
m_000003086,2026-01-31T06:35:43Z,u_004559,email,weekly_digest,sent
m_000003087,2026-01-26T20:32:53Z,u_003121,push,sleep_challenge,delivered
m_000003088,2026-01-31T22:18:18Z,u_000121,push,stress_relief_program,sent
m_000003089,2026-01-29T14:14:16Z,u_002194,push,stress_relief_program,unsubscribed
m_000003090,2026-01-31T15:29:37Z,u_004484,sms,weight_loss_series,sent
m_000003091,2026-01-31T20:03:19Z,u_000403,push,sleep_challenge,sent
m_000003092,2026-02-02T15:36:16Z,u_000232,push,heart_health_month,sent
m_000003093,2026-01-31T16:48:51Z,u_002330,push,heart_health_month,sent
m_000003094,2026-01-28T10:43:34Z,u_000766,push,heart_health_month,sent
m_000003095,2026-01-27T04:19:44Z,u_000951,push,heart_health_month,sent
m_000003096,2026-02-01T08:10:48Z,u_001990,email,weight_loss_series,sent
m_000003097,2026-01-29T22:44:08Z,u_001616,email,sleep_challenge,delivered
m_000003098,2026-02-02T17:46:14Z,u_000875,push,heart_health_month,sent
m_000003099,2026-01-27T00:47:13Z,u_003012,sms,new_content_alert,sent
m_000003100,2026-01-30T04:35:06Z,u_000247,push,new_content_alert,sent
m_000003101,2026-02-02T06:17:48Z,u_002594,email,heart_health_month,sent
m_000003102,2026-01-28T12:28:45Z,u_004986,email,weight_loss_series,delivered
m_000003103,2026-01-29T08:00:46Z,u_001158,email,stress_relief_program,sent
m_000003104,2026-02-02T06:05:19Z,u_000458,push,weight_loss_series,sent
m_000003105,2026-01-28T18:59:57Z,u_001006,sms,sleep_challenge,sent
m_000003106,2026-02-02T14:06:56Z,u_004534,push,sleep_challenge,sent
m_000003107,2026-01-27T13:58:32Z,u_000507,email,sleep_challenge,sent
m_000003108,2026-01-29T12:00:06Z,u_002277,push,heart_health_month,sent
m_000003109,2026-01-31T13:21:59Z,u_002044,push,heart_health_month,delivered
m_000003110,2026-01-31T19:37:38Z,u_002456,email,weekly_digest,sent
m_000003111,2026-02-02T00:49:06Z,u_004984,push,sleep_challenge,sent
m_000003112,2026-01-31T13:42:51Z,u_001359,push,heart_health_month,opened
m_000003113,2026-01-27T07:30:18Z,u_002893,email,heart_health_month,sent
m_000003114,2026-02-01T16:34:35Z,u_004142,email,stress_relief_program,clicked
m_000003115,2026-01-27T07:01:13Z,u_000478,push,new_content_alert,sent
m_000003116,2026-01-30T23:09:07Z,u_002943,email,weekly_digest,opened
m_000003117,2026-01-30T11:18:01Z,u_004189,push,sleep_challenge,sent
m_000003118,2026-02-01T15:30:12Z,u_001023,sms,new_content_alert,sent
m_000003119,2026-02-01T09:10:15Z,u_000326,push,weight_loss_series,opened
m_000003120,2026-01-28T16:31:42Z,u_001284,sms,weight_loss_series,delivered
m_000003121,2026-02-01T22:50:57Z,u_003656,email,weight_loss_series,sent
m_000003122,2026-01-28T08:58:01Z,u_004475,push,weekly_digest,sent
m_000003123,2026-01-27T18:55:20Z,u_002422,sms,stress_relief_program,sent
m_000003124,2026-01-31T00:50:39Z,u_002372,email,weekly_digest,sent
m_000003125,2026-01-30T07:17:45Z,u_004365,sms,sleep_challenge,sent
m_000003126,2026-01-31T13:29:31Z,u_004427,email,sleep_challenge,sent
m_000003127,2026-02-01T01:32:11Z,u_000707,sms,new_content_alert,delivered
m_000003128,2026-01-30T21:07:00Z,u_003425,push,weekly_digest,sent
m_000003129,2026-02-02T11:46:20Z,u_003746,sms,weight_loss_series,sent
m_000003130,2026-01-30T02:49:04Z,u_003293,sms,weekly_digest,delivered
m_000003131,2026-01-28T11:42:58Z,u_004849,push,sleep_challenge,opened
m_000003132,2026-01-27T15:25:05Z,u_004380,push,sleep_challenge,sent
m_000003133,2026-01-27T09:30:19Z,u_000419,email,heart_health_month,sent
m_000003134,2026-01-27T14:48:57Z,u_002376,sms,weight_loss_series,delivered
m_000003135,2026-01-29T19:32:58Z,u_004434,sms,weight_loss_series,sent
m_000003136,2026-02-01T20:33:47Z,u_002648,push,heart_health_month,sent
m_000003137,2026-02-02T07:17:19Z,u_004655,email,weight_loss_series,delivered
m_000003138,2026-01-29T11:29:13Z,u_000281,email,heart_health_month,sent
m_000003139,2026-01-27T02:40:26Z,u_003016,sms,stress_relief_program,sent
m_000003140,2026-02-02T06:20:37Z,u_000131,sms,heart_health_month,sent
m_000003141,2026-02-02T10:35:50Z,u_002903,sms,weight_loss_series,sent
m_000003142,2026-01-27T11:57:22Z,u_001596,push,sleep_challenge,sent
m_000003143,2026-01-27T08:38:18Z,u_002917,push,heart_health_month,sent
m_000003144,2026-01-29T03:24:19Z,u_000540,push,stress_relief_program,sent
m_000003145,2026-01-31T07:19:35Z,u_004625,push,weight_loss_series,delivered
m_000003146,2026-01-27T11:41:02Z,u_002381,push,new_content_alert,opened
m_000003147,2026-02-01T06:02:42Z,u_003785,push,heart_health_month,delivered
m_000003148,2026-01-28T18:59:32Z,u_003419,push,weekly_digest,sent
m_000003149,2026-01-27T19:23:23Z,u_004052,sms,heart_health_month,sent
m_000003150,2026-01-29T13:59:45Z,u_000364,sms,new_content_alert,opened
m_000003151,2026-02-02T19:56:59Z,u_004426,email,heart_health_month,delivered
m_000003152,2026-01-27T07:03:59Z,u_001103,push,new_content_alert,sent
m_000003153,2026-01-31T05:16:24Z,u_004916,email,stress_relief_program,sent
m_000003154,2026-01-30T10:16:21Z,u_003809,sms,sleep_challenge,delivered
m_000003155,2026-01-30T13:00:40Z,u_001655,push,stress_relief_program,sent
m_000003156,2026-01-27T05:20:16Z,u_003591,push,stress_relief_program,sent
m_000003157,2026-01-28T05:10:20Z,u_004938,push,weekly_digest,sent
m_000003158,2026-01-31T02:21:01Z,u_000819,email,new_content_alert,opened
m_000003159,2026-01-28T10:24:02Z,u_000272,email,stress_relief_program,sent
m_000003160,2026-01-31T05:06:41Z,u_004759,email,sleep_challenge,opened
m_000003161,2026-01-27T01:33:51Z,u_001350,sms,new_content_alert,sent
m_000003162,2026-01-30T15:35:51Z,u_001040,push,heart_health_month,sent
m_000003163,2026-01-30T15:57:45Z,u_003296,sms,heart_health_month,sent
m_000003164,2026-01-29T17:46:23Z,u_000938,push,weekly_digest,delivered
m_000003165,2026-02-02T07:23:49Z,u_002828,sms,weekly_digest,sent
m_000003166,2026-01-30T01:04:36Z,u_001384,email,sleep_challenge,sent
m_000003167,2026-01-28T14:18:01Z,u_001980,email,weight_loss_series,sent
m_000003168,2026-02-02T15:03:25Z,u_003937,sms,weekly_digest,sent
m_000003169,2026-01-31T22:40:43Z,u_000212,push,stress_relief_program,sent
m_000003170,2026-01-28T14:58:51Z,u_002150,sms,weekly_digest,sent
m_000003171,2026-02-01T02:52:41Z,u_003501,sms,weight_loss_series,sent
m_000003172,2026-01-27T20:19:25Z,u_001374,sms,stress_relief_program,sent
m_000003173,2026-02-02T07:06:48Z,u_003090,push,new_content_alert,delivered
m_000003174,2026-01-27T11:23:41Z,u_001882,email,weekly_digest,sent
m_000003175,2026-01-31T10:44:19Z,u_004014,push,stress_relief_program,sent
m_000003176,2026-02-02T08:41:13Z,u_004759,push,weight_loss_series,opened
m_000003177,2026-01-29T10:41:02Z,u_003602,push,weekly_digest,sent
m_000003178,2026-02-01T12:19:42Z,u_000586,push,weight_loss_series,delivered
m_000003179,2026-01-31T10:29:24Z,u_003851,push,weekly_digest,opened
m_000003180,2026-02-01T19:20:29Z,u_001092,push,weekly_digest,delivered
m_000003181,2026-01-27T18:26:03Z,u_003812,email,weight_loss_series,sent
m_000003182,2026-01-30T14:23:28Z,u_004605,sms,stress_relief_program,sent
m_000003183,2026-01-27T11:06:19Z,u_001520,email,weekly_digest,sent
m_000003184,2026-01-30T22:34:32Z,u_000796,sms,weekly_digest,sent
m_000003185,2026-02-01T07:21:21Z,u_002563,email,sleep_challenge,opened
m_000003186,2026-01-27T14:35:29Z,u_000040,email,weight_loss_series,sent
m_000003187,2026-01-29T02:08:20Z,u_002367,push,sleep_challenge,opened
m_000003188,2026-01-28T07:31:14Z,u_000257,sms,sleep_challenge,clicked
m_000003189,2026-01-26T21:59:50Z,u_000487,email,sleep_challenge,sent
m_000003190,2026-01-30T05:50:36Z,u_000164,email,weight_loss_series,sent
m_000003191,2026-01-29T00:17:24Z,u_000204,sms,heart_health_month,delivered
m_000003192,2026-01-29T04:17:10Z,u_002397,sms,weekly_digest,sent
m_000003193,2026-01-30T11:48:32Z,u_003661,sms,weekly_digest,delivered
m_000003194,2026-02-01T01:11:40Z,u_000855,email,weight_loss_series,sent
m_000003195,2026-01-28T20:20:59Z,u_004269,sms,heart_health_month,sent
m_000003196,2026-02-01T18:13:20Z,u_003936,email,new_content_alert,clicked
m_000003197,2026-01-27T07:18:28Z,u_000489,email,weekly_digest,sent
m_000003198,2026-01-29T19:44:33Z,u_001225,sms,weight_loss_series,delivered
m_000003199,2026-01-29T05:28:06Z,u_001199,sms,weekly_digest,delivered
m_000003200,2026-01-28T22:36:34Z,u_002052,push,sleep_challenge,delivered
m_000003201,2026-02-01T03:47:20Z,u_004898,push,stress_relief_program,sent
m_000003202,2026-01-31T07:11:16Z,u_004161,sms,weekly_digest,sent
m_000003203,2026-01-26T21:49:27Z,u_003264,push,sleep_challenge,sent
m_000003204,2026-01-29T14:39:41Z,u_000282,email,stress_relief_program,delivered
m_000003205,2026-01-31T08:55:38Z,u_003067,email,weekly_digest,clicked
m_000003206,2026-02-02T14:37:25Z,u_002648,push,heart_health_month,sent
m_000003207,2026-01-29T18:48:24Z,u_002685,push,weight_loss_series,sent
m_000003208,2026-01-31T10:49:31Z,u_000844,email,weight_loss_series,delivered
m_000003209,2026-01-29T13:08:14Z,u_001799,push,sleep_challenge,sent
m_000003210,2026-01-31T07:54:33Z,u_002969,email,sleep_challenge,opened
m_000003211,2026-01-27T13:23:55Z,u_000699,sms,stress_relief_program,sent
m_000003212,2026-02-01T16:38:13Z,u_002598,sms,heart_health_month,sent
m_000003213,2026-01-29T07:29:51Z,u_001541,sms,sleep_challenge,clicked
m_000003214,2026-02-02T01:49:14Z,u_004272,push,new_content_alert,sent
m_000003215,2026-01-29T13:14:18Z,u_002276,email,stress_relief_program,sent
m_000003216,2026-01-28T08:38:12Z,u_004484,sms,sleep_challenge,sent
m_000003217,2026-01-29T19:38:51Z,u_002763,sms,heart_health_month,delivered
m_000003218,2026-01-29T23:55:45Z,u_001301,sms,weekly_digest,sent
m_000003219,2026-02-01T00:24:51Z,u_002126,push,new_content_alert,sent
m_000003220,2026-02-01T21:19:35Z,u_004956,email,weekly_digest,delivered
m_000003221,2026-01-30T14:47:09Z,u_004057,sms,new_content_alert,opened
m_000003222,2026-01-28T08:40:49Z,u_002114,push,weight_loss_series,clicked
m_000003223,2026-02-02T04:34:30Z,u_003202,email,weekly_digest,delivered
m_000003224,2026-01-31T13:20:24Z,u_001583,push,stress_relief_program,delivered
m_000003225,2026-01-27T02:43:29Z,u_001097,push,stress_relief_program,clicked
m_000003226,2026-01-31T17:43:39Z,u_001793,sms,weight_loss_series,sent
m_000003227,2026-02-01T03:38:16Z,u_000060,sms,weekly_digest,delivered
m_000003228,2026-02-01T16:51:51Z,u_004107,email,stress_relief_program,sent
m_000003229,2026-01-27T04:39:29Z,u_000678,email,weight_loss_series,sent
m_000003230,2026-01-29T08:46:32Z,u_003406,push,stress_relief_program,sent
m_000003231,2026-01-28T03:30:52Z,u_004490,sms,stress_relief_program,sent
m_000003232,2026-02-02T15:19:24Z,u_002981,email,new_content_alert,opened
m_000003233,2026-01-31T02:10:01Z,u_002933,push,weekly_digest,unsubscribed
m_000003234,2026-01-28T15:43:11Z,u_004366,push,new_content_alert,sent
m_000003235,2026-02-01T17:29:50Z,u_002354,push,weekly_digest,sent
m_000003236,2026-01-27T05:28:31Z,u_001147,push,new_content_alert,sent
m_000003237,2026-02-01T11:07:21Z,u_002402,sms,new_content_alert,sent
m_000003238,2026-01-26T20:27:48Z,u_001112,sms,stress_relief_program,sent
m_000003239,2026-02-02T17:10:14Z,u_001633,sms,sleep_challenge,sent
m_000003240,2026-02-01T15:44:54Z,u_000071,push,heart_health_month,sent
m_000003241,2026-01-30T20:53:54Z,u_002941,push,weekly_digest,opened
m_000003242,2026-02-01T08:46:58Z,u_004919,email,weight_loss_series,sent
m_000003243,2026-01-28T17:41:47Z,u_003125,email,weight_loss_series,delivered
m_000003244,2026-01-28T04:44:23Z,u_001397,push,sleep_challenge,sent
m_000003245,2026-01-27T16:59:58Z,u_003518,push,heart_health_month,sent
m_000003246,2026-01-30T03:56:11Z,u_003645,push,new_content_alert,opened
m_000003247,2026-02-02T14:08:18Z,u_003782,email,heart_health_month,sent
m_000003248,2026-01-29T02:34:17Z,u_002323,email,weight_loss_series,sent
m_000003249,2026-01-27T23:24:45Z,u_000617,sms,weight_loss_series,sent
m_000003250,2026-02-01T16:38:37Z,u_002998,push,sleep_challenge,clicked
m_000003251,2026-01-30T02:54:13Z,u_001201,email,sleep_challenge,sent
m_000003252,2026-01-28T19:23:24Z,u_000476,email,weight_loss_series,opened
m_000003253,2026-02-01T13:21:23Z,u_004367,sms,stress_relief_program,sent
m_000003254,2026-02-02T10:52:37Z,u_003993,push,weight_loss_series,delivered
m_000003255,2026-01-27T07:06:13Z,u_004522,push,weekly_digest,sent
m_000003256,2026-01-27T22:06:38Z,u_001159,sms,sleep_challenge,delivered
m_000003257,2026-02-01T04:42:22Z,u_000189,sms,weight_loss_series,delivered
m_000003258,2026-01-29T00:01:52Z,u_003310,sms,sleep_challenge,sent
m_000003259,2026-01-28T00:40:51Z,u_000484,email,weight_loss_series,sent
m_000003260,2026-01-27T03:41:13Z,u_002566,email,new_content_alert,sent
m_000003261,2026-01-27T22:23:19Z,u_000579,email,heart_health_month,clicked
m_000003262,2026-01-28T18:40:14Z,u_003692,push,sleep_challenge,sent
m_000003263,2026-01-28T23:34:31Z,u_003437,push,heart_health_month,sent
m_000003264,2026-01-27T22:43:58Z,u_002428,sms,sleep_challenge,sent
m_000003265,2026-02-02T01:04:18Z,u_000306,sms,weight_loss_series,delivered
m_000003266,2026-01-30T14:34:19Z,u_004098,push,new_content_alert,sent
m_000003267,2026-01-31T01:35:33Z,u_001272,sms,sleep_challenge,delivered
m_000003268,2026-01-31T07:16:06Z,u_001304,email,sleep_challenge,sent
m_000003269,2026-02-02T16:37:36Z,u_003208,sms,sleep_challenge,sent
m_000003270,2026-01-30T03:23:29Z,u_001177,email,weekly_digest,clicked
m_000003271,2026-01-29T18:33:23Z,u_003119,push,weight_loss_series,sent
m_000003272,2026-01-26T23:05:10Z,u_004006,push,heart_health_month,delivered
m_000003273,2026-01-29T12:05:29Z,u_001975,sms,heart_health_month,delivered
m_000003274,2026-01-30T23:28:46Z,u_002279,email,heart_health_month,sent
m_000003275,2026-01-31T13:04:08Z,u_003590,sms,heart_health_month,delivered
m_000003276,2026-01-28T00:40:44Z,u_004389,email,weekly_digest,opened
m_000003277,2026-02-02T20:10:05Z,u_003787,push,heart_health_month,opened
m_000003278,2026-01-31T19:45:01Z,u_000993,sms,heart_health_month,sent
m_000003279,2026-01-31T05:40:44Z,u_003769,email,heart_health_month,sent
m_000003280,2026-01-28T02:59:00Z,u_000808,sms,weekly_digest,opened
m_000003281,2026-01-29T05:28:52Z,u_003039,email,weight_loss_series,sent
m_000003282,2026-02-01T18:18:32Z,u_002945,sms,sleep_challenge,sent
m_000003283,2026-01-29T13:13:20Z,u_002005,push,sleep_challenge,sent
m_000003284,2026-01-28T07:23:06Z,u_001455,push,new_content_alert,opened
m_000003285,2026-01-31T15:12:53Z,u_001185,sms,new_content_alert,sent
m_000003286,2026-02-02T18:07:55Z,u_004214,push,stress_relief_program,sent
m_000003287,2026-02-01T14:14:53Z,u_004699,email,weight_loss_series,sent
m_000003288,2026-01-28T06:09:54Z,u_000020,sms,weight_loss_series,unsubscribed
m_000003289,2026-02-02T07:02:43Z,u_000397,push,new_content_alert,opened
m_000003290,2026-02-01T02:20:21Z,u_002535,email,sleep_challenge,delivered
m_000003291,2026-01-30T12:54:07Z,u_001934,sms,sleep_challenge,sent
m_000003292,2026-01-29T22:05:42Z,u_000823,sms,weekly_digest,delivered
m_000003293,2026-01-27T02:30:52Z,u_003259,sms,sleep_challenge,opened
m_000003294,2026-02-01T07:01:05Z,u_000820,sms,weekly_digest,clicked
m_000003295,2026-01-28T21:09:07Z,u_001728,email,weekly_digest,clicked
m_000003296,2026-01-28T11:15:30Z,u_002562,push,new_content_alert,sent
m_000003297,2026-02-02T19:55:52Z,u_001091,sms,weight_loss_series,sent
m_000003298,2026-01-30T02:26:53Z,u_004207,sms,heart_health_month,delivered
m_000003299,2026-02-01T22:28:36Z,u_004943,push,sleep_challenge,delivered
m_000003300,2026-01-31T03:22:10Z,u_003496,sms,new_content_alert,delivered
m_000003301,2026-01-31T17:59:39Z,u_003236,push,stress_relief_program,sent
m_000003302,2026-02-01T02:05:58Z,u_004063,email,sleep_challenge,delivered
m_000003303,2026-01-27T14:43:42Z,u_000620,push,weight_loss_series,delivered
m_000003304,2026-01-31T14:38:08Z,u_003309,email,sleep_challenge,sent
m_000003305,2026-01-29T23:33:16Z,u_001484,push,weekly_digest,delivered
m_000003306,2026-01-31T21:49:14Z,u_000480,push,new_content_alert,sent
m_000003307,2026-01-28T13:46:15Z,u_002567,sms,weekly_digest,delivered
m_000003308,2026-01-27T07:11:42Z,u_002919,push,sleep_challenge,sent
m_000003309,2026-01-28T21:38:45Z,u_002226,push,stress_relief_program,sent
m_000003310,2026-01-30T14:24:24Z,u_004071,sms,weight_loss_series,sent
m_000003311,2026-02-01T20:27:33Z,u_003044,email,heart_health_month,sent
m_000003312,2026-01-29T13:11:28Z,u_002645,sms,weight_loss_series,sent
m_000003313,2026-01-30T17:26:48Z,u_001859,push,stress_relief_program,sent
m_000003314,2026-01-27T18:23:34Z,u_003939,sms,sleep_challenge,opened
m_000003315,2026-01-27T23:07:05Z,u_004872,email,weight_loss_series,sent
m_000003316,2026-01-29T04:35:24Z,u_001737,push,weight_loss_series,opened
m_000003317,2026-01-27T06:35:20Z,u_003569,sms,new_content_alert,sent
m_000003318,2026-01-30T18:55:02Z,u_002740,push,new_content_alert,sent
m_000003319,2026-01-31T08:43:26Z,u_002057,sms,stress_relief_program,sent
m_000003320,2026-01-27T11:47:24Z,u_000906,email,stress_relief_program,sent
m_000003321,2026-01-28T07:23:58Z,u_000326,email,heart_health_month,delivered
m_000003322,2026-01-28T17:38:10Z,u_001451,email,new_content_alert,opened
m_000003323,2026-01-27T06:00:29Z,u_000460,email,sleep_challenge,sent
m_000003324,2026-01-30T08:37:51Z,u_000022,push,weight_loss_series,sent
m_000003325,2026-01-31T19:52:48Z,u_002629,push,sleep_challenge,sent
m_000003326,2026-01-31T15:56:59Z,u_002886,push,weekly_digest,opened
m_000003327,2026-02-02T17:16:06Z,u_001483,push,heart_health_month,sent
m_000003328,2026-01-28T02:05:19Z,u_000119,email,stress_relief_program,sent
m_000003329,2026-02-01T05:09:54Z,u_001320,email,new_content_alert,sent
m_000003330,2026-01-28T12:09:46Z,u_001341,sms,stress_relief_program,sent
m_000003331,2026-02-01T20:21:02Z,u_003938,sms,new_content_alert,delivered
m_000003332,2026-01-31T22:25:35Z,u_003931,push,heart_health_month,sent
m_000003333,2026-01-29T14:40:24Z,u_000290,sms,heart_health_month,clicked
m_000003334,2026-01-29T11:26:15Z,u_003734,sms,weight_loss_series,sent
m_000003335,2026-01-30T00:12:37Z,u_004555,push,weekly_digest,sent
m_000003336,2026-01-27T12:11:13Z,u_003087,email,weekly_digest,sent
m_000003337,2026-01-28T22:35:40Z,u_002169,email,new_content_alert,sent
m_000003338,2026-02-01T06:36:21Z,u_000183,email,stress_relief_program,sent
m_000003339,2026-01-27T02:53:28Z,u_004463,push,weight_loss_series,sent
m_000003340,2026-02-02T18:17:33Z,u_001027,push,weight_loss_series,opened
m_000003341,2026-02-01T09:57:47Z,u_002248,sms,weight_loss_series,sent
m_000003342,2026-01-31T14:19:50Z,u_001739,push,new_content_alert,sent
m_000003343,2026-02-02T02:17:57Z,u_002899,sms,stress_relief_program,opened
m_000003344,2026-01-28T14:40:46Z,u_004177,email,weight_loss_series,sent
m_000003345,2026-02-01T17:25:05Z,u_003760,email,weekly_digest,sent
m_000003346,2026-01-27T11:47:11Z,u_002915,email,sleep_challenge,sent
m_000003347,2026-02-02T12:42:35Z,u_002160,email,new_content_alert,sent
m_000003348,2026-01-30T03:11:48Z,u_000877,sms,weight_loss_series,sent
m_000003349,2026-01-31T14:09:16Z,u_004498,push,heart_health_month,delivered
m_000003350,2026-01-29T18:32:47Z,u_000256,sms,stress_relief_program,opened
m_000003351,2026-02-02T10:48:56Z,u_000314,push,weight_loss_series,sent
m_000003352,2026-01-27T05:09:29Z,u_001087,email,heart_health_month,delivered
m_000003353,2026-02-02T03:59:02Z,u_004349,sms,new_content_alert,sent
m_000003354,2026-01-27T17:12:40Z,u_001949,sms,weekly_digest,sent
m_000003355,2026-02-02T00:04:57Z,u_001565,email,stress_relief_program,sent
m_000003356,2026-01-29T04:42:52Z,u_004293,sms,heart_health_month,opened
m_000003357,2026-01-30T18:07:03Z,u_004431,push,new_content_alert,delivered
m_000003358,2026-01-31T01:57:56Z,u_004470,email,heart_health_month,sent
m_000003359,2026-01-30T23:54:04Z,u_000605,sms,sleep_challenge,opened
m_000003360,2026-01-31T20:51:33Z,u_002640,email,stress_relief_program,delivered
m_000003361,2026-01-27T01:07:28Z,u_003068,push,weight_loss_series,delivered
m_000003362,2026-01-27T14:29:49Z,u_001465,email,weekly_digest,opened
m_000003363,2026-02-01T18:41:38Z,u_000749,sms,weekly_digest,clicked
m_000003364,2026-01-31T08:10:03Z,u_004363,sms,stress_relief_program,sent
m_000003365,2026-02-02T00:21:15Z,u_001315,push,new_content_alert,sent
m_000003366,2026-02-02T09:12:01Z,u_001935,email,heart_health_month,delivered
m_000003367,2026-01-29T11:55:48Z,u_001301,email,weight_loss_series,unsubscribed
m_000003368,2026-01-29T08:09:56Z,u_004540,sms,weekly_digest,delivered
m_000003369,2026-02-01T18:46:45Z,u_003716,sms,heart_health_month,sent
m_000003370,2026-01-31T22:51:01Z,u_002287,email,weight_loss_series,sent
m_000003371,2026-02-02T15:53:29Z,u_002581,sms,stress_relief_program,delivered
m_000003372,2026-01-31T10:36:41Z,u_003085,push,weekly_digest,sent
m_000003373,2026-02-01T14:00:09Z,u_004506,email,new_content_alert,clicked
m_000003374,2026-01-29T07:08:00Z,u_002059,email,sleep_challenge,opened
m_000003375,2026-02-02T16:47:41Z,u_002031,push,sleep_challenge,sent
m_000003376,2026-01-30T19:12:02Z,u_003985,sms,new_content_alert,sent
m_000003377,2026-01-27T09:59:13Z,u_003231,push,weight_loss_series,delivered
m_000003378,2026-01-31T10:18:16Z,u_002439,email,new_content_alert,sent
m_000003379,2026-01-27T23:56:42Z,u_000855,sms,sleep_challenge,sent
m_000003380,2026-01-28T23:19:28Z,u_000181,push,sleep_challenge,sent
m_000003381,2026-01-31T05:25:40Z,u_000165,email,heart_health_month,sent
m_000003382,2026-01-27T10:49:56Z,u_004037,sms,heart_health_month,sent
m_000003383,2026-01-30T15:41:43Z,u_003264,push,stress_relief_program,sent
m_000003384,2026-02-01T00:10:23Z,u_004065,sms,weekly_digest,sent
m_000003385,2026-02-01T17:47:12Z,u_002094,push,weight_loss_series,sent
m_000003386,2026-02-02T02:53:00Z,u_000608,push,stress_relief_program,delivered
m_000003387,2026-02-02T18:44:57Z,u_003667,sms,stress_relief_program,sent
m_000003388,2026-01-31T01:41:57Z,u_000847,sms,stress_relief_program,sent
m_000003389,2026-02-01T08:11:59Z,u_004694,sms,new_content_alert,opened
m_000003390,2026-02-02T15:39:26Z,u_000687,sms,sleep_challenge,sent
m_000003391,2026-02-01T23:10:37Z,u_004507,push,weekly_digest,delivered
m_000003392,2026-01-26T22:12:33Z,u_004026,sms,heart_health_month,sent
m_000003393,2026-01-27T01:14:54Z,u_004251,email,heart_health_month,sent
m_000003394,2026-01-30T23:32:13Z,u_003849,email,weight_loss_series,sent
m_000003395,2026-01-28T04:02:09Z,u_003897,email,sleep_challenge,sent
m_000003396,2026-02-02T04:30:58Z,u_001147,email,sleep_challenge,sent
m_000003397,2026-02-01T21:47:38Z,u_002191,push,new_content_alert,sent
m_000003398,2026-01-27T18:57:16Z,u_000755,push,sleep_challenge,sent
m_000003399,2026-01-29T10:21:02Z,u_004650,email,weekly_digest,clicked
m_000003400,2026-01-27T16:37:43Z,u_003800,push,sleep_challenge,opened
m_000003401,2026-01-30T07:11:46Z,u_004223,sms,sleep_challenge,delivered
m_000003402,2026-01-28T07:54:28Z,u_004995,push,heart_health_month,sent
m_000003403,2026-01-30T02:35:04Z,u_004117,email,stress_relief_program,sent
m_000003404,2026-02-01T03:47:06Z,u_004568,sms,stress_relief_program,delivered
m_000003405,2026-02-01T07:40:23Z,u_001391,push,sleep_challenge,opened
m_000003406,2026-01-29T22:58:34Z,u_002113,push,heart_health_month,delivered
m_000003407,2026-01-29T00:11:36Z,u_000594,sms,weekly_digest,delivered
m_000003408,2026-01-31T08:37:06Z,u_000665,email,weight_loss_series,delivered
m_000003409,2026-01-31T19:02:08Z,u_004912,push,new_content_alert,sent
m_000003410,2026-02-02T09:30:03Z,u_002184,email,new_content_alert,sent
m_000003411,2026-02-02T09:00:12Z,u_004038,email,sleep_challenge,sent
m_000003412,2026-01-29T11:08:13Z,u_000150,sms,heart_health_month,sent
m_000003413,2026-01-31T05:32:57Z,u_004164,push,weekly_digest,opened
m_000003414,2026-01-31T01:44:28Z,u_000872,push,heart_health_month,sent
m_000003415,2026-01-30T12:51:49Z,u_001677,push,weight_loss_series,sent
m_000003416,2026-02-01T05:00:56Z,u_002221,sms,stress_relief_program,sent
m_000003417,2026-01-29T06:04:05Z,u_003148,sms,weekly_digest,sent
m_000003418,2026-01-30T21:46:54Z,u_002744,email,weight_loss_series,sent
m_000003419,2026-01-31T11:27:54Z,u_000296,sms,sleep_challenge,sent
m_000003420,2026-02-01T14:50:41Z,u_000659,sms,weight_loss_series,delivered
m_000003421,2026-01-26T22:04:27Z,u_004359,push,weight_loss_series,unsubscribed
m_000003422,2026-01-29T13:38:51Z,u_002917,email,new_content_alert,clicked
m_000003423,2026-01-27T11:42:20Z,u_004243,push,weight_loss_series,opened
m_000003424,2026-01-31T07:25:33Z,u_001744,push,sleep_challenge,sent
m_000003425,2026-01-29T12:29:47Z,u_002980,push,heart_health_month,sent
m_000003426,2026-01-31T00:59:03Z,u_003404,sms,sleep_challenge,sent
m_000003427,2026-01-28T02:52:04Z,u_003704,email,sleep_challenge,delivered
m_000003428,2026-01-30T09:47:23Z,u_004118,email,weight_loss_series,sent
m_000003429,2026-01-29T07:02:42Z,u_001082,sms,sleep_challenge,clicked
m_000003430,2026-01-29T05:57:48Z,u_002405,email,weight_loss_series,sent
m_000003431,2026-01-31T22:37:01Z,u_003530,sms,stress_relief_program,delivered
m_000003432,2026-01-29T05:18:02Z,u_000916,sms,weight_loss_series,sent
m_000003433,2026-01-31T08:25:34Z,u_004495,push,weight_loss_series,opened
m_000003434,2026-01-29T15:59:08Z,u_003620,email,new_content_alert,sent
m_000003435,2026-02-02T01:51:05Z,u_001578,email,new_content_alert,sent
m_000003436,2026-01-30T01:25:39Z,u_002249,email,stress_relief_program,sent
m_000003437,2026-02-02T17:00:45Z,u_002756,email,sleep_challenge,delivered
m_000003438,2026-01-27T04:23:55Z,u_003044,sms,stress_relief_program,sent
m_000003439,2026-01-30T17:30:23Z,u_003581,sms,weight_loss_series,opened
m_000003440,2026-01-31T18:25:34Z,u_000333,email,sleep_challenge,sent
m_000003441,2026-01-31T00:57:45Z,u_000873,sms,weekly_digest,clicked
m_000003442,2026-02-01T13:30:30Z,u_002773,email,weekly_digest,delivered
m_000003443,2026-02-02T10:17:30Z,u_004139,sms,weight_loss_series,opened
m_000003444,2026-02-02T15:21:41Z,u_001850,sms,heart_health_month,delivered
m_000003445,2026-02-01T19:35:36Z,u_001744,push,new_content_alert,sent
m_000003446,2026-01-26T23:00:43Z,u_002541,push,stress_relief_program,opened
m_000003447,2026-01-29T05:58:21Z,u_000645,email,stress_relief_program,opened
m_000003448,2026-01-28T01:20:32Z,u_004885,push,weight_loss_series,sent
m_000003449,2026-01-28T12:48:26Z,u_002363,sms,weight_loss_series,sent
m_000003450,2026-01-31T23:02:38Z,u_002587,email,weekly_digest,sent
m_000003451,2026-01-29T16:19:12Z,u_003167,push,weekly_digest,sent
m_000003452,2026-02-01T08:16:37Z,u_003713,email,heart_health_month,sent
m_000003453,2026-02-02T16:31:40Z,u_001693,push,weekly_digest,sent
m_000003454,2026-01-30T14:13:42Z,u_000460,sms,sleep_challenge,sent
m_000003455,2026-01-30T06:02:18Z,u_004008,push,weekly_digest,sent
m_000003456,2026-02-01T20:25:12Z,u_001977,push,heart_health_month,sent
m_000003457,2026-01-26T21:52:39Z,u_000840,email,heart_health_month,sent
m_000003458,2026-02-01T16:30:43Z,u_001084,sms,heart_health_month,opened
m_000003459,2026-02-01T11:02:08Z,u_001335,sms,sleep_challenge,sent
m_000003460,2026-01-29T04:37:51Z,u_004355,push,sleep_challenge,sent
m_000003461,2026-02-01T21:17:55Z,u_000233,email,sleep_challenge,delivered
m_000003462,2026-01-29T13:31:27Z,u_002706,sms,new_content_alert,opened
m_000003463,2026-01-29T13:05:24Z,u_000786,email,stress_relief_program,sent
m_000003464,2026-01-30T06:37:48Z,u_001171,email,new_content_alert,sent
m_000003465,2026-01-28T19:38:51Z,u_003003,email,heart_health_month,sent
m_000003466,2026-01-26T20:33:54Z,u_002636,email,new_content_alert,sent
m_000003467,2026-01-30T02:36:45Z,u_004281,push,weekly_digest,sent
m_000003468,2026-01-30T04:44:25Z,u_002410,push,weight_loss_series,delivered
m_000003469,2026-01-28T21:36:14Z,u_004892,sms,sleep_challenge,sent
m_000003470,2026-02-01T20:00:45Z,u_001010,sms,heart_health_month,delivered
m_000003471,2026-01-27T01:42:04Z,u_002850,sms,weekly_digest,sent
m_000003472,2026-01-30T18:47:49Z,u_004964,push,heart_health_month,sent
m_000003473,2026-01-28T13:48:57Z,u_004457,push,stress_relief_program,opened
m_000003474,2026-01-30T15:58:21Z,u_003409,sms,weekly_digest,unsubscribed
m_000003475,2026-01-31T08:41:48Z,u_004903,email,heart_health_month,opened
m_000003476,2026-01-29T17:29:52Z,u_001113,email,weight_loss_series,sent
m_000003477,2026-01-27T16:15:26Z,u_001655,push,new_content_alert,opened
m_000003478,2026-01-30T20:54:35Z,u_003180,push,stress_relief_program,clicked
m_000003479,2026-01-29T06:51:07Z,u_001024,sms,stress_relief_program,delivered
m_000003480,2026-01-31T05:08:54Z,u_001023,email,sleep_challenge,clicked
m_000003481,2026-01-29T11:37:32Z,u_004766,push,heart_health_month,sent
m_000003482,2026-01-31T11:14:16Z,u_004451,sms,weight_loss_series,sent
m_000003483,2026-01-29T04:36:45Z,u_004848,sms,weight_loss_series,sent
m_000003484,2026-01-30T05:15:35Z,u_003114,email,weekly_digest,delivered
m_000003485,2026-02-01T08:59:55Z,u_001693,email,weekly_digest,sent
m_000003486,2026-01-29T10:20:38Z,u_003546,email,weight_loss_series,sent
m_000003487,2026-01-31T05:06:09Z,u_000949,push,weight_loss_series,delivered
m_000003488,2026-02-02T01:22:58Z,u_001949,email,weight_loss_series,opened
m_000003489,2026-01-31T16:45:39Z,u_004577,email,weekly_digest,clicked
m_000003490,2026-02-01T11:53:27Z,u_004754,sms,sleep_challenge,sent
m_000003491,2026-01-31T09:14:12Z,u_004507,sms,new_content_alert,sent
m_000003492,2026-01-31T12:16:23Z,u_000900,push,stress_relief_program,sent
m_000003493,2026-01-30T00:05:02Z,u_004967,email,heart_health_month,sent
m_000003494,2026-01-28T16:53:06Z,u_003164,email,stress_relief_program,opened
m_000003495,2026-01-27T03:57:50Z,u_003046,push,weekly_digest,sent
m_000003496,2026-01-31T12:01:05Z,u_001513,email,heart_health_month,sent
m_000003497,2026-02-02T17:13:35Z,u_000983,sms,sleep_challenge,sent
m_000003498,2026-01-30T22:06:20Z,u_002658,sms,weekly_digest,delivered
m_000003499,2026-01-29T15:04:26Z,u_000745,email,weight_loss_series,sent
m_000003500,2026-01-28T10:10:01Z,u_004481,sms,heart_health_month,sent
m_000003501,2026-01-31T07:45:31Z,u_003767,email,sleep_challenge,sent
m_000003502,2026-01-31T13:57:33Z,u_002156,sms,heart_health_month,sent
m_000003503,2026-01-29T06:52:07Z,u_002474,push,sleep_challenge,sent
m_000003504,2026-01-31T02:37:09Z,u_001676,sms,new_content_alert,opened
m_000003505,2026-01-31T07:19:04Z,u_001203,push,weekly_digest,delivered
m_000003506,2026-01-28T01:36:58Z,u_001012,push,weekly_digest,sent
m_000003507,2026-02-01T07:13:18Z,u_001778,email,weekly_digest,sent
m_000003508,2026-01-30T03:29:45Z,u_002020,email,heart_health_month,sent
m_000003509,2026-02-02T04:25:41Z,u_003647,email,new_content_alert,delivered
m_000003510,2026-01-28T13:39:38Z,u_003485,sms,heart_health_month,delivered
m_000003511,2026-01-29T01:31:11Z,u_003533,email,weight_loss_series,sent
m_000003512,2026-01-30T01:04:04Z,u_001051,email,stress_relief_program,sent
m_000003513,2026-01-31T20:33:57Z,u_003540,email,weekly_digest,sent
m_000003514,2026-02-01T18:14:16Z,u_003226,email,new_content_alert,delivered
m_000003515,2026-01-27T01:25:02Z,u_002016,sms,sleep_challenge,sent
m_000003516,2026-02-02T16:10:08Z,u_001100,email,sleep_challenge,sent
m_000003517,2026-01-28T17:42:18Z,u_003610,email,weekly_digest,delivered
m_000003518,2026-01-29T11:03:41Z,u_002716,sms,stress_relief_program,delivered
m_000003519,2026-01-27T17:06:44Z,u_003944,push,heart_health_month,sent
m_000003520,2026-02-01T18:34:50Z,u_002482,email,heart_health_month,sent
m_000003521,2026-02-01T03:03:28Z,u_004897,push,stress_relief_program,sent
m_000003522,2026-01-28T15:20:03Z,u_002686,push,new_content_alert,delivered
m_000003523,2026-01-30T10:41:20Z,u_001009,email,weight_loss_series,unsubscribed
m_000003524,2026-01-30T08:24:03Z,u_002307,sms,sleep_challenge,sent
m_000003525,2026-02-02T05:48:55Z,u_002613,email,stress_relief_program,delivered
m_000003526,2026-01-28T23:43:55Z,u_001822,email,heart_health_month,delivered
m_000003527,2026-01-27T06:34:55Z,u_001862,push,weekly_digest,delivered
m_000003528,2026-01-30T01:21:04Z,u_001689,push,new_content_alert,sent
m_000003529,2026-01-30T23:31:56Z,u_000732,email,weekly_digest,clicked
m_000003530,2026-01-27T16:11:22Z,u_003060,sms,heart_health_month,sent
m_000003531,2026-01-30T12:37:56Z,u_003752,sms,weight_loss_series,sent
m_000003532,2026-01-30T03:00:23Z,u_001617,sms,weekly_digest,sent
m_000003533,2026-01-30T10:41:42Z,u_001673,email,sleep_challenge,sent
m_000003534,2026-01-31T06:14:40Z,u_001115,push,sleep_challenge,sent
m_000003535,2026-02-01T08:25:09Z,u_004229,push,heart_health_month,sent
m_000003536,2026-01-27T01:57:45Z,u_000574,email,weekly_digest,opened
m_000003537,2026-01-29T01:19:38Z,u_001566,email,new_content_alert,delivered
m_000003538,2026-01-31T12:48:33Z,u_000125,push,stress_relief_program,delivered
m_000003539,2026-02-02T16:34:38Z,u_002003,push,weekly_digest,sent
m_000003540,2026-01-31T05:51:43Z,u_004076,push,stress_relief_program,sent
m_000003541,2026-01-27T01:08:36Z,u_004171,email,heart_health_month,delivered
m_000003542,2026-01-28T18:36:41Z,u_001443,sms,new_content_alert,opened
m_000003543,2026-01-30T19:14:21Z,u_002361,sms,new_content_alert,sent
m_000003544,2026-01-31T14:15:26Z,u_000557,email,stress_relief_program,delivered
m_000003545,2026-01-28T22:17:06Z,u_000849,push,stress_relief_program,sent
m_000003546,2026-01-27T05:01:05Z,u_003098,email,heart_health_month,sent
m_000003547,2026-01-31T08:22:13Z,u_003226,sms,new_content_alert,sent
m_000003548,2026-01-29T14:02:03Z,u_003363,push,heart_health_month,opened
m_000003549,2026-01-30T07:57:55Z,u_003054,push,stress_relief_program,delivered
m_000003550,2026-01-30T04:06:06Z,u_001052,email,weight_loss_series,sent
m_000003551,2026-02-01T02:37:52Z,u_001562,push,sleep_challenge,sent
m_000003552,2026-02-02T09:44:49Z,u_000390,push,weight_loss_series,opened
m_000003553,2026-01-31T10:14:10Z,u_004355,sms,stress_relief_program,opened
m_000003554,2026-01-29T03:28:55Z,u_002200,sms,sleep_challenge,sent
m_000003555,2026-01-30T08:25:27Z,u_001495,sms,weight_loss_series,opened
m_000003556,2026-01-31T19:47:45Z,u_000714,sms,new_content_alert,sent
m_000003557,2026-01-31T12:38:20Z,u_002721,sms,new_content_alert,opened
m_000003558,2026-01-27T22:28:52Z,u_004515,sms,weekly_digest,opened
m_000003559,2026-01-27T16:16:40Z,u_004852,email,new_content_alert,sent
m_000003560,2026-01-28T16:32:23Z,u_002987,sms,new_content_alert,opened
m_000003561,2026-01-29T05:50:42Z,u_002781,sms,new_content_alert,sent
m_000003562,2026-01-30T07:03:47Z,u_001851,email,stress_relief_program,unsubscribed
m_000003563,2026-02-01T15:38:10Z,u_001111,sms,stress_relief_program,opened
m_000003564,2026-02-01T16:24:41Z,u_001579,push,sleep_challenge,opened
m_000003565,2026-01-31T13:59:32Z,u_002284,email,heart_health_month,sent
m_000003566,2026-02-02T06:39:55Z,u_004982,email,heart_health_month,delivered
m_000003567,2026-01-28T18:07:59Z,u_004328,sms,weight_loss_series,sent
m_000003568,2026-01-30T01:30:24Z,u_001707,email,new_content_alert,sent
m_000003569,2026-01-27T10:46:53Z,u_000641,email,new_content_alert,delivered
m_000003570,2026-01-27T10:52:55Z,u_000437,push,sleep_challenge,delivered
m_000003571,2026-02-02T05:04:37Z,u_000890,sms,sleep_challenge,opened
m_000003572,2026-02-02T03:34:17Z,u_000978,sms,sleep_challenge,delivered
m_000003573,2026-01-29T18:05:46Z,u_004574,email,weekly_digest,sent
m_000003574,2026-01-30T10:05:06Z,u_003045,email,weight_loss_series,sent
m_000003575,2026-01-28T21:08:14Z,u_002463,push,weekly_digest,sent
m_000003576,2026-02-01T15:13:08Z,u_003175,sms,stress_relief_program,delivered
m_000003577,2026-01-31T04:26:56Z,u_004794,email,sleep_challenge,sent
m_000003578,2026-02-02T13:14:48Z,u_000107,sms,heart_health_month,sent
m_000003579,2026-02-01T11:10:26Z,u_000778,email,weight_loss_series,clicked
m_000003580,2026-01-28T13:31:55Z,u_000126,sms,weight_loss_series,sent
m_000003581,2026-02-01T14:05:46Z,u_001291,sms,sleep_challenge,sent
m_000003582,2026-01-31T06:30:11Z,u_004993,push,weight_loss_series,sent
m_000003583,2026-01-30T21:49:56Z,u_001483,sms,weight_loss_series,sent
m_000003584,2026-01-26T22:40:16Z,u_000613,push,sleep_challenge,sent
m_000003585,2026-01-27T00:08:24Z,u_002108,email,weight_loss_series,sent
m_000003586,2026-01-27T16:17:12Z,u_000297,email,sleep_challenge,sent
m_000003587,2026-01-27T20:39:16Z,u_004207,email,sleep_challenge,delivered
m_000003588,2026-01-27T06:55:15Z,u_003816,push,weekly_digest,sent
m_000003589,2026-01-27T15:14:06Z,u_003818,push,heart_health_month,sent
m_000003590,2026-02-01T09:24:05Z,u_000966,email,weight_loss_series,opened
m_000003591,2026-01-29T06:24:08Z,u_002753,sms,stress_relief_program,sent
m_000003592,2026-02-01T08:21:47Z,u_000124,email,heart_health_month,opened
m_000003593,2026-02-01T08:42:34Z,u_003692,sms,heart_health_month,sent
m_000003594,2026-01-31T21:31:25Z,u_004444,email,heart_health_month,sent
m_000003595,2026-02-01T14:15:51Z,u_003519,sms,stress_relief_program,sent
m_000003596,2026-01-31T19:11:18Z,u_004916,email,stress_relief_program,opened
m_000003597,2026-01-31T16:32:57Z,u_002959,push,heart_health_month,delivered
m_000003598,2026-01-28T19:53:25Z,u_001262,email,weight_loss_series,sent
m_000003599,2026-01-30T03:07:56Z,u_003409,email,stress_relief_program,delivered
m_000003600,2026-01-27T07:09:02Z,u_001147,email,stress_relief_program,opened
m_000003601,2026-01-30T05:55:36Z,u_001342,email,weight_loss_series,delivered
m_000003602,2026-02-01T04:34:10Z,u_004532,sms,heart_health_month,delivered
m_000003603,2026-01-30T16:31:06Z,u_000948,sms,new_content_alert,sent
m_000003604,2026-02-02T00:25:09Z,u_002126,sms,stress_relief_program,opened
m_000003605,2026-01-27T12:54:48Z,u_001394,email,weight_loss_series,sent
m_000003606,2026-01-27T14:48:42Z,u_004451,email,heart_health_month,clicked
m_000003607,2026-01-28T05:02:46Z,u_002453,push,sleep_challenge,delivered
m_000003608,2026-02-01T11:30:12Z,u_000918,sms,weight_loss_series,sent
m_000003609,2026-01-28T02:23:47Z,u_004776,push,weekly_digest,sent
m_000003610,2026-01-28T22:03:58Z,u_002348,email,heart_health_month,sent
m_000003611,2026-01-31T14:57:10Z,u_000819,push,new_content_alert,sent
m_000003612,2026-01-28T07:57:07Z,u_002736,push,sleep_challenge,sent
m_000003613,2026-01-31T22:34:11Z,u_001342,email,heart_health_month,delivered
m_000003614,2026-02-01T14:29:28Z,u_004275,push,stress_relief_program,opened
m_000003615,2026-01-29T04:06:08Z,u_001819,email,weight_loss_series,sent
m_000003616,2026-01-30T09:47:47Z,u_001920,sms,sleep_challenge,delivered
m_000003617,2026-02-02T08:47:17Z,u_003248,push,weekly_digest,opened
m_000003618,2026-01-27T00:14:07Z,u_001402,push,sleep_challenge,sent
m_000003619,2026-02-01T19:28:58Z,u_003191,sms,heart_health_month,delivered
m_000003620,2026-01-27T22:48:59Z,u_004006,push,heart_health_month,delivered
m_000003621,2026-01-29T03:00:29Z,u_001367,push,sleep_challenge,delivered
m_000003622,2026-02-01T21:07:50Z,u_001706,sms,new_content_alert,sent
m_000003623,2026-01-29T04:15:56Z,u_002759,email,heart_health_month,delivered
m_000003624,2026-01-30T13:09:14Z,u_004570,sms,weekly_digest,opened
m_000003625,2026-01-30T16:48:47Z,u_001971,push,sleep_challenge,sent
m_000003626,2026-01-29T12:47:49Z,u_001139,sms,new_content_alert,clicked
m_000003627,2026-01-29T12:04:08Z,u_001747,email,sleep_challenge,sent
m_000003628,2026-01-27T14:10:17Z,u_000007,email,heart_health_month,sent
m_000003629,2026-01-31T09:33:33Z,u_004346,push,stress_relief_program,sent
m_000003630,2026-01-29T16:43:41Z,u_000473,push,new_content_alert,clicked
m_000003631,2026-01-27T04:26:02Z,u_001821,sms,weight_loss_series,sent
m_000003632,2026-02-02T00:36:41Z,u_003593,email,stress_relief_program,sent
m_000003633,2026-01-29T13:54:41Z,u_003657,push,weekly_digest,sent
m_000003634,2026-01-29T00:16:16Z,u_003518,email,weekly_digest,sent
m_000003635,2026-01-29T20:16:45Z,u_004342,push,stress_relief_program,delivered
m_000003636,2026-01-27T05:10:38Z,u_003112,sms,heart_health_month,sent
m_000003637,2026-01-31T03:40:47Z,u_003361,email,stress_relief_program,sent
m_000003638,2026-01-26T23:19:40Z,u_000769,push,stress_relief_program,sent
m_000003639,2026-01-27T07:07:07Z,u_004529,push,stress_relief_program,clicked
m_000003640,2026-02-02T05:23:22Z,u_000208,sms,stress_relief_program,sent
m_000003641,2026-01-30T17:10:34Z,u_000974,sms,heart_health_month,clicked
m_000003642,2026-02-01T11:27:11Z,u_002305,sms,sleep_challenge,delivered
m_000003643,2026-01-27T12:04:12Z,u_004238,email,weight_loss_series,sent
m_000003644,2026-01-31T09:13:31Z,u_002677,push,new_content_alert,sent
m_000003645,2026-01-29T10:38:12Z,u_000758,sms,weekly_digest,sent
m_000003646,2026-01-28T10:36:23Z,u_004806,push,stress_relief_program,delivered
m_000003647,2026-01-29T14:40:09Z,u_002229,sms,sleep_challenge,sent
m_000003648,2026-02-02T17:29:10Z,u_002362,email,weight_loss_series,delivered
m_000003649,2026-01-27T05:53:48Z,u_002598,email,weight_loss_series,sent
m_000003650,2026-02-02T19:28:09Z,u_003704,sms,weight_loss_series,delivered
m_000003651,2026-01-31T16:01:24Z,u_001820,email,weight_loss_series,sent
m_000003652,2026-01-30T09:13:33Z,u_000022,email,new_content_alert,sent
m_000003653,2026-01-31T10:09:47Z,u_004275,sms,weight_loss_series,delivered
m_000003654,2026-01-30T06:10:50Z,u_002749,push,heart_health_month,delivered
m_000003655,2026-01-31T06:05:30Z,u_004667,email,weight_loss_series,opened
m_000003656,2026-02-02T11:20:40Z,u_000271,push,weekly_digest,delivered
m_000003657,2026-01-27T04:32:52Z,u_002972,email,weight_loss_series,sent
m_000003658,2026-01-26T23:23:05Z,u_003516,email,sleep_challenge,sent
m_000003659,2026-01-31T22:02:23Z,u_003026,email,new_content_alert,sent
m_000003660,2026-02-02T18:42:02Z,u_003321,email,stress_relief_program,sent
m_000003661,2026-01-29T20:00:13Z,u_003645,push,stress_relief_program,sent
m_000003662,2026-02-02T10:00:56Z,u_003539,email,new_content_alert,sent
m_000003663,2026-02-02T10:07:37Z,u_002528,email,new_content_alert,sent
m_000003664,2026-01-31T07:11:43Z,u_003976,push,sleep_challenge,sent
m_000003665,2026-01-28T05:33:49Z,u_004680,push,sleep_challenge,clicked
m_000003666,2026-01-29T22:30:38Z,u_000129,sms,weight_loss_series,sent
m_000003667,2026-01-30T04:27:06Z,u_004093,sms,weight_loss_series,unsubscribed
m_000003668,2026-01-30T18:25:22Z,u_004066,email,sleep_challenge,sent
m_000003669,2026-01-28T16:08:32Z,u_002090,email,sleep_challenge,sent
m_000003670,2026-02-01T21:00:30Z,u_001710,push,weekly_digest,delivered
m_000003671,2026-01-28T15:37:43Z,u_003171,email,sleep_challenge,sent
m_000003672,2026-01-28T05:38:22Z,u_000027,email,stress_relief_program,sent
m_000003673,2026-01-28T06:51:50Z,u_003547,sms,new_content_alert,opened
m_000003674,2026-02-01T19:27:11Z,u_003819,email,new_content_alert,sent
m_000003675,2026-02-02T18:08:43Z,u_002666,sms,weekly_digest,sent
m_000003676,2026-02-02T06:18:21Z,u_004039,push,weight_loss_series,sent
m_000003677,2026-01-31T09:03:05Z,u_001041,sms,new_content_alert,sent
m_000003678,2026-01-28T20:28:01Z,u_004614,email,weekly_digest,sent
m_000003679,2026-01-28T21:11:40Z,u_003472,sms,sleep_challenge,delivered
m_000003680,2026-01-27T11:05:03Z,u_004942,sms,new_content_alert,sent
m_000003681,2026-02-02T09:37:57Z,u_003513,sms,heart_health_month,sent
m_000003682,2026-01-31T15:17:36Z,u_003867,email,sleep_challenge,delivered
m_000003683,2026-01-30T20:52:59Z,u_002204,push,sleep_challenge,clicked
m_000003684,2026-01-30T13:45:36Z,u_004050,sms,new_content_alert,sent
m_000003685,2026-01-27T12:25:05Z,u_002713,sms,stress_relief_program,clicked
m_000003686,2026-02-02T01:40:14Z,u_004922,sms,new_content_alert,opened
m_000003687,2026-02-01T08:18:42Z,u_004750,sms,stress_relief_program,sent
m_000003688,2026-01-29T03:04:00Z,u_002143,email,heart_health_month,sent
m_000003689,2026-02-01T17:36:07Z,u_004140,push,weight_loss_series,sent
m_000003690,2026-01-27T05:37:17Z,u_000651,push,heart_health_month,opened
m_000003691,2026-02-01T22:39:09Z,u_002209,sms,weight_loss_series,opened
m_000003692,2026-01-27T15:57:06Z,u_004990,sms,stress_relief_program,sent
m_000003693,2026-02-01T09:09:59Z,u_000908,email,stress_relief_program,sent
m_000003694,2026-01-31T15:57:58Z,u_000391,email,stress_relief_program,delivered
m_000003695,2026-02-02T18:42:12Z,u_001330,push,new_content_alert,delivered
m_000003696,2026-01-31T05:33:43Z,u_000885,push,sleep_challenge,opened
m_000003697,2026-01-30T10:37:18Z,u_000781,email,stress_relief_program,sent
m_000003698,2026-01-31T07:46:24Z,u_003880,email,weight_loss_series,delivered
m_000003699,2026-02-02T04:04:54Z,u_002366,email,new_content_alert,sent
m_000003700,2026-01-29T10:54:51Z,u_002634,sms,heart_health_month,delivered
m_000003701,2026-01-29T17:50:20Z,u_001381,sms,weight_loss_series,opened
m_000003702,2026-01-28T00:27:01Z,u_004001,email,stress_relief_program,clicked
m_000003703,2026-01-30T20:37:06Z,u_001510,email,sleep_challenge,delivered
m_000003704,2026-02-01T11:55:55Z,u_000099,push,weight_loss_series,clicked
m_000003705,2026-01-27T07:56:15Z,u_004428,email,weight_loss_series,sent
m_000003706,2026-02-01T10:54:01Z,u_004682,sms,stress_relief_program,delivered
m_000003707,2026-01-29T13:33:48Z,u_003813,push,weekly_digest,sent
m_000003708,2026-01-30T21:36:17Z,u_002492,push,heart_health_month,opened
m_000003709,2026-01-31T09:03:35Z,u_004981,email,heart_health_month,delivered
m_000003710,2026-01-29T05:17:57Z,u_002934,push,weekly_digest,delivered
m_000003711,2026-01-27T23:23:05Z,u_003007,push,weight_loss_series,sent
m_000003712,2026-01-30T00:12:49Z,u_003486,push,stress_relief_program,clicked
m_000003713,2026-01-30T09:24:27Z,u_002389,push,stress_relief_program,opened
m_000003714,2026-02-01T00:02:26Z,u_002364,sms,heart_health_month,sent
m_000003715,2026-01-28T09:19:39Z,u_000921,sms,heart_health_month,sent
m_000003716,2026-01-31T23:09:43Z,u_003196,sms,weight_loss_series,sent
m_000003717,2026-01-27T02:25:45Z,u_004576,push,heart_health_month,opened
m_000003718,2026-01-29T03:45:53Z,u_002435,email,sleep_challenge,opened
m_000003719,2026-01-29T03:44:56Z,u_002515,push,weight_loss_series,sent
m_000003720,2026-01-30T18:46:12Z,u_002892,sms,stress_relief_program,delivered
m_000003721,2026-02-01T00:11:51Z,u_002063,email,stress_relief_program,clicked
m_000003722,2026-02-01T05:06:22Z,u_000767,push,sleep_challenge,opened
m_000003723,2026-01-29T14:46:30Z,u_002958,email,sleep_challenge,sent
m_000003724,2026-01-30T12:20:27Z,u_001646,email,weekly_digest,delivered
m_000003725,2026-01-31T00:35:58Z,u_003502,sms,sleep_challenge,sent
m_000003726,2026-02-01T15:21:34Z,u_004083,push,new_content_alert,delivered
m_000003727,2026-01-31T10:31:09Z,u_001691,email,heart_health_month,sent
m_000003728,2026-02-02T08:23:22Z,u_002678,sms,stress_relief_program,delivered
m_000003729,2026-01-30T13:46:04Z,u_001184,email,new_content_alert,sent
m_000003730,2026-01-28T23:12:05Z,u_003226,push,new_content_alert,delivered
m_000003731,2026-02-01T02:42:23Z,u_004517,push,weight_loss_series,sent
m_000003732,2026-01-30T23:29:00Z,u_000472,email,stress_relief_program,sent
m_000003733,2026-01-30T05:19:24Z,u_001965,push,weight_loss_series,delivered
m_000003734,2026-01-30T03:01:24Z,u_004820,sms,weight_loss_series,sent
m_000003735,2026-02-01T13:43:26Z,u_004031,email,heart_health_month,delivered
m_000003736,2026-01-31T09:07:41Z,u_004848,email,heart_health_month,opened
m_000003737,2026-02-01T02:38:09Z,u_001815,push,stress_relief_program,sent
m_000003738,2026-01-28T07:57:43Z,u_001698,sms,weekly_digest,opened
m_000003739,2026-01-28T19:13:52Z,u_000991,push,weekly_digest,sent
m_000003740,2026-01-30T07:54:09Z,u_002187,sms,new_content_alert,sent
m_000003741,2026-01-29T17:18:38Z,u_004954,push,heart_health_month,sent
m_000003742,2026-01-31T07:38:47Z,u_003570,email,weekly_digest,sent
m_000003743,2026-02-01T11:25:56Z,u_002781,sms,new_content_alert,clicked
m_000003744,2026-01-27T18:46:28Z,u_004763,push,stress_relief_program,sent
m_000003745,2026-02-02T14:22:56Z,u_002159,push,heart_health_month,opened
m_000003746,2026-01-28T02:40:30Z,u_003461,email,weight_loss_series,delivered
m_000003747,2026-01-29T19:41:31Z,u_002581,push,weight_loss_series,sent
m_000003748,2026-01-29T15:37:40Z,u_000180,sms,weight_loss_series,sent
m_000003749,2026-01-29T20:12:17Z,u_004175,sms,stress_relief_program,sent
m_000003750,2026-02-02T12:37:36Z,u_004585,sms,new_content_alert,sent
m_000003751,2026-01-30T07:02:58Z,u_000564,sms,sleep_challenge,sent
m_000003752,2026-02-01T02:48:11Z,u_004948,push,heart_health_month,sent
m_000003753,2026-01-27T19:49:06Z,u_000478,sms,weekly_digest,sent
m_000003754,2026-01-27T14:13:52Z,u_000949,push,new_content_alert,sent
m_000003755,2026-01-27T09:50:16Z,u_000487,email,new_content_alert,sent
m_000003756,2026-01-28T01:36:08Z,u_000552,sms,sleep_challenge,sent
m_000003757,2026-02-02T02:25:55Z,u_000762,sms,weekly_digest,clicked
m_000003758,2026-02-01T10:08:25Z,u_000707,email,heart_health_month,sent
m_000003759,2026-02-02T17:55:20Z,u_000690,push,new_content_alert,sent
m_000003760,2026-01-31T21:15:58Z,u_003855,email,weight_loss_series,sent
m_000003761,2026-01-28T17:21:53Z,u_003256,sms,sleep_challenge,sent
m_000003762,2026-01-31T13:51:01Z,u_003902,push,weight_loss_series,delivered
m_000003763,2026-02-01T03:42:42Z,u_004317,sms,new_content_alert,sent
m_000003764,2026-01-27T16:56:27Z,u_003750,sms,weekly_digest,sent
m_000003765,2026-01-31T06:52:19Z,u_002267,sms,stress_relief_program,sent
m_000003766,2026-02-02T19:06:13Z,u_001797,push,stress_relief_program,sent
m_000003767,2026-01-29T08:02:29Z,u_004600,sms,stress_relief_program,delivered
m_000003768,2026-02-02T03:44:11Z,u_003285,sms,weekly_digest,delivered
m_000003769,2026-01-26T23:17:57Z,u_000832,push,sleep_challenge,sent
m_000003770,2026-01-27T01:57:59Z,u_002282,sms,sleep_challenge,sent
m_000003771,2026-01-27T23:54:55Z,u_000958,sms,weight_loss_series,sent
m_000003772,2026-01-31T07:04:28Z,u_002209,push,new_content_alert,unsubscribed
m_000003773,2026-01-31T08:40:15Z,u_001992,sms,weekly_digest,sent
m_000003774,2026-01-30T07:55:30Z,u_000648,push,new_content_alert,sent
m_000003775,2026-02-01T19:33:54Z,u_001973,email,stress_relief_program,sent
m_000003776,2026-01-27T20:48:03Z,u_002611,email,weight_loss_series,sent
m_000003777,2026-02-02T05:37:10Z,u_001848,sms,new_content_alert,clicked
m_000003778,2026-01-27T08:53:16Z,u_004517,push,sleep_challenge,sent
m_000003779,2026-02-01T12:09:33Z,u_001510,email,stress_relief_program,sent
m_000003780,2026-01-27T09:28:40Z,u_003537,push,heart_health_month,opened
m_000003781,2026-01-29T17:52:54Z,u_002740,push,sleep_challenge,sent
m_000003782,2026-01-31T06:53:07Z,u_003876,sms,heart_health_month,sent
m_000003783,2026-02-01T18:44:36Z,u_001267,email,weekly_digest,opened
m_000003784,2026-01-30T00:15:28Z,u_000262,email,heart_health_month,sent
m_000003785,2026-01-27T08:27:10Z,u_000458,push,weight_loss_series,sent
m_000003786,2026-01-31T17:31:54Z,u_000964,sms,weekly_digest,sent
m_000003787,2026-02-02T19:02:16Z,u_004817,push,stress_relief_program,sent
m_000003788,2026-01-28T22:19:39Z,u_002159,email,stress_relief_program,sent
m_000003789,2026-01-26T20:48:14Z,u_001975,sms,new_content_alert,delivered
m_000003790,2026-01-30T06:55:41Z,u_002050,email,weight_loss_series,sent
m_000003791,2026-01-30T14:06:50Z,u_002158,email,weight_loss_series,sent
m_000003792,2026-01-28T11:57:47Z,u_001756,email,sleep_challenge,opened
m_000003793,2026-01-31T10:39:52Z,u_001353,email,sleep_challenge,sent
m_000003794,2026-01-27T01:20:47Z,u_000175,email,sleep_challenge,sent
m_000003795,2026-02-01T00:54:05Z,u_000817,push,heart_health_month,clicked
m_000003796,2026-01-27T08:26:00Z,u_001763,push,sleep_challenge,delivered
m_000003797,2026-02-01T21:01:13Z,u_004693,push,new_content_alert,sent
m_000003798,2026-01-29T00:53:38Z,u_000457,email,new_content_alert,sent
m_000003799,2026-01-30T19:50:32Z,u_002361,sms,stress_relief_program,sent
m_000003800,2026-01-28T16:56:43Z,u_002298,push,sleep_challenge,sent
m_000003801,2026-01-30T15:53:31Z,u_001911,push,heart_health_month,clicked
m_000003802,2026-01-30T03:11:23Z,u_002167,push,sleep_challenge,clicked
m_000003803,2026-02-01T02:18:23Z,u_004748,email,heart_health_month,opened
m_000003804,2026-01-31T09:11:13Z,u_000539,push,weight_loss_series,sent
m_000003805,2026-01-31T17:21:29Z,u_000903,email,sleep_challenge,sent
m_000003806,2026-01-29T16:37:23Z,u_002868,push,sleep_challenge,sent
m_000003807,2026-01-29T22:21:25Z,u_001474,sms,stress_relief_program,delivered
m_000003808,2026-01-30T12:24:40Z,u_000979,sms,heart_health_month,opened
m_000003809,2026-01-27T00:18:50Z,u_001468,email,sleep_challenge,delivered
m_000003810,2026-01-27T03:01:30Z,u_003644,sms,weekly_digest,sent
m_000003811,2026-01-31T12:57:35Z,u_002902,sms,weekly_digest,delivered
m_000003812,2026-01-27T05:05:59Z,u_003037,email,stress_relief_program,sent
m_000003813,2026-01-29T11:22:58Z,u_001690,email,stress_relief_program,sent
m_000003814,2026-01-29T09:43:55Z,u_004420,email,sleep_challenge,opened
m_000003815,2026-01-28T11:04:28Z,u_002517,sms,new_content_alert,sent
m_000003816,2026-02-02T13:52:24Z,u_001170,email,new_content_alert,sent
m_000003817,2026-01-27T20:19:37Z,u_003046,push,weekly_digest,delivered
m_000003818,2026-01-27T05:15:45Z,u_002370,push,sleep_challenge,sent
m_000003819,2026-01-31T10:49:38Z,u_000903,email,weight_loss_series,opened
m_000003820,2026-02-02T12:06:37Z,u_001440,sms,heart_health_month,delivered
m_000003821,2026-01-31T01:50:59Z,u_000232,push,weight_loss_series,sent
m_000003822,2026-02-01T07:34:39Z,u_001764,push,sleep_challenge,delivered
m_000003823,2026-01-31T07:45:21Z,u_001798,email,weight_loss_series,sent
m_000003824,2026-01-29T12:44:11Z,u_004922,push,sleep_challenge,opened
m_000003825,2026-02-02T07:25:22Z,u_000340,sms,weight_loss_series,delivered
m_000003826,2026-02-02T14:34:52Z,u_000372,sms,weekly_digest,opened
m_000003827,2026-01-27T23:11:43Z,u_003767,push,new_content_alert,clicked
m_000003828,2026-01-28T06:07:48Z,u_001117,sms,sleep_challenge,delivered
m_000003829,2026-02-01T04:25:42Z,u_003903,push,weight_loss_series,sent
m_000003830,2026-01-28T16:55:24Z,u_004886,email,new_content_alert,delivered
m_000003831,2026-02-02T08:38:52Z,u_002420,sms,heart_health_month,sent
m_000003832,2026-02-01T15:30:46Z,u_003096,sms,sleep_challenge,sent
m_000003833,2026-01-30T17:00:03Z,u_003585,email,new_content_alert,opened
m_000003834,2026-01-30T03:07:31Z,u_003691,email,weight_loss_series,opened
m_000003835,2026-02-01T07:18:56Z,u_004654,push,new_content_alert,sent
m_000003836,2026-01-30T21:33:55Z,u_004676,push,weight_loss_series,sent
m_000003837,2026-01-31T12:33:23Z,u_001750,sms,weekly_digest,sent
m_000003838,2026-02-01T12:25:31Z,u_001545,email,new_content_alert,sent
m_000003839,2026-02-02T18:40:36Z,u_003223,sms,heart_health_month,sent
m_000003840,2026-01-28T00:10:05Z,u_002279,email,sleep_challenge,opened
m_000003841,2026-02-02T16:14:42Z,u_004415,push,heart_health_month,delivered
m_000003842,2026-02-01T02:47:14Z,u_003961,push,new_content_alert,clicked
m_000003843,2026-01-28T15:41:27Z,u_000417,push,heart_health_month,delivered
m_000003844,2026-01-30T23:51:39Z,u_000798,sms,heart_health_month,sent
m_000003845,2026-01-28T16:53:42Z,u_001965,sms,weight_loss_series,clicked
m_000003846,2026-01-31T06:39:50Z,u_004332,sms,weekly_digest,sent
m_000003847,2026-01-28T12:30:24Z,u_001938,email,weight_loss_series,opened
m_000003848,2026-01-31T15:31:04Z,u_000707,sms,sleep_challenge,sent
m_000003849,2026-01-28T19:56:18Z,u_001451,push,weekly_digest,sent
m_000003850,2026-01-28T00:33:17Z,u_003254,sms,new_content_alert,opened
m_000003851,2026-01-31T23:18:41Z,u_004452,push,weight_loss_series,sent
m_000003852,2026-01-29T16:31:40Z,u_000679,email,new_content_alert,opened
m_000003853,2026-02-02T10:55:05Z,u_000016,sms,new_content_alert,sent
m_000003854,2026-01-28T17:04:04Z,u_001303,push,stress_relief_program,sent
m_000003855,2026-01-28T16:33:04Z,u_001871,push,new_content_alert,delivered
m_000003856,2026-01-28T09:37:35Z,u_000405,push,weekly_digest,sent
m_000003857,2026-01-31T02:53:16Z,u_002649,sms,sleep_challenge,sent
m_000003858,2026-02-02T13:21:02Z,u_001470,sms,weight_loss_series,sent
m_000003859,2026-02-01T20:51:09Z,u_004672,sms,weekly_digest,sent
m_000003860,2026-01-30T06:53:48Z,u_003769,push,new_content_alert,delivered
m_000003861,2026-01-30T09:04:28Z,u_001644,push,new_content_alert,sent
m_000003862,2026-01-30T11:37:15Z,u_003576,sms,weight_loss_series,sent
m_000003863,2026-01-31T09:20:19Z,u_003997,push,weight_loss_series,sent
m_000003864,2026-01-31T05:30:24Z,u_000063,email,heart_health_month,clicked
m_000003865,2026-01-31T18:01:50Z,u_000152,push,weekly_digest,sent
m_000003866,2026-02-01T01:44:35Z,u_000762,sms,weekly_digest,delivered
m_000003867,2026-01-27T14:50:57Z,u_003498,email,weight_loss_series,delivered
m_000003868,2026-01-28T06:35:25Z,u_002535,sms,new_content_alert,clicked
m_000003869,2026-01-28T22:33:16Z,u_002274,email,new_content_alert,delivered
m_000003870,2026-01-31T19:28:33Z,u_000785,sms,weight_loss_series,sent
m_000003871,2026-01-27T17:25:24Z,u_002767,sms,stress_relief_program,sent
m_000003872,2026-01-27T03:46:49Z,u_002938,push,sleep_challenge,sent
m_000003873,2026-02-01T23:51:37Z,u_003833,email,weight_loss_series,delivered
m_000003874,2026-01-27T01:40:06Z,u_003661,push,heart_health_month,sent
m_000003875,2026-01-31T07:23:11Z,u_002839,push,new_content_alert,sent
m_000003876,2026-01-30T17:07:41Z,u_001368,email,weight_loss_series,delivered
m_000003877,2026-01-30T03:14:29Z,u_002438,sms,weight_loss_series,sent
m_000003878,2026-01-28T05:12:32Z,u_004033,push,new_content_alert,sent
m_000003879,2026-01-30T19:42:36Z,u_000068,push,weight_loss_series,sent
m_000003880,2026-01-30T04:30:17Z,u_002795,email,heart_health_month,sent
m_000003881,2026-01-29T02:01:31Z,u_003805,sms,new_content_alert,sent
m_000003882,2026-01-30T18:34:23Z,u_002445,sms,stress_relief_program,sent
m_000003883,2026-01-28T13:51:26Z,u_001598,email,heart_health_month,sent
m_000003884,2026-01-27T01:40:19Z,u_003164,push,weekly_digest,sent
m_000003885,2026-01-30T06:41:40Z,u_000187,push,new_content_alert,sent
m_000003886,2026-02-02T17:08:27Z,u_001720,email,weight_loss_series,sent
m_000003887,2026-01-27T15:46:17Z,u_004864,sms,sleep_challenge,sent
m_000003888,2026-01-30T12:56:21Z,u_000538,sms,stress_relief_program,sent
m_000003889,2026-01-28T13:51:03Z,u_003752,sms,weekly_digest,sent
m_000003890,2026-01-29T00:19:45Z,u_000123,sms,new_content_alert,sent
m_000003891,2026-01-31T20:17:18Z,u_001220,push,stress_relief_program,sent
m_000003892,2026-01-31T23:20:00Z,u_002482,email,weight_loss_series,sent
m_000003893,2026-01-29T12:54:58Z,u_003845,sms,sleep_challenge,sent
m_000003894,2026-01-27T14:33:31Z,u_002250,push,stress_relief_program,delivered
m_000003895,2026-02-02T13:52:32Z,u_002383,push,stress_relief_program,delivered
m_000003896,2026-01-29T20:21:14Z,u_000256,sms,sleep_challenge,delivered
m_000003897,2026-01-31T16:00:14Z,u_004856,sms,stress_relief_program,sent
m_000003898,2026-01-28T07:28:02Z,u_001020,email,sleep_challenge,sent
m_000003899,2026-01-31T16:58:36Z,u_003842,email,heart_health_month,sent
m_000003900,2026-01-29T14:10:53Z,u_003877,sms,weekly_digest,sent
m_000003901,2026-02-01T20:13:23Z,u_001643,sms,weight_loss_series,sent
m_000003902,2026-01-30T04:57:57Z,u_000666,email,heart_health_month,sent
m_000003903,2026-01-28T08:20:51Z,u_001938,sms,weekly_digest,delivered
m_000003904,2026-02-01T01:08:51Z,u_003794,sms,new_content_alert,sent
m_000003905,2026-02-01T09:49:34Z,u_001847,sms,weekly_digest,delivered
m_000003906,2026-02-01T13:32:51Z,u_004621,email,weekly_digest,sent
m_000003907,2026-01-31T18:26:57Z,u_004681,email,new_content_alert,sent
m_000003908,2026-01-28T22:57:01Z,u_000596,email,weekly_digest,sent
m_000003909,2026-01-26T21:20:45Z,u_000804,email,stress_relief_program,delivered
m_000003910,2026-01-27T23:57:07Z,u_002687,push,weight_loss_series,sent
m_000003911,2026-02-02T01:31:36Z,u_003284,email,weekly_digest,opened
m_000003912,2026-02-02T18:32:29Z,u_003029,sms,heart_health_month,sent
m_000003913,2026-01-29T22:49:12Z,u_004778,sms,sleep_challenge,sent
m_000003914,2026-01-30T07:52:14Z,u_001261,push,heart_health_month,sent
m_000003915,2026-01-27T18:50:56Z,u_001174,email,weight_loss_series,sent
m_000003916,2026-02-01T07:46:55Z,u_004539,push,weekly_digest,sent
m_000003917,2026-01-30T23:25:53Z,u_002934,email,sleep_challenge,sent
m_000003918,2026-01-27T22:17:47Z,u_000519,sms,new_content_alert,delivered
m_000003919,2026-01-29T21:19:43Z,u_001828,sms,new_content_alert,sent
m_000003920,2026-02-01T04:47:41Z,u_003097,sms,weight_loss_series,delivered
m_000003921,2026-01-28T21:01:13Z,u_003623,sms,sleep_challenge,sent
m_000003922,2026-02-01T12:53:26Z,u_002503,sms,weekly_digest,sent
m_000003923,2026-01-31T08:28:54Z,u_004790,push,heart_health_month,sent
m_000003924,2026-01-30T02:00:15Z,u_002363,push,stress_relief_program,sent
m_000003925,2026-02-02T10:30:15Z,u_000009,email,weekly_digest,sent
m_000003926,2026-02-01T18:37:49Z,u_004164,push,stress_relief_program,clicked
m_000003927,2026-01-30T05:46:59Z,u_000651,sms,weekly_digest,delivered
m_000003928,2026-01-29T00:49:11Z,u_003767,sms,new_content_alert,sent
m_000003929,2026-01-29T21:11:22Z,u_001069,sms,sleep_challenge,sent
m_000003930,2026-01-29T09:39:50Z,u_003379,sms,new_content_alert,sent
m_000003931,2026-01-28T02:38:16Z,u_000279,email,heart_health_month,opened
m_000003932,2026-01-28T16:57:46Z,u_002344,push,heart_health_month,sent
m_000003933,2026-01-31T21:19:44Z,u_000863,sms,weight_loss_series,sent
m_000003934,2026-02-02T03:25:44Z,u_004695,push,sleep_challenge,sent
m_000003935,2026-01-28T07:25:54Z,u_000780,sms,heart_health_month,sent
m_000003936,2026-02-01T21:25:29Z,u_003104,sms,stress_relief_program,opened
m_000003937,2026-02-02T14:18:35Z,u_001856,sms,heart_health_month,sent
m_000003938,2026-01-28T09:27:06Z,u_001812,sms,sleep_challenge,sent
m_000003939,2026-01-27T12:26:23Z,u_003056,email,stress_relief_program,sent
m_000003940,2026-01-30T11:44:52Z,u_001950,sms,weekly_digest,delivered
m_000003941,2026-02-02T04:41:25Z,u_002804,email,new_content_alert,sent
m_000003942,2026-02-02T18:26:59Z,u_001717,sms,heart_health_month,sent
m_000003943,2026-01-29T06:16:02Z,u_004829,email,new_content_alert,opened
m_000003944,2026-01-27T17:07:04Z,u_002658,push,sleep_challenge,sent
m_000003945,2026-01-31T21:54:16Z,u_003814,push,stress_relief_program,delivered
m_000003946,2026-01-29T06:26:15Z,u_002357,email,stress_relief_program,clicked
m_000003947,2026-01-29T18:02:38Z,u_001325,sms,weight_loss_series,sent
m_000003948,2026-01-27T23:22:47Z,u_004940,email,stress_relief_program,sent
m_000003949,2026-01-28T14:43:39Z,u_001979,sms,heart_health_month,sent
m_000003950,2026-01-29T01:35:19Z,u_004143,sms,stress_relief_program,sent
m_000003951,2026-01-30T21:28:31Z,u_002594,sms,new_content_alert,delivered
m_000003952,2026-02-01T21:32:42Z,u_004083,email,new_content_alert,sent
m_000003953,2026-01-27T07:50:53Z,u_001965,sms,weekly_digest,sent
m_000003954,2026-02-02T06:57:58Z,u_004093,sms,heart_health_month,sent
m_000003955,2026-01-29T22:15:42Z,u_003098,sms,weekly_digest,sent
m_000003956,2026-01-28T05:58:21Z,u_004086,email,weekly_digest,sent
m_000003957,2026-01-29T12:34:02Z,u_000259,sms,stress_relief_program,sent
m_000003958,2026-01-29T17:14:40Z,u_003784,sms,heart_health_month,sent
m_000003959,2026-01-31T17:32:02Z,u_001909,sms,new_content_alert,sent
m_000003960,2026-01-27T02:35:28Z,u_001262,email,sleep_challenge,opened
m_000003961,2026-01-30T02:29:49Z,u_000297,email,heart_health_month,sent
m_000003962,2026-02-02T06:51:16Z,u_001445,push,stress_relief_program,delivered
m_000003963,2026-01-27T17:45:53Z,u_001509,sms,new_content_alert,sent
m_000003964,2026-02-02T14:09:14Z,u_003824,sms,new_content_alert,sent
m_000003965,2026-02-02T02:53:46Z,u_000281,sms,sleep_challenge,sent
m_000003966,2026-01-28T22:00:47Z,u_004965,email,sleep_challenge,sent
m_000003967,2026-02-01T09:45:43Z,u_003761,push,heart_health_month,sent
m_000003968,2026-01-27T19:34:15Z,u_000318,sms,heart_health_month,opened
m_000003969,2026-01-31T07:59:02Z,u_000544,push,weight_loss_series,sent
m_000003970,2026-01-27T18:39:54Z,u_001978,push,new_content_alert,opened
m_000003971,2026-01-31T17:36:20Z,u_004053,email,weight_loss_series,sent
m_000003972,2026-01-28T11:35:50Z,u_004874,push,weight_loss_series,sent
m_000003973,2026-01-30T09:01:48Z,u_003195,email,weekly_digest,opened
m_000003974,2026-01-27T16:23:34Z,u_000887,sms,weekly_digest,sent
m_000003975,2026-01-30T19:28:02Z,u_002488,email,sleep_challenge,sent
m_000003976,2026-01-29T11:08:40Z,u_003916,email,sleep_challenge,sent
m_000003977,2026-01-28T00:20:21Z,u_004267,email,weight_loss_series,opened
m_000003978,2026-01-30T08:27:40Z,u_004349,push,stress_relief_program,clicked
m_000003979,2026-01-28T21:04:14Z,u_001744,push,weight_loss_series,delivered
m_000003980,2026-02-02T18:26:34Z,u_001037,email,weight_loss_series,sent
m_000003981,2026-01-31T05:09:10Z,u_003989,push,sleep_challenge,sent
m_000003982,2026-02-02T02:16:12Z,u_002448,email,new_content_alert,sent
m_000003983,2026-02-01T00:21:10Z,u_003251,push,sleep_challenge,sent
m_000003984,2026-01-31T07:35:30Z,u_001648,push,weight_loss_series,sent
m_000003985,2026-01-27T11:57:29Z,u_001978,push,sleep_challenge,delivered
m_000003986,2026-01-27T23:12:38Z,u_002654,sms,new_content_alert,sent
m_000003987,2026-01-29T21:35:07Z,u_004537,push,sleep_challenge,sent
m_000003988,2026-01-28T06:37:38Z,u_004275,push,sleep_challenge,delivered
m_000003989,2026-01-31T11:30:04Z,u_003544,push,heart_health_month,sent
m_000003990,2026-02-01T01:49:46Z,u_002284,email,stress_relief_program,sent
m_000003991,2026-01-28T05:51:51Z,u_003113,sms,sleep_challenge,sent
m_000003992,2026-01-27T00:28:11Z,u_002363,sms,stress_relief_program,opened
m_000003993,2026-01-30T06:11:26Z,u_002054,push,heart_health_month,delivered
m_000003994,2026-01-31T15:21:27Z,u_003527,sms,weekly_digest,sent
m_000003995,2026-01-31T10:36:06Z,u_001564,email,weight_loss_series,sent
m_000003996,2026-01-30T15:12:08Z,u_002742,sms,new_content_alert,sent
m_000003997,2026-01-31T03:07:55Z,u_000640,email,weekly_digest,sent
m_000003998,2026-01-27T23:40:56Z,u_004314,push,heart_health_month,delivered
m_000003999,2026-02-01T00:51:36Z,u_001635,sms,heart_health_month,sent
m_000004000,2026-01-29T08:30:37Z,u_001779,sms,heart_health_month,sent
m_000004001,2026-02-01T18:45:05Z,u_001772,push,stress_relief_program,sent
m_000004002,2026-01-31T23:57:07Z,u_002815,push,heart_health_month,delivered
m_000004003,2026-01-31T09:11:56Z,u_003594,sms,weight_loss_series,sent
m_000004004,2026-01-27T19:32:29Z,u_002254,sms,sleep_challenge,sent
m_000004005,2026-01-28T10:51:38Z,u_002208,push,weekly_digest,sent
m_000004006,2026-01-31T03:44:57Z,u_001357,sms,weight_loss_series,sent
m_000004007,2026-01-27T05:01:53Z,u_004649,push,new_content_alert,sent
m_000004008,2026-02-02T11:34:03Z,u_003331,push,new_content_alert,delivered
m_000004009,2026-01-29T00:05:47Z,u_004174,push,heart_health_month,delivered
m_000004010,2026-01-28T08:04:53Z,u_002094,email,new_content_alert,sent
m_000004011,2026-01-27T02:11:59Z,u_003373,email,weekly_digest,sent
m_000004012,2026-01-29T01:07:38Z,u_000713,push,weekly_digest,sent
m_000004013,2026-01-27T07:57:35Z,u_002178,sms,stress_relief_program,sent
m_000004014,2026-01-30T08:19:52Z,u_004036,email,stress_relief_program,clicked
m_000004015,2026-01-31T02:29:55Z,u_001017,sms,weekly_digest,sent
m_000004016,2026-01-31T22:01:20Z,u_001418,push,heart_health_month,clicked
m_000004017,2026-01-30T01:14:44Z,u_004099,email,stress_relief_program,delivered
m_000004018,2026-02-02T10:47:12Z,u_003529,email,weekly_digest,opened
m_000004019,2026-01-29T12:58:36Z,u_004721,push,weight_loss_series,delivered
m_000004020,2026-01-31T17:00:06Z,u_004514,sms,sleep_challenge,clicked
m_000004021,2026-01-27T09:35:08Z,u_002005,push,heart_health_month,sent
m_000004022,2026-01-29T19:47:19Z,u_004694,email,weekly_digest,delivered
m_000004023,2026-02-01T11:25:23Z,u_001948,push,heart_health_month,sent
m_000004024,2026-01-30T22:29:50Z,u_004553,push,weight_loss_series,sent
m_000004025,2026-01-27T02:49:35Z,u_002448,sms,weekly_digest,sent
m_000004026,2026-02-01T22:47:11Z,u_000342,sms,heart_health_month,sent
m_000004027,2026-01-27T00:54:16Z,u_000636,sms,weekly_digest,sent
m_000004028,2026-01-27T14:58:07Z,u_002474,email,sleep_challenge,opened
m_000004029,2026-01-29T05:45:24Z,u_000523,email,weight_loss_series,delivered
m_000004030,2026-01-30T07:23:06Z,u_001297,sms,new_content_alert,delivered
m_000004031,2026-01-31T14:44:31Z,u_001414,email,weekly_digest,sent
m_000004032,2026-01-31T17:38:32Z,u_002661,sms,stress_relief_program,sent
m_000004033,2026-02-01T04:15:58Z,u_002529,email,sleep_challenge,sent
m_000004034,2026-02-01T04:40:46Z,u_003736,email,heart_health_month,sent
m_000004035,2026-01-28T07:42:12Z,u_001444,sms,sleep_challenge,delivered
m_000004036,2026-01-31T16:08:03Z,u_001762,email,weekly_digest,delivered
m_000004037,2026-02-02T12:31:39Z,u_000017,email,sleep_challenge,sent
m_000004038,2026-02-01T11:03:11Z,u_004283,email,weekly_digest,sent
m_000004039,2026-01-30T07:01:23Z,u_004005,sms,new_content_alert,sent
m_000004040,2026-01-28T18:42:48Z,u_001750,email,weekly_digest,delivered
m_000004041,2026-01-28T18:07:50Z,u_003547,push,new_content_alert,sent
m_000004042,2026-01-31T19:06:46Z,u_001860,email,heart_health_month,sent
m_000004043,2026-01-28T04:16:01Z,u_003825,sms,stress_relief_program,sent
m_000004044,2026-01-27T21:25:09Z,u_003525,sms,weekly_digest,sent
m_000004045,2026-01-27T18:43:09Z,u_002627,sms,stress_relief_program,sent
m_000004046,2026-02-01T06:03:04Z,u_001975,email,heart_health_month,sent
m_000004047,2026-01-31T11:17:55Z,u_001453,sms,heart_health_month,delivered
m_000004048,2026-01-27T04:27:22Z,u_003354,email,sleep_challenge,sent
m_000004049,2026-02-02T16:57:23Z,u_001248,push,stress_relief_program,unsubscribed
m_000004050,2026-01-29T10:02:22Z,u_001917,sms,stress_relief_program,delivered
m_000004051,2026-02-01T03:03:54Z,u_000807,push,sleep_challenge,clicked
m_000004052,2026-02-01T15:17:19Z,u_004520,sms,heart_health_month,sent
m_000004053,2026-01-30T10:34:56Z,u_002235,email,weekly_digest,sent
m_000004054,2026-01-30T23:55:08Z,u_004462,push,weight_loss_series,delivered
m_000004055,2026-01-27T12:56:15Z,u_000410,push,stress_relief_program,sent
m_000004056,2026-02-02T12:38:18Z,u_001137,sms,weight_loss_series,sent
m_000004057,2026-02-01T21:09:35Z,u_002116,email,stress_relief_program,delivered
m_000004058,2026-02-01T19:08:18Z,u_000944,push,sleep_challenge,sent
m_000004059,2026-01-29T19:28:41Z,u_000119,email,new_content_alert,sent
m_000004060,2026-02-02T13:10:31Z,u_002761,sms,sleep_challenge,sent
m_000004061,2026-01-27T20:30:27Z,u_001738,email,sleep_challenge,delivered
m_000004062,2026-02-01T12:47:10Z,u_002437,push,stress_relief_program,sent
m_000004063,2026-02-01T18:14:21Z,u_004759,push,heart_health_month,delivered
m_000004064,2026-02-01T10:44:40Z,u_004961,push,new_content_alert,opened
m_000004065,2026-02-02T12:02:18Z,u_003953,push,weekly_digest,sent
m_000004066,2026-01-27T19:54:25Z,u_003931,sms,heart_health_month,sent
m_000004067,2026-01-28T21:08:04Z,u_000978,email,weekly_digest,sent
m_000004068,2026-01-28T18:48:46Z,u_001391,push,weekly_digest,sent
m_000004069,2026-02-02T14:29:18Z,u_003422,sms,new_content_alert,delivered
m_000004070,2026-01-31T02:08:47Z,u_002859,sms,heart_health_month,sent
m_000004071,2026-01-29T13:35:03Z,u_000498,email,weekly_digest,sent
m_000004072,2026-02-01T13:48:19Z,u_000298,email,heart_health_month,sent
m_000004073,2026-01-30T00:45:01Z,u_002905,email,weekly_digest,sent
m_000004074,2026-01-30T15:40:28Z,u_002691,push,weekly_digest,sent
m_000004075,2026-01-30T01:18:09Z,u_000993,push,stress_relief_program,opened
m_000004076,2026-01-30T17:23:57Z,u_001529,push,sleep_challenge,sent
m_000004077,2026-02-01T19:07:39Z,u_001879,push,sleep_challenge,sent
m_000004078,2026-01-29T23:41:37Z,u_002817,sms,heart_health_month,sent
m_000004079,2026-01-29T04:18:19Z,u_003277,sms,weekly_digest,opened
m_000004080,2026-01-27T00:46:49Z,u_002185,email,weekly_digest,sent
m_000004081,2026-01-30T04:53:41Z,u_000722,email,weight_loss_series,opened
m_000004082,2026-01-27T02:36:44Z,u_000434,push,weight_loss_series,delivered
m_000004083,2026-01-27T00:00:40Z,u_000806,email,heart_health_month,sent
m_000004084,2026-02-01T16:38:49Z,u_002365,email,weekly_digest,sent
m_000004085,2026-01-31T00:49:14Z,u_003010,sms,stress_relief_program,sent
m_000004086,2026-01-29T23:40:58Z,u_003273,push,weekly_digest,sent
m_000004087,2026-02-02T06:26:56Z,u_003918,sms,new_content_alert,sent
m_000004088,2026-02-01T18:23:22Z,u_004507,email,sleep_challenge,sent
m_000004089,2026-02-02T19:07:27Z,u_003304,push,stress_relief_program,sent
m_000004090,2026-02-01T07:03:46Z,u_001252,push,weekly_digest,sent
m_000004091,2026-01-28T02:09:54Z,u_004293,push,weekly_digest,sent
m_000004092,2026-01-27T08:11:00Z,u_000917,sms,heart_health_month,delivered
m_000004093,2026-01-31T03:33:11Z,u_001080,email,weekly_digest,sent
m_000004094,2026-01-28T23:40:08Z,u_002250,sms,weekly_digest,unsubscribed
m_000004095,2026-01-30T02:13:47Z,u_002802,push,weight_loss_series,sent
m_000004096,2026-01-31T00:47:48Z,u_001725,sms,sleep_challenge,delivered
m_000004097,2026-01-28T00:03:37Z,u_001775,email,stress_relief_program,delivered
m_000004098,2026-02-01T15:02:32Z,u_001231,email,new_content_alert,clicked
m_000004099,2026-01-30T23:33:00Z,u_003240,push,heart_health_month,sent
m_000004100,2026-01-27T10:55:52Z,u_002218,sms,new_content_alert,sent
m_000004101,2026-02-01T22:36:46Z,u_002332,push,weekly_digest,sent
m_000004102,2026-02-01T00:42:18Z,u_001728,email,weekly_digest,sent
m_000004103,2026-02-02T05:39:27Z,u_001510,email,weekly_digest,clicked
m_000004104,2026-01-28T17:02:39Z,u_003459,sms,heart_health_month,delivered
m_000004105,2026-02-01T00:29:11Z,u_000547,email,weekly_digest,sent
m_000004106,2026-01-28T15:04:22Z,u_000148,push,stress_relief_program,sent
m_000004107,2026-01-31T02:23:38Z,u_004906,email,sleep_challenge,sent
m_000004108,2026-01-31T20:15:24Z,u_004865,email,sleep_challenge,sent
m_000004109,2026-01-30T00:12:05Z,u_001914,sms,weight_loss_series,clicked
m_000004110,2026-01-30T17:23:52Z,u_004108,sms,weight_loss_series,delivered
m_000004111,2026-01-28T13:12:16Z,u_003477,push,heart_health_month,sent
m_000004112,2026-02-02T16:05:19Z,u_003767,email,new_content_alert,opened
m_000004113,2026-01-27T10:48:33Z,u_000336,sms,new_content_alert,delivered
m_000004114,2026-01-28T14:02:42Z,u_000391,email,stress_relief_program,clicked
m_000004115,2026-01-27T23:46:07Z,u_001708,push,new_content_alert,opened
m_000004116,2026-01-30T01:13:40Z,u_001535,email,weight_loss_series,sent
m_000004117,2026-01-29T22:58:18Z,u_002402,push,new_content_alert,sent
m_000004118,2026-01-31T13:47:12Z,u_002019,sms,sleep_challenge,sent
m_000004119,2026-01-30T12:59:21Z,u_003311,email,new_content_alert,sent
m_000004120,2026-01-26T21:27:09Z,u_002179,email,heart_health_month,sent
m_000004121,2026-01-27T04:43:35Z,u_004782,sms,sleep_challenge,delivered
m_000004122,2026-01-30T04:57:46Z,u_000559,sms,weekly_digest,sent
m_000004123,2026-01-29T10:44:09Z,u_003889,email,weight_loss_series,sent
m_000004124,2026-02-02T16:08:39Z,u_002811,push,stress_relief_program,sent
m_000004125,2026-01-27T10:59:57Z,u_004907,push,stress_relief_program,sent
m_000004126,2026-01-30T02:27:08Z,u_001432,email,sleep_challenge,sent
m_000004127,2026-01-29T20:45:54Z,u_001135,email,heart_health_month,sent
m_000004128,2026-01-31T19:44:36Z,u_004018,push,heart_health_month,delivered
m_000004129,2026-02-01T09:48:19Z,u_003787,sms,new_content_alert,sent
m_000004130,2026-01-27T14:58:16Z,u_001486,sms,stress_relief_program,sent
m_000004131,2026-02-02T10:52:34Z,u_000464,sms,heart_health_month,sent
m_000004132,2026-01-28T17:35:44Z,u_002972,sms,heart_health_month,sent
m_000004133,2026-01-26T22:56:08Z,u_004003,email,stress_relief_program,sent
m_000004134,2026-02-02T17:35:31Z,u_002524,email,weekly_digest,delivered
m_000004135,2026-01-31T08:26:39Z,u_003578,sms,sleep_challenge,sent
m_000004136,2026-02-02T01:34:01Z,u_003111,sms,weekly_digest,delivered
m_000004137,2026-01-28T07:28:18Z,u_004732,email,new_content_alert,sent
m_000004138,2026-01-29T01:26:33Z,u_004880,push,heart_health_month,delivered
m_000004139,2026-01-29T09:59:44Z,u_004612,sms,weekly_digest,sent
m_000004140,2026-02-01T05:26:29Z,u_003614,email,stress_relief_program,sent
m_000004141,2026-02-01T01:07:56Z,u_002363,sms,stress_relief_program,opened
m_000004142,2026-02-01T19:29:15Z,u_003412,push,weekly_digest,delivered
m_000004143,2026-02-02T15:51:11Z,u_004298,push,new_content_alert,sent
m_000004144,2026-01-29T17:16:18Z,u_003056,sms,new_content_alert,sent
m_000004145,2026-01-27T02:04:45Z,u_001532,push,sleep_challenge,sent
m_000004146,2026-01-27T01:26:03Z,u_004066,sms,sleep_challenge,sent
m_000004147,2026-02-01T02:59:29Z,u_000458,sms,heart_health_month,sent
m_000004148,2026-01-31T22:00:35Z,u_003451,email,weight_loss_series,delivered
m_000004149,2026-01-31T22:05:22Z,u_003531,email,sleep_challenge,sent
m_000004150,2026-02-02T19:08:22Z,u_003796,email,heart_health_month,sent
m_000004151,2026-02-02T11:04:08Z,u_001244,push,weekly_digest,opened
m_000004152,2026-01-29T06:29:10Z,u_002023,email,stress_relief_program,delivered
m_000004153,2026-01-27T08:07:24Z,u_003509,sms,stress_relief_program,opened
m_000004154,2026-01-31T06:05:44Z,u_004769,sms,heart_health_month,sent
m_000004155,2026-01-31T22:15:36Z,u_003919,push,new_content_alert,sent
m_000004156,2026-01-27T00:42:43Z,u_004065,email,stress_relief_program,opened
m_000004157,2026-02-01T07:53:56Z,u_003817,sms,heart_health_month,sent
m_000004158,2026-01-29T17:10:42Z,u_002538,email,heart_health_month,sent
m_000004159,2026-01-29T11:55:30Z,u_001999,email,sleep_challenge,delivered
m_000004160,2026-01-30T18:21:30Z,u_001772,push,sleep_challenge,sent
m_000004161,2026-02-01T17:01:30Z,u_002772,email,heart_health_month,opened
m_000004162,2026-01-30T02:16:06Z,u_001266,sms,new_content_alert,unsubscribed
m_000004163,2026-01-30T03:24:57Z,u_001198,push,stress_relief_program,sent
m_000004164,2026-01-30T14:27:46Z,u_003876,push,weekly_digest,clicked
m_000004165,2026-01-30T06:21:19Z,u_004313,push,sleep_challenge,delivered
m_000004166,2026-01-29T18:21:51Z,u_000064,email,new_content_alert,unsubscribed
m_000004167,2026-02-01T01:37:19Z,u_002238,sms,weight_loss_series,sent
m_000004168,2026-01-26T22:18:30Z,u_004538,push,heart_health_month,delivered
m_000004169,2026-01-30T22:18:56Z,u_001749,email,heart_health_month,sent
m_000004170,2026-01-29T19:15:58Z,u_003713,email,weekly_digest,delivered
m_000004171,2026-02-01T15:52:44Z,u_003701,push,sleep_challenge,clicked
m_000004172,2026-01-30T05:11:00Z,u_000562,email,weight_loss_series,delivered
m_000004173,2026-01-29T08:28:03Z,u_004856,sms,weekly_digest,delivered
m_000004174,2026-01-27T03:45:35Z,u_004885,push,sleep_challenge,sent
m_000004175,2026-02-01T04:14:27Z,u_002990,sms,weight_loss_series,sent
m_000004176,2026-01-26T21:31:28Z,u_004280,email,weight_loss_series,sent
m_000004177,2026-01-31T21:34:24Z,u_002005,email,new_content_alert,delivered
m_000004178,2026-01-28T03:15:59Z,u_004879,push,sleep_challenge,sent
m_000004179,2026-02-01T22:06:18Z,u_001925,email,new_content_alert,sent
m_000004180,2026-01-27T12:05:43Z,u_000484,push,new_content_alert,delivered
m_000004181,2026-01-29T18:39:43Z,u_000179,sms,stress_relief_program,clicked
m_000004182,2026-02-01T01:15:16Z,u_001720,push,weight_loss_series,sent
m_000004183,2026-02-02T14:25:30Z,u_003847,email,sleep_challenge,sent
m_000004184,2026-01-29T22:42:00Z,u_001560,push,sleep_challenge,clicked
m_000004185,2026-01-29T05:35:44Z,u_002857,push,stress_relief_program,delivered
m_000004186,2026-01-31T21:45:00Z,u_003641,push,new_content_alert,delivered
m_000004187,2026-01-28T01:46:40Z,u_000615,email,weekly_digest,sent
m_000004188,2026-01-27T09:15:44Z,u_002028,push,sleep_challenge,sent
m_000004189,2026-01-28T21:21:41Z,u_003777,push,new_content_alert,sent
m_000004190,2026-01-31T12:25:28Z,u_002153,email,sleep_challenge,delivered
m_000004191,2026-01-29T15:43:37Z,u_002026,sms,stress_relief_program,sent
m_000004192,2026-01-27T08:16:42Z,u_003794,email,new_content_alert,sent
m_000004193,2026-02-02T12:54:02Z,u_004814,push,weekly_digest,sent
m_000004194,2026-01-31T10:32:35Z,u_003954,push,sleep_challenge,sent
m_000004195,2026-01-30T18:26:33Z,u_000633,push,new_content_alert,sent
m_000004196,2026-02-02T08:08:14Z,u_001214,email,sleep_challenge,sent
m_000004197,2026-01-29T13:01:40Z,u_002146,sms,heart_health_month,sent
m_000004198,2026-01-31T18:26:52Z,u_002317,sms,sleep_challenge,sent
m_000004199,2026-01-31T01:39:04Z,u_004812,push,heart_health_month,sent
m_000004200,2026-01-30T14:19:15Z,u_002855,sms,heart_health_month,sent
m_000004201,2026-02-02T14:02:41Z,u_002626,push,stress_relief_program,delivered
m_000004202,2026-02-02T13:01:33Z,u_003644,sms,stress_relief_program,sent
m_000004203,2026-02-01T10:51:26Z,u_003302,email,new_content_alert,sent
m_000004204,2026-01-30T06:18:12Z,u_000836,sms,weight_loss_series,sent
m_000004205,2026-01-30T16:53:16Z,u_004967,push,weekly_digest,sent
m_000004206,2026-01-30T16:27:37Z,u_002659,push,weekly_digest,delivered
m_000004207,2026-01-30T17:31:15Z,u_004636,email,heart_health_month,sent
m_000004208,2026-02-01T21:56:10Z,u_002927,push,weekly_digest,opened
m_000004209,2026-01-30T05:22:44Z,u_004960,push,weight_loss_series,opened
m_000004210,2026-01-31T00:23:56Z,u_004178,email,weekly_digest,clicked
m_000004211,2026-01-27T09:51:26Z,u_002984,push,new_content_alert,sent
m_000004212,2026-01-30T22:12:27Z,u_003925,sms,new_content_alert,sent
m_000004213,2026-01-30T14:40:01Z,u_000961,email,weight_loss_series,delivered
m_000004214,2026-01-28T02:15:52Z,u_002851,sms,weekly_digest,sent
m_000004215,2026-01-30T12:22:22Z,u_004386,sms,weekly_digest,opened
m_000004216,2026-02-02T16:49:04Z,u_003431,sms,heart_health_month,sent
m_000004217,2026-02-01T12:05:08Z,u_004716,email,new_content_alert,sent
m_000004218,2026-01-31T09:23:35Z,u_001399,sms,heart_health_month,sent
m_000004219,2026-02-01T17:50:35Z,u_003048,sms,weight_loss_series,delivered
m_000004220,2026-01-30T12:39:04Z,u_004741,push,new_content_alert,sent
m_000004221,2026-02-01T17:57:39Z,u_001796,sms,stress_relief_program,delivered
m_000004222,2026-01-28T19:08:04Z,u_003528,sms,heart_health_month,opened
m_000004223,2026-01-29T01:16:33Z,u_003156,push,heart_health_month,sent
m_000004224,2026-01-27T16:03:44Z,u_001632,sms,sleep_challenge,sent
m_000004225,2026-01-26T21:16:47Z,u_003913,push,heart_health_month,sent
m_000004226,2026-01-29T06:11:01Z,u_002998,sms,weight_loss_series,sent
m_000004227,2026-02-01T23:48:07Z,u_000698,push,new_content_alert,opened
m_000004228,2026-01-29T17:08:57Z,u_000423,sms,sleep_challenge,sent
m_000004229,2026-02-02T01:47:30Z,u_004178,sms,weight_loss_series,opened
m_000004230,2026-01-28T01:13:41Z,u_001090,email,stress_relief_program,sent
m_000004231,2026-02-01T11:21:25Z,u_002713,push,new_content_alert,sent
m_000004232,2026-01-28T05:57:42Z,u_001841,email,sleep_challenge,sent
m_000004233,2026-01-29T20:34:22Z,u_000150,email,weekly_digest,sent
m_000004234,2026-02-02T17:45:27Z,u_001864,push,sleep_challenge,opened
m_000004235,2026-01-27T01:53:09Z,u_001324,push,weekly_digest,delivered
m_000004236,2026-01-30T16:20:57Z,u_004398,push,weekly_digest,sent
m_000004237,2026-01-28T21:48:49Z,u_002352,push,weekly_digest,delivered
m_000004238,2026-02-02T07:23:07Z,u_001701,sms,weekly_digest,opened
m_000004239,2026-01-27T03:16:26Z,u_004688,sms,stress_relief_program,sent
m_000004240,2026-02-01T12:10:26Z,u_004593,sms,new_content_alert,delivered
m_000004241,2026-01-30T22:02:54Z,u_002296,push,heart_health_month,unsubscribed
m_000004242,2026-02-01T23:22:18Z,u_003717,email,new_content_alert,sent
m_000004243,2026-01-27T02:07:19Z,u_004322,sms,new_content_alert,opened
m_000004244,2026-02-01T02:04:13Z,u_001068,push,sleep_challenge,sent
m_000004245,2026-01-28T06:43:29Z,u_004001,push,stress_relief_program,clicked
m_000004246,2026-02-01T01:57:48Z,u_002328,sms,stress_relief_program,sent
m_000004247,2026-01-29T23:38:40Z,u_003051,sms,weekly_digest,delivered
m_000004248,2026-02-01T21:53:29Z,u_001596,sms,weekly_digest,opened
m_000004249,2026-02-02T03:07:47Z,u_000546,email,sleep_challenge,sent
m_000004250,2026-01-27T15:05:00Z,u_001958,sms,heart_health_month,sent
m_000004251,2026-01-29T10:07:02Z,u_001835,sms,heart_health_month,sent
m_000004252,2026-02-01T21:12:16Z,u_001920,sms,stress_relief_program,opened
m_000004253,2026-01-28T19:44:37Z,u_002414,sms,new_content_alert,sent
m_000004254,2026-01-29T22:51:08Z,u_004482,email,heart_health_month,delivered
m_000004255,2026-01-31T16:18:33Z,u_002355,sms,stress_relief_program,delivered
m_000004256,2026-01-31T05:30:28Z,u_000378,push,new_content_alert,sent
m_000004257,2026-01-27T20:44:13Z,u_004655,email,sleep_challenge,delivered
m_000004258,2026-01-29T12:46:51Z,u_004326,email,new_content_alert,sent
m_000004259,2026-02-01T17:34:25Z,u_001215,sms,weekly_digest,delivered
m_000004260,2026-01-30T04:47:16Z,u_004296,push,weekly_digest,sent
m_000004261,2026-01-30T03:55:31Z,u_001644,push,weekly_digest,sent
m_000004262,2026-02-02T08:17:45Z,u_004135,sms,sleep_challenge,sent
m_000004263,2026-01-30T03:11:34Z,u_002213,email,new_content_alert,sent
m_000004264,2026-02-01T10:22:03Z,u_000110,push,heart_health_month,delivered
m_000004265,2026-02-02T04:31:43Z,u_000252,email,weekly_digest,opened
m_000004266,2026-01-30T15:01:15Z,u_004628,push,weekly_digest,sent
m_000004267,2026-02-01T06:37:40Z,u_004633,push,sleep_challenge,sent
m_000004268,2026-02-02T08:56:57Z,u_000007,push,heart_health_month,sent
m_000004269,2026-01-29T09:58:02Z,u_001171,sms,weight_loss_series,sent
m_000004270,2026-02-01T21:21:30Z,u_002324,sms,new_content_alert,sent
m_000004271,2026-01-27T07:15:36Z,u_002858,sms,stress_relief_program,delivered
m_000004272,2026-01-29T15:16:45Z,u_000646,email,stress_relief_program,sent
m_000004273,2026-01-30T09:00:47Z,u_004499,push,new_content_alert,sent
m_000004274,2026-01-29T19:10:16Z,u_003829,sms,heart_health_month,sent
m_000004275,2026-01-29T12:21:24Z,u_001920,sms,sleep_challenge,sent
m_000004276,2026-01-31T14:10:50Z,u_000332,email,sleep_challenge,opened
m_000004277,2026-02-02T05:01:30Z,u_001882,sms,weight_loss_series,delivered
m_000004278,2026-01-28T07:24:56Z,u_000781,email,weekly_digest,sent
m_000004279,2026-01-27T11:56:19Z,u_004170,push,weekly_digest,sent
m_000004280,2026-02-02T09:56:15Z,u_004756,push,sleep_challenge,delivered
m_000004281,2026-02-01T16:53:11Z,u_004676,push,stress_relief_program,sent
m_000004282,2026-02-02T01:26:41Z,u_002709,push,stress_relief_program,delivered
m_000004283,2026-02-01T23:55:15Z,u_000237,push,stress_relief_program,sent
m_000004284,2026-01-27T09:50:35Z,u_004106,email,new_content_alert,clicked
m_000004285,2026-01-27T12:28:35Z,u_001621,push,sleep_challenge,delivered
m_000004286,2026-02-02T03:08:00Z,u_004128,sms,new_content_alert,delivered
m_000004287,2026-01-27T20:07:10Z,u_000865,push,new_content_alert,delivered
m_000004288,2026-01-26T21:36:57Z,u_004389,push,stress_relief_program,delivered
m_000004289,2026-02-01T18:14:15Z,u_001369,email,weekly_digest,clicked
m_000004290,2026-01-29T04:01:00Z,u_002762,sms,heart_health_month,sent
m_000004291,2026-01-30T20:19:35Z,u_003516,email,weekly_digest,unsubscribed
m_000004292,2026-01-30T04:38:56Z,u_003112,email,new_content_alert,sent
m_000004293,2026-01-30T20:51:25Z,u_004051,sms,new_content_alert,opened
m_000004294,2026-01-31T11:02:23Z,u_002574,push,heart_health_month,sent
m_000004295,2026-02-01T01:26:42Z,u_002768,push,heart_health_month,unsubscribed
m_000004296,2026-01-30T05:40:20Z,u_001451,push,weight_loss_series,sent
m_000004297,2026-01-30T12:48:00Z,u_001964,email,weekly_digest,opened
m_000004298,2026-01-30T02:05:44Z,u_001280,email,heart_health_month,sent
m_000004299,2026-01-30T11:19:38Z,u_002970,email,stress_relief_program,delivered
m_000004300,2026-01-29T17:28:00Z,u_003280,push,stress_relief_program,opened
m_000004301,2026-01-31T02:47:06Z,u_001118,email,weight_loss_series,sent
m_000004302,2026-02-01T22:31:52Z,u_001584,email,weight_loss_series,sent
m_000004303,2026-01-30T03:58:14Z,u_002080,sms,new_content_alert,sent
m_000004304,2026-01-28T13:32:51Z,u_000869,push,heart_health_month,sent
m_000004305,2026-01-27T16:34:00Z,u_000667,sms,weight_loss_series,sent
m_000004306,2026-01-28T18:09:17Z,u_004708,email,heart_health_month,sent
m_000004307,2026-01-30T02:57:40Z,u_004104,email,stress_relief_program,sent
m_000004308,2026-01-30T09:46:01Z,u_000903,email,weight_loss_series,sent
m_000004309,2026-01-29T04:19:27Z,u_004528,push,stress_relief_program,opened
m_000004310,2026-01-31T21:35:13Z,u_000649,push,sleep_challenge,sent
m_000004311,2026-01-30T13:13:13Z,u_000861,email,weight_loss_series,sent
m_000004312,2026-02-02T04:09:05Z,u_004607,email,weekly_digest,sent
m_000004313,2026-02-02T05:44:26Z,u_002821,push,new_content_alert,sent
m_000004314,2026-01-31T05:58:11Z,u_004388,email,new_content_alert,sent
m_000004315,2026-01-28T07:36:43Z,u_002129,push,new_content_alert,sent
m_000004316,2026-01-28T16:19:49Z,u_001272,email,weekly_digest,delivered
m_000004317,2026-01-28T14:17:12Z,u_003509,sms,new_content_alert,clicked
m_000004318,2026-01-26T23:19:22Z,u_001922,push,sleep_challenge,delivered
m_000004319,2026-01-27T13:13:08Z,u_000552,sms,weight_loss_series,delivered
m_000004320,2026-01-27T08:33:44Z,u_003402,sms,sleep_challenge,sent
m_000004321,2026-01-31T12:28:38Z,u_003212,sms,weight_loss_series,sent
m_000004322,2026-01-31T01:26:32Z,u_000999,sms,new_content_alert,delivered
m_000004323,2026-01-31T07:13:56Z,u_002346,sms,new_content_alert,clicked
m_000004324,2026-01-30T04:22:27Z,u_001875,sms,weight_loss_series,sent
m_000004325,2026-01-31T14:01:42Z,u_000483,push,weight_loss_series,clicked
m_000004326,2026-02-01T05:38:31Z,u_003387,sms,new_content_alert,sent
m_000004327,2026-01-31T00:35:52Z,u_000807,push,stress_relief_program,sent
m_000004328,2026-01-28T09:49:47Z,u_000145,sms,new_content_alert,delivered
m_000004329,2026-01-28T04:37:54Z,u_003662,email,heart_health_month,sent
m_000004330,2026-01-31T19:32:21Z,u_004793,email,sleep_challenge,delivered
m_000004331,2026-01-27T08:33:19Z,u_002329,push,heart_health_month,sent
m_000004332,2026-01-30T21:42:42Z,u_000461,push,new_content_alert,delivered
m_000004333,2026-01-31T21:44:10Z,u_000448,email,new_content_alert,unsubscribed
m_000004334,2026-01-31T01:30:47Z,u_000837,sms,new_content_alert,sent
m_000004335,2026-01-27T03:10:24Z,u_001907,push,new_content_alert,sent
m_000004336,2026-02-01T23:33:54Z,u_002183,sms,stress_relief_program,sent
m_000004337,2026-01-28T12:53:55Z,u_000165,sms,sleep_challenge,sent
m_000004338,2026-02-01T04:52:13Z,u_000074,sms,sleep_challenge,sent
m_000004339,2026-01-27T02:09:12Z,u_001629,push,weight_loss_series,sent
m_000004340,2026-01-27T18:17:22Z,u_004204,email,heart_health_month,sent
m_000004341,2026-01-30T08:54:25Z,u_002130,email,sleep_challenge,sent
m_000004342,2026-01-31T18:15:10Z,u_002975,push,new_content_alert,sent
m_000004343,2026-01-30T22:48:01Z,u_003035,email,new_content_alert,delivered
m_000004344,2026-01-30T12:59:31Z,u_003295,email,heart_health_month,sent
m_000004345,2026-01-28T08:34:14Z,u_000688,push,weight_loss_series,sent
m_000004346,2026-02-01T17:13:17Z,u_003085,email,sleep_challenge,sent
m_000004347,2026-01-28T17:00:50Z,u_001310,push,weekly_digest,sent
m_000004348,2026-01-29T21:34:39Z,u_004993,push,sleep_challenge,sent
m_000004349,2026-01-27T10:02:19Z,u_002863,sms,weight_loss_series,delivered
m_000004350,2026-01-31T22:52:16Z,u_004373,email,weight_loss_series,sent
m_000004351,2026-01-31T13:19:40Z,u_000486,push,stress_relief_program,delivered
m_000004352,2026-01-30T00:46:08Z,u_001922,push,heart_health_month,sent
m_000004353,2026-01-27T02:04:16Z,u_004473,push,heart_health_month,sent
m_000004354,2026-01-30T08:51:23Z,u_000963,email,weight_loss_series,delivered
m_000004355,2026-02-02T04:46:42Z,u_001019,push,sleep_challenge,sent
m_000004356,2026-01-27T14:44:58Z,u_001827,email,stress_relief_program,clicked
m_000004357,2026-01-28T20:45:23Z,u_001539,sms,weight_loss_series,opened
m_000004358,2026-01-28T11:28:48Z,u_004577,sms,sleep_challenge,sent
m_000004359,2026-01-27T23:31:49Z,u_003871,push,stress_relief_program,delivered
m_000004360,2026-02-01T20:02:13Z,u_001884,email,heart_health_month,sent
m_000004361,2026-01-29T19:05:11Z,u_004601,push,stress_relief_program,sent
m_000004362,2026-02-02T11:40:35Z,u_004351,push,sleep_challenge,sent
m_000004363,2026-01-29T08:56:40Z,u_004644,sms,weekly_digest,sent
m_000004364,2026-01-28T17:35:57Z,u_001076,sms,stress_relief_program,sent
m_000004365,2026-01-27T04:29:04Z,u_002999,email,heart_health_month,sent
m_000004366,2026-02-01T08:11:41Z,u_000977,sms,sleep_challenge,sent
m_000004367,2026-02-02T13:39:18Z,u_003871,push,heart_health_month,opened
m_000004368,2026-02-01T05:45:56Z,u_004139,push,heart_health_month,sent
m_000004369,2026-02-01T05:16:50Z,u_000474,sms,weekly_digest,sent
m_000004370,2026-01-28T22:05:42Z,u_004740,push,new_content_alert,sent
m_000004371,2026-01-30T18:08:56Z,u_000809,email,stress_relief_program,sent
m_000004372,2026-01-31T17:37:14Z,u_002965,sms,new_content_alert,sent
m_000004373,2026-01-28T18:40:06Z,u_000590,push,sleep_challenge,clicked
m_000004374,2026-01-28T05:47:39Z,u_001150,email,heart_health_month,delivered
m_000004375,2026-01-31T08:45:59Z,u_001362,sms,sleep_challenge,delivered
m_000004376,2026-01-27T17:01:40Z,u_001499,email,weight_loss_series,delivered
m_000004377,2026-01-27T12:34:06Z,u_003334,push,new_content_alert,sent
m_000004378,2026-01-27T10:23:09Z,u_000942,push,weekly_digest,delivered
m_000004379,2026-01-28T13:44:34Z,u_001817,sms,new_content_alert,opened
m_000004380,2026-01-29T16:46:57Z,u_002498,sms,new_content_alert,sent
m_000004381,2026-01-29T09:20:21Z,u_002337,push,weekly_digest,sent
m_000004382,2026-01-29T13:18:43Z,u_001348,email,sleep_challenge,delivered
m_000004383,2026-01-28T03:01:37Z,u_004858,push,heart_health_month,sent
m_000004384,2026-01-29T07:48:21Z,u_003477,push,sleep_challenge,sent
m_000004385,2026-01-29T09:17:24Z,u_000944,sms,heart_health_month,sent
m_000004386,2026-01-31T13:20:10Z,u_002718,push,sleep_challenge,sent
m_000004387,2026-01-30T03:26:35Z,u_003812,sms,sleep_challenge,sent
m_000004388,2026-01-29T05:10:12Z,u_002894,push,heart_health_month,sent
m_000004389,2026-01-31T09:37:03Z,u_001420,push,stress_relief_program,sent
m_000004390,2026-02-01T14:33:17Z,u_001274,push,stress_relief_program,sent
m_000004391,2026-01-29T12:07:44Z,u_002140,email,new_content_alert,sent
m_000004392,2026-01-31T13:02:34Z,u_001247,email,stress_relief_program,sent
m_000004393,2026-02-01T03:30:07Z,u_001738,email,sleep_challenge,sent
m_000004394,2026-01-31T06:31:52Z,u_003065,push,weight_loss_series,sent
m_000004395,2026-01-30T19:42:41Z,u_001581,email,weight_loss_series,delivered
m_000004396,2026-02-01T17:45:46Z,u_002473,push,stress_relief_program,sent
m_000004397,2026-01-27T04:53:36Z,u_002012,email,weight_loss_series,delivered
m_000004398,2026-01-27T15:04:37Z,u_004854,push,weight_loss_series,opened
m_000004399,2026-01-29T06:35:18Z,u_002710,push,heart_health_month,sent
m_000004400,2026-01-28T12:03:29Z,u_001230,push,sleep_challenge,sent
m_000004401,2026-01-27T01:56:09Z,u_004399,email,new_content_alert,opened
m_000004402,2026-02-02T10:39:13Z,u_004661,push,weight_loss_series,sent
m_000004403,2026-01-29T14:01:23Z,u_000246,email,heart_health_month,sent
m_000004404,2026-01-27T23:39:02Z,u_001015,push,new_content_alert,sent
m_000004405,2026-01-30T02:34:23Z,u_004196,push,new_content_alert,clicked
m_000004406,2026-01-31T16:56:05Z,u_000592,push,sleep_challenge,delivered
m_000004407,2026-01-31T12:46:22Z,u_000495,sms,new_content_alert,delivered
m_000004408,2026-01-29T09:02:04Z,u_003261,sms,new_content_alert,sent
m_000004409,2026-02-02T07:02:48Z,u_000260,sms,heart_health_month,sent
m_000004410,2026-01-31T22:41:42Z,u_004566,sms,sleep_challenge,sent
m_000004411,2026-01-26T23:41:19Z,u_004425,email,weekly_digest,sent
m_000004412,2026-01-29T03:30:48Z,u_000527,sms,weight_loss_series,sent
m_000004413,2026-01-29T07:10:26Z,u_003947,push,weekly_digest,sent
m_000004414,2026-01-28T02:26:47Z,u_000797,push,weekly_digest,delivered
m_000004415,2026-02-01T11:52:51Z,u_001209,sms,stress_relief_program,sent
m_000004416,2026-02-02T14:03:21Z,u_003427,push,new_content_alert,sent
m_000004417,2026-02-02T04:40:08Z,u_003406,sms,new_content_alert,sent
m_000004418,2026-01-27T19:11:36Z,u_000184,sms,sleep_challenge,delivered
m_000004419,2026-01-28T08:50:45Z,u_000786,push,new_content_alert,sent
m_000004420,2026-01-29T08:11:41Z,u_002352,push,stress_relief_program,sent
m_000004421,2026-01-26T21:46:18Z,u_004335,email,sleep_challenge,opened
m_000004422,2026-01-29T16:15:50Z,u_003218,email,weight_loss_series,sent
m_000004423,2026-01-28T21:22:45Z,u_000951,push,weight_loss_series,delivered
m_000004424,2026-01-31T18:58:47Z,u_003580,push,stress_relief_program,delivered
m_000004425,2026-01-31T21:42:12Z,u_001006,sms,weight_loss_series,opened
m_000004426,2026-01-27T08:33:48Z,u_000206,email,sleep_challenge,sent
m_000004427,2026-01-26T21:11:27Z,u_001459,push,heart_health_month,sent
m_000004428,2026-02-01T05:07:04Z,u_002691,sms,sleep_challenge,sent
m_000004429,2026-01-27T08:31:36Z,u_001592,sms,stress_relief_program,sent
m_000004430,2026-02-01T02:28:43Z,u_001493,email,new_content_alert,sent
m_000004431,2026-01-30T08:17:18Z,u_003961,push,stress_relief_program,sent
m_000004432,2026-02-02T03:12:34Z,u_003214,sms,stress_relief_program,delivered
m_000004433,2026-02-01T06:21:35Z,u_002104,push,sleep_challenge,sent
m_000004434,2026-01-28T09:52:51Z,u_001772,email,stress_relief_program,opened
m_000004435,2026-01-29T07:52:22Z,u_002059,sms,new_content_alert,sent
m_000004436,2026-01-27T06:54:45Z,u_002902,sms,sleep_challenge,sent
m_000004437,2026-01-29T14:01:18Z,u_002489,sms,weekly_digest,delivered
m_000004438,2026-01-29T07:18:28Z,u_004256,sms,sleep_challenge,sent
m_000004439,2026-02-02T11:53:07Z,u_002273,push,heart_health_month,sent
m_000004440,2026-01-26T21:45:16Z,u_002902,push,sleep_challenge,opened
m_000004441,2026-01-28T00:35:58Z,u_003999,push,new_content_alert,sent
m_000004442,2026-01-31T13:38:21Z,u_003330,sms,stress_relief_program,opened
m_000004443,2026-01-30T07:44:11Z,u_004454,push,heart_health_month,sent
m_000004444,2026-01-27T00:38:45Z,u_004257,push,weekly_digest,opened
m_000004445,2026-01-28T01:25:32Z,u_003089,sms,weight_loss_series,sent
m_000004446,2026-02-02T03:33:43Z,u_000938,email,sleep_challenge,sent
m_000004447,2026-02-01T07:41:10Z,u_002095,push,stress_relief_program,opened
m_000004448,2026-01-29T20:27:38Z,u_001409,push,weekly_digest,sent
m_000004449,2026-01-27T06:21:51Z,u_001370,sms,stress_relief_program,sent
m_000004450,2026-01-28T17:22:42Z,u_000206,sms,sleep_challenge,sent
m_000004451,2026-01-27T02:17:38Z,u_003789,email,stress_relief_program,sent
m_000004452,2026-02-02T06:06:23Z,u_004226,push,weight_loss_series,sent
m_000004453,2026-01-28T17:12:29Z,u_003617,sms,sleep_challenge,opened
m_000004454,2026-01-27T04:47:11Z,u_001433,sms,weekly_digest,sent
m_000004455,2026-01-31T15:10:50Z,u_004402,push,weekly_digest,sent
m_000004456,2026-01-29T04:33:50Z,u_002693,push,weekly_digest,sent
m_000004457,2026-01-31T02:28:46Z,u_004314,email,new_content_alert,sent
m_000004458,2026-01-30T10:26:20Z,u_003124,push,sleep_challenge,opened
m_000004459,2026-02-01T10:44:34Z,u_002116,push,heart_health_month,sent
m_000004460,2026-01-31T05:24:55Z,u_001699,email,stress_relief_program,delivered
m_000004461,2026-01-31T00:00:03Z,u_003761,sms,weight_loss_series,delivered
m_000004462,2026-01-31T12:13:57Z,u_002062,push,stress_relief_program,sent
m_000004463,2026-01-28T18:18:12Z,u_003634,sms,heart_health_month,clicked
m_000004464,2026-02-01T00:23:43Z,u_000831,sms,stress_relief_program,opened
m_000004465,2026-01-27T22:10:40Z,u_001780,push,stress_relief_program,sent
m_000004466,2026-01-27T17:54:06Z,u_002920,email,stress_relief_program,sent
m_000004467,2026-02-02T05:10:00Z,u_002111,email,weight_loss_series,sent
m_000004468,2026-01-30T02:13:59Z,u_000792,sms,new_content_alert,sent
m_000004469,2026-01-29T14:43:12Z,u_000774,email,weight_loss_series,sent
m_000004470,2026-01-29T11:28:09Z,u_001294,email,sleep_challenge,delivered
m_000004471,2026-02-01T13:54:44Z,u_004979,push,stress_relief_program,sent
m_000004472,2026-01-30T18:48:04Z,u_001035,push,weight_loss_series,delivered
m_000004473,2026-01-27T18:53:59Z,u_001306,sms,new_content_alert,sent
m_000004474,2026-01-29T03:00:15Z,u_002144,sms,stress_relief_program,sent
m_000004475,2026-01-26T21:06:23Z,u_004912,push,weight_loss_series,opened
m_000004476,2026-02-01T09:23:56Z,u_000485,email,new_content_alert,sent
m_000004477,2026-01-31T18:59:57Z,u_001466,email,heart_health_month,clicked
m_000004478,2026-01-29T14:17:57Z,u_004851,push,sleep_challenge,opened
m_000004479,2026-01-31T02:42:39Z,u_002154,email,stress_relief_program,delivered
m_000004480,2026-02-02T12:59:02Z,u_002413,push,weight_loss_series,delivered
m_000004481,2026-01-28T21:15:16Z,u_004192,push,weight_loss_series,sent
m_000004482,2026-02-01T04:10:48Z,u_004559,sms,heart_health_month,sent
m_000004483,2026-01-28T06:38:21Z,u_003583,email,weekly_digest,sent
m_000004484,2026-02-01T04:03:52Z,u_000454,email,weight_loss_series,sent
m_000004485,2026-01-30T08:03:42Z,u_003102,push,stress_relief_program,delivered
m_000004486,2026-01-29T16:11:26Z,u_003927,push,weight_loss_series,delivered
m_000004487,2026-02-01T12:44:54Z,u_000164,sms,stress_relief_program,sent
m_000004488,2026-02-02T03:58:02Z,u_001696,email,new_content_alert,sent
m_000004489,2026-02-01T16:30:38Z,u_002450,push,weight_loss_series,sent
m_000004490,2026-01-30T00:07:05Z,u_003761,push,weight_loss_series,sent
m_000004491,2026-01-31T07:15:29Z,u_003864,push,weight_loss_series,sent
m_000004492,2026-01-28T02:04:58Z,u_002627,sms,weight_loss_series,sent
m_000004493,2026-01-31T22:59:00Z,u_001002,push,weekly_digest,clicked
m_000004494,2026-01-26T20:26:29Z,u_002992,sms,sleep_challenge,sent
m_000004495,2026-02-02T08:47:20Z,u_004578,email,new_content_alert,opened
m_000004496,2026-01-30T16:17:13Z,u_001547,push,weight_loss_series,opened
m_000004497,2026-01-30T08:38:55Z,u_001548,sms,weekly_digest,sent
m_000004498,2026-01-26T22:07:41Z,u_001266,sms,heart_health_month,sent
m_000004499,2026-02-01T03:46:12Z,u_002361,sms,heart_health_month,sent
m_000004500,2026-01-29T06:00:29Z,u_000142,push,sleep_challenge,sent
m_000004501,2026-02-02T14:26:34Z,u_000122,email,stress_relief_program,sent
m_000004502,2026-01-28T22:49:53Z,u_004581,sms,sleep_challenge,sent
m_000004503,2026-01-31T18:16:07Z,u_003422,push,stress_relief_program,sent
m_000004504,2026-01-30T04:51:21Z,u_001361,sms,heart_health_month,clicked
m_000004505,2026-01-30T18:03:57Z,u_000635,push,sleep_challenge,sent
m_000004506,2026-01-30T07:45:54Z,u_004573,push,weight_loss_series,sent
m_000004507,2026-01-28T13:37:32Z,u_000733,sms,stress_relief_program,sent
m_000004508,2026-01-29T02:46:05Z,u_004485,email,heart_health_month,sent
m_000004509,2026-01-31T06:52:00Z,u_000077,email,new_content_alert,opened
m_000004510,2026-02-02T18:06:22Z,u_004718,email,sleep_challenge,sent
m_000004511,2026-02-01T11:12:30Z,u_004349,sms,new_content_alert,delivered
m_000004512,2026-01-27T20:58:11Z,u_001701,push,weight_loss_series,delivered
m_000004513,2026-02-02T09:18:16Z,u_001933,email,new_content_alert,sent
m_000004514,2026-01-27T19:20:26Z,u_001828,push,sleep_challenge,sent
m_000004515,2026-01-29T08:17:10Z,u_004633,push,heart_health_month,opened
m_000004516,2026-01-28T16:40:54Z,u_000047,sms,weekly_digest,sent
m_000004517,2026-01-31T08:38:27Z,u_004001,push,new_content_alert,delivered
m_000004518,2026-01-31T16:03:53Z,u_000582,push,heart_health_month,clicked
m_000004519,2026-01-28T21:32:28Z,u_003878,sms,sleep_challenge,sent
m_000004520,2026-01-30T21:51:54Z,u_004304,sms,new_content_alert,clicked
m_000004521,2026-01-30T06:19:56Z,u_004327,push,weekly_digest,sent
m_000004522,2026-02-01T15:01:10Z,u_002767,sms,stress_relief_program,delivered
m_000004523,2026-01-29T19:22:25Z,u_001826,push,heart_health_month,sent
m_000004524,2026-02-02T05:33:29Z,u_000855,email,stress_relief_program,sent
m_000004525,2026-01-29T17:59:20Z,u_000884,email,new_content_alert,opened
m_000004526,2026-01-29T05:28:29Z,u_000419,sms,sleep_challenge,sent
m_000004527,2026-01-30T09:37:44Z,u_003900,email,sleep_challenge,delivered
m_000004528,2026-01-29T18:25:38Z,u_002188,push,stress_relief_program,sent
m_000004529,2026-01-29T07:32:19Z,u_004561,push,sleep_challenge,clicked
m_000004530,2026-01-31T19:31:30Z,u_003559,push,new_content_alert,sent
m_000004531,2026-01-27T12:24:21Z,u_002415,push,stress_relief_program,sent
m_000004532,2026-01-27T12:15:34Z,u_000196,sms,sleep_challenge,delivered
m_000004533,2026-02-01T08:40:52Z,u_001382,push,weight_loss_series,sent
m_000004534,2026-01-27T16:07:27Z,u_001395,sms,weight_loss_series,delivered
m_000004535,2026-01-28T03:41:12Z,u_002103,email,stress_relief_program,sent
m_000004536,2026-02-02T05:44:18Z,u_002162,sms,new_content_alert,delivered
m_000004537,2026-01-27T16:56:43Z,u_002550,email,new_content_alert,sent
m_000004538,2026-02-02T04:17:39Z,u_003468,email,new_content_alert,sent
m_000004539,2026-01-31T14:42:55Z,u_004805,push,sleep_challenge,sent
m_000004540,2026-02-01T21:35:06Z,u_000887,email,heart_health_month,sent
m_000004541,2026-01-31T09:59:33Z,u_001780,push,weekly_digest,delivered
m_000004542,2026-01-29T12:01:40Z,u_004819,email,heart_health_month,opened
m_000004543,2026-01-31T09:32:59Z,u_002347,email,weekly_digest,sent
m_000004544,2026-01-29T14:04:26Z,u_000388,sms,heart_health_month,delivered
m_000004545,2026-01-31T05:01:03Z,u_002344,email,weight_loss_series,delivered
m_000004546,2026-01-30T08:25:18Z,u_000515,push,new_content_alert,sent
m_000004547,2026-01-29T12:18:22Z,u_001027,email,weekly_digest,sent
m_000004548,2026-01-28T10:34:55Z,u_000162,push,sleep_challenge,sent
m_000004549,2026-01-30T07:54:44Z,u_003059,push,stress_relief_program,sent
m_000004550,2026-01-27T19:23:01Z,u_004957,email,weekly_digest,clicked
m_000004551,2026-01-31T11:10:04Z,u_002886,email,heart_health_month,opened
m_000004552,2026-01-27T14:58:27Z,u_001161,email,new_content_alert,sent
m_000004553,2026-01-26T22:01:25Z,u_000163,email,sleep_challenge,opened
m_000004554,2026-01-27T20:14:21Z,u_000904,push,new_content_alert,delivered
m_000004555,2026-01-27T02:28:22Z,u_002957,email,heart_health_month,sent
m_000004556,2026-02-01T03:34:44Z,u_001315,sms,sleep_challenge,sent
m_000004557,2026-01-28T05:12:53Z,u_002430,push,heart_health_month,sent
m_000004558,2026-01-28T17:35:04Z,u_002450,email,sleep_challenge,opened
m_000004559,2026-01-28T10:49:49Z,u_000556,push,weight_loss_series,delivered
m_000004560,2026-01-27T05:26:13Z,u_001369,push,stress_relief_program,delivered
m_000004561,2026-01-30T11:45:07Z,u_002826,email,sleep_challenge,sent
m_000004562,2026-01-31T20:00:07Z,u_004257,sms,stress_relief_program,sent
m_000004563,2026-01-31T21:56:55Z,u_000882,email,sleep_challenge,sent
m_000004564,2026-01-28T03:57:54Z,u_002897,push,new_content_alert,delivered
m_000004565,2026-01-28T02:33:28Z,u_000476,email,weekly_digest,delivered
m_000004566,2026-01-31T21:45:19Z,u_002766,push,heart_health_month,sent
m_000004567,2026-01-27T23:25:26Z,u_002216,email,weekly_digest,delivered
m_000004568,2026-01-27T17:51:13Z,u_003719,push,heart_health_month,sent
m_000004569,2026-01-28T04:44:23Z,u_000277,push,stress_relief_program,opened
m_000004570,2026-01-30T10:34:51Z,u_004080,email,weight_loss_series,delivered
m_000004571,2026-01-29T18:54:54Z,u_001873,email,stress_relief_program,delivered
m_000004572,2026-01-27T10:00:38Z,u_000631,email,stress_relief_program,sent
m_000004573,2026-01-28T19:53:55Z,u_000248,push,stress_relief_program,sent
m_000004574,2026-01-26T23:08:23Z,u_002571,push,stress_relief_program,opened
m_000004575,2026-02-01T16:15:55Z,u_004953,sms,weekly_digest,opened
m_000004576,2026-01-28T03:11:33Z,u_001566,push,sleep_challenge,sent
m_000004577,2026-01-28T13:19:43Z,u_003648,email,stress_relief_program,sent
m_000004578,2026-01-28T01:51:37Z,u_000252,email,weekly_digest,clicked
m_000004579,2026-01-29T07:49:03Z,u_002952,sms,heart_health_month,sent
m_000004580,2026-01-30T16:53:20Z,u_002990,email,heart_health_month,sent
m_000004581,2026-01-27T00:15:03Z,u_001308,email,weekly_digest,sent
m_000004582,2026-01-28T18:13:43Z,u_001612,sms,weekly_digest,sent
m_000004583,2026-01-31T12:51:20Z,u_002317,push,sleep_challenge,sent
m_000004584,2026-01-27T05:13:04Z,u_002828,push,weight_loss_series,sent
m_000004585,2026-02-02T19:52:54Z,u_004125,sms,weekly_digest,delivered
m_000004586,2026-01-30T19:13:10Z,u_000694,email,new_content_alert,sent
m_000004587,2026-02-01T09:18:07Z,u_002757,push,new_content_alert,sent
m_000004588,2026-01-30T06:13:36Z,u_003497,email,weekly_digest,sent
m_000004589,2026-02-01T00:42:33Z,u_000210,push,new_content_alert,sent
m_000004590,2026-01-29T03:25:28Z,u_001784,email,weekly_digest,sent
m_000004591,2026-01-28T23:56:52Z,u_004407,sms,heart_health_month,delivered
m_000004592,2026-02-02T09:43:01Z,u_002313,push,heart_health_month,delivered
m_000004593,2026-01-31T01:30:56Z,u_000867,email,weekly_digest,sent
m_000004594,2026-01-27T16:13:10Z,u_001298,email,weekly_digest,sent
m_000004595,2026-01-29T02:15:35Z,u_003944,sms,weight_loss_series,opened
m_000004596,2026-01-29T11:18:18Z,u_004152,push,new_content_alert,sent
m_000004597,2026-02-01T12:11:49Z,u_003643,email,sleep_challenge,sent
m_000004598,2026-01-27T17:17:11Z,u_003408,sms,sleep_challenge,sent
m_000004599,2026-01-29T17:18:20Z,u_001900,sms,weekly_digest,delivered
m_000004600,2026-02-01T22:39:34Z,u_001348,email,heart_health_month,delivered
m_000004601,2026-01-31T00:05:29Z,u_001208,email,new_content_alert,opened
m_000004602,2026-01-26T22:46:58Z,u_002087,sms,stress_relief_program,opened
m_000004603,2026-01-27T19:25:39Z,u_000167,sms,stress_relief_program,sent
m_000004604,2026-01-28T14:17:02Z,u_001244,push,stress_relief_program,sent
m_000004605,2026-02-01T01:24:21Z,u_001840,email,weekly_digest,sent
m_000004606,2026-02-01T18:03:25Z,u_001806,sms,stress_relief_program,opened
m_000004607,2026-01-27T18:19:09Z,u_004122,email,sleep_challenge,delivered
m_000004608,2026-01-29T12:25:59Z,u_003503,email,stress_relief_program,sent
m_000004609,2026-01-30T17:12:11Z,u_002097,sms,weekly_digest,sent
m_000004610,2026-01-28T09:32:02Z,u_004046,push,heart_health_month,delivered
m_000004611,2026-02-02T19:32:20Z,u_001019,sms,new_content_alert,sent
m_000004612,2026-01-28T21:43:03Z,u_004441,push,stress_relief_program,sent
m_000004613,2026-01-27T21:50:41Z,u_002320,email,heart_health_month,sent
m_000004614,2026-01-29T02:28:47Z,u_002205,push,heart_health_month,opened
m_000004615,2026-01-27T10:38:53Z,u_002631,email,stress_relief_program,delivered
m_000004616,2026-01-27T09:30:36Z,u_003718,push,weight_loss_series,opened
m_000004617,2026-02-02T04:43:59Z,u_004914,push,new_content_alert,sent
m_000004618,2026-01-26T20:15:25Z,u_004748,sms,stress_relief_program,sent
m_000004619,2026-01-28T19:16:57Z,u_004125,sms,sleep_challenge,sent
m_000004620,2026-01-30T07:37:48Z,u_004755,push,weight_loss_series,unsubscribed
m_000004621,2026-01-28T16:28:19Z,u_001840,push,sleep_challenge,sent
m_000004622,2026-01-28T15:51:47Z,u_000592,sms,heart_health_month,sent
m_000004623,2026-01-27T10:50:24Z,u_001560,push,weekly_digest,sent
m_000004624,2026-01-30T07:38:47Z,u_000009,email,sleep_challenge,sent
m_000004625,2026-01-28T09:23:08Z,u_004235,email,sleep_challenge,sent
m_000004626,2026-01-31T00:39:15Z,u_003945,sms,new_content_alert,sent
m_000004627,2026-02-02T10:12:29Z,u_003413,sms,stress_relief_program,sent
m_000004628,2026-01-29T17:37:59Z,u_001789,push,weight_loss_series,opened
m_000004629,2026-01-30T09:58:08Z,u_002838,sms,new_content_alert,sent
m_000004630,2026-01-27T08:36:06Z,u_003549,email,stress_relief_program,sent
m_000004631,2026-02-02T00:51:13Z,u_001204,email,weight_loss_series,sent
m_000004632,2026-01-29T15:58:07Z,u_001032,sms,weight_loss_series,unsubscribed
m_000004633,2026-02-02T10:48:49Z,u_004445,sms,new_content_alert,sent
m_000004634,2026-01-31T06:36:47Z,u_004599,email,stress_relief_program,sent
m_000004635,2026-01-31T15:14:26Z,u_003488,email,heart_health_month,sent
m_000004636,2026-02-01T13:38:17Z,u_004330,sms,weight_loss_series,sent
m_000004637,2026-01-29T04:57:59Z,u_001061,email,weight_loss_series,sent
m_000004638,2026-01-30T15:38:00Z,u_000938,sms,new_content_alert,sent
m_000004639,2026-01-31T21:57:15Z,u_000640,email,heart_health_month,sent
m_000004640,2026-01-31T00:15:15Z,u_002377,push,heart_health_month,sent
m_000004641,2026-02-01T00:47:32Z,u_000188,email,weekly_digest,opened
m_000004642,2026-01-31T05:00:09Z,u_004488,sms,sleep_challenge,sent
m_000004643,2026-01-28T13:13:14Z,u_001942,push,weight_loss_series,opened
m_000004644,2026-01-27T14:15:02Z,u_004008,sms,stress_relief_program,delivered
m_000004645,2026-02-02T15:51:37Z,u_000983,push,weight_loss_series,delivered
m_000004646,2026-01-27T02:55:03Z,u_000386,push,stress_relief_program,opened
m_000004647,2026-01-31T13:09:24Z,u_004598,email,heart_health_month,delivered
m_000004648,2026-01-27T18:31:12Z,u_004564,email,weight_loss_series,sent
m_000004649,2026-01-30T23:03:45Z,u_001301,email,stress_relief_program,sent
m_000004650,2026-01-30T21:19:22Z,u_003207,email,sleep_challenge,sent
m_000004651,2026-01-31T22:09:11Z,u_004222,sms,weekly_digest,opened
m_000004652,2026-01-29T22:47:53Z,u_002118,email,heart_health_month,sent
m_000004653,2026-01-28T23:27:12Z,u_000601,sms,new_content_alert,sent
m_000004654,2026-01-27T04:14:51Z,u_004117,sms,sleep_challenge,sent
m_000004655,2026-01-27T22:21:59Z,u_000058,email,sleep_challenge,sent
m_000004656,2026-01-27T12:34:55Z,u_001470,push,stress_relief_program,opened
m_000004657,2026-01-28T03:56:06Z,u_000793,push,weekly_digest,sent
m_000004658,2026-01-31T01:42:53Z,u_002176,push,sleep_challenge,delivered
m_000004659,2026-01-30T14:16:06Z,u_003679,sms,weight_loss_series,opened
m_000004660,2026-02-01T23:12:57Z,u_003381,email,weekly_digest,sent
m_000004661,2026-02-01T05:44:55Z,u_004295,email,stress_relief_program,sent
m_000004662,2026-01-30T19:45:11Z,u_003683,email,weekly_digest,clicked
m_000004663,2026-02-01T13:28:20Z,u_002833,sms,sleep_challenge,sent
m_000004664,2026-02-01T07:11:48Z,u_004896,email,weight_loss_series,sent
m_000004665,2026-02-02T00:13:33Z,u_002172,email,weight_loss_series,sent
m_000004666,2026-01-29T09:12:31Z,u_002519,push,heart_health_month,delivered
m_000004667,2026-01-31T21:27:35Z,u_003376,push,heart_health_month,sent
m_000004668,2026-02-02T16:24:53Z,u_004540,push,stress_relief_program,delivered
m_000004669,2026-01-27T08:03:55Z,u_001738,sms,stress_relief_program,sent
m_000004670,2026-01-28T06:39:49Z,u_004081,sms,sleep_challenge,delivered
m_000004671,2026-01-27T21:10:44Z,u_001416,push,stress_relief_program,sent
m_000004672,2026-01-29T21:44:08Z,u_000250,push,weekly_digest,sent
m_000004673,2026-01-29T11:41:36Z,u_003567,email,heart_health_month,delivered
m_000004674,2026-01-31T22:44:21Z,u_003731,sms,weekly_digest,sent
m_000004675,2026-01-28T05:36:24Z,u_001701,push,weight_loss_series,sent
m_000004676,2026-02-01T01:52:08Z,u_003423,email,stress_relief_program,sent
m_000004677,2026-01-30T01:24:38Z,u_002681,sms,weekly_digest,sent
m_000004678,2026-01-30T17:47:08Z,u_002430,sms,weight_loss_series,sent
m_000004679,2026-02-01T11:24:28Z,u_000533,sms,sleep_challenge,sent
m_000004680,2026-01-27T00:10:09Z,u_002030,email,weekly_digest,sent
m_000004681,2026-01-31T10:43:16Z,u_004504,email,weight_loss_series,sent
m_000004682,2026-01-30T03:18:07Z,u_001509,push,weekly_digest,sent
m_000004683,2026-01-31T18:18:08Z,u_000376,push,heart_health_month,delivered
m_000004684,2026-01-29T09:13:17Z,u_004895,email,heart_health_month,sent
m_000004685,2026-01-29T22:38:19Z,u_001172,email,heart_health_month,delivered
m_000004686,2026-01-29T07:38:04Z,u_003946,sms,heart_health_month,clicked
m_000004687,2026-02-02T19:50:51Z,u_000825,push,heart_health_month,sent
m_000004688,2026-02-02T10:10:14Z,u_004821,sms,sleep_challenge,sent
m_000004689,2026-01-27T07:39:27Z,u_004336,push,stress_relief_program,sent
m_000004690,2026-01-27T08:22:49Z,u_002922,email,weight_loss_series,opened
m_000004691,2026-02-02T02:28:46Z,u_002686,email,stress_relief_program,sent
m_000004692,2026-02-01T07:51:08Z,u_002292,email,weekly_digest,delivered
m_000004693,2026-01-27T20:48:28Z,u_001284,sms,new_content_alert,opened
m_000004694,2026-02-02T09:52:04Z,u_001760,push,heart_health_month,clicked
m_000004695,2026-01-29T12:19:19Z,u_000071,push,weight_loss_series,delivered
m_000004696,2026-02-02T07:44:08Z,u_003479,email,weight_loss_series,sent
m_000004697,2026-02-01T08:27:50Z,u_000275,sms,weekly_digest,sent
m_000004698,2026-01-31T21:02:54Z,u_002336,email,new_content_alert,sent
m_000004699,2026-01-28T12:49:54Z,u_000952,email,weight_loss_series,sent
m_000004700,2026-01-30T09:30:01Z,u_004811,email,weight_loss_series,sent
m_000004701,2026-02-01T16:16:25Z,u_002538,sms,stress_relief_program,opened
m_000004702,2026-02-01T13:15:39Z,u_001346,email,sleep_challenge,clicked
m_000004703,2026-01-28T19:04:42Z,u_004912,push,heart_health_month,sent
m_000004704,2026-02-01T00:51:10Z,u_004129,sms,new_content_alert,opened
m_000004705,2026-01-31T11:58:59Z,u_000402,push,sleep_challenge,sent
m_000004706,2026-01-31T04:07:34Z,u_000815,sms,sleep_challenge,sent
m_000004707,2026-02-01T15:25:11Z,u_003586,email,weight_loss_series,clicked
m_000004708,2026-01-27T02:05:15Z,u_000257,sms,heart_health_month,opened
m_000004709,2026-01-29T20:46:02Z,u_003822,sms,heart_health_month,clicked
m_000004710,2026-01-30T04:08:28Z,u_004699,email,sleep_challenge,sent
m_000004711,2026-01-31T18:50:15Z,u_002044,email,weight_loss_series,delivered
m_000004712,2026-01-29T14:02:55Z,u_000406,push,weight_loss_series,sent
m_000004713,2026-01-30T12:11:52Z,u_001643,push,weekly_digest,sent
m_000004714,2026-01-30T02:32:01Z,u_001173,email,new_content_alert,sent
m_000004715,2026-02-01T04:42:29Z,u_002049,push,heart_health_month,delivered
m_000004716,2026-02-01T08:32:19Z,u_001780,sms,stress_relief_program,sent
m_000004717,2026-02-01T01:17:13Z,u_001270,email,new_content_alert,sent
m_000004718,2026-01-29T12:00:07Z,u_004355,push,weight_loss_series,delivered
m_000004719,2026-01-27T00:08:14Z,u_003819,email,heart_health_month,opened
m_000004720,2026-02-01T11:22:48Z,u_003121,push,weekly_digest,sent
m_000004721,2026-01-30T16:58:13Z,u_001210,push,weekly_digest,clicked
m_000004722,2026-01-29T16:41:58Z,u_000061,push,stress_relief_program,delivered
m_000004723,2026-01-30T00:33:58Z,u_000872,push,weekly_digest,sent
m_000004724,2026-01-29T02:47:26Z,u_003432,push,weekly_digest,delivered
m_000004725,2026-01-30T16:28:28Z,u_002260,push,stress_relief_program,sent
m_000004726,2026-01-29T02:40:20Z,u_001259,sms,heart_health_month,opened
m_000004727,2026-01-29T03:55:13Z,u_004539,sms,new_content_alert,opened
m_000004728,2026-01-28T00:01:43Z,u_002794,email,weight_loss_series,sent
m_000004729,2026-01-30T22:36:50Z,u_000081,push,weight_loss_series,delivered
m_000004730,2026-01-31T05:00:46Z,u_000475,push,weight_loss_series,sent
m_000004731,2026-01-31T06:18:27Z,u_001075,email,new_content_alert,delivered
m_000004732,2026-01-27T07:46:59Z,u_000340,email,new_content_alert,opened
m_000004733,2026-02-01T03:07:58Z,u_003721,push,weekly_digest,opened
m_000004734,2026-02-01T13:51:36Z,u_002830,push,sleep_challenge,clicked
m_000004735,2026-02-01T21:25:32Z,u_001558,push,sleep_challenge,sent
m_000004736,2026-02-02T01:26:22Z,u_004128,push,stress_relief_program,sent
m_000004737,2026-01-31T02:02:41Z,u_004179,sms,new_content_alert,clicked
m_000004738,2026-01-27T02:02:22Z,u_002214,push,stress_relief_program,sent
m_000004739,2026-01-31T14:53:25Z,u_003131,push,weekly_digest,sent
m_000004740,2026-01-31T10:50:13Z,u_001436,push,weight_loss_series,delivered
m_000004741,2026-01-28T23:08:55Z,u_003069,email,heart_health_month,sent
m_000004742,2026-02-01T04:22:56Z,u_004269,email,weight_loss_series,opened
m_000004743,2026-01-28T06:36:17Z,u_001457,sms,sleep_challenge,sent
m_000004744,2026-01-29T18:41:45Z,u_004961,push,heart_health_month,sent
m_000004745,2026-02-01T11:27:38Z,u_003768,sms,sleep_challenge,sent
m_000004746,2026-01-29T11:51:29Z,u_002045,email,stress_relief_program,sent
m_000004747,2026-01-31T22:11:47Z,u_000770,sms,heart_health_month,sent
m_000004748,2026-02-01T01:55:10Z,u_000132,email,new_content_alert,sent
m_000004749,2026-02-02T17:08:08Z,u_004932,email,weight_loss_series,sent
m_000004750,2026-01-30T11:21:30Z,u_001204,email,stress_relief_program,sent
m_000004751,2026-01-27T14:38:22Z,u_000067,email,stress_relief_program,sent
m_000004752,2026-01-29T04:28:50Z,u_001208,push,sleep_challenge,sent
m_000004753,2026-02-01T12:19:26Z,u_003781,sms,heart_health_month,sent
m_000004754,2026-02-02T00:02:02Z,u_004789,push,weight_loss_series,sent
m_000004755,2026-01-31T16:35:02Z,u_002776,push,stress_relief_program,sent
m_000004756,2026-01-29T20:27:02Z,u_003801,sms,weight_loss_series,sent
m_000004757,2026-01-28T12:11:09Z,u_001325,sms,stress_relief_program,sent
m_000004758,2026-01-29T13:38:16Z,u_002623,email,stress_relief_program,sent
m_000004759,2026-01-30T23:50:50Z,u_002251,email,stress_relief_program,sent
m_000004760,2026-01-28T21:06:43Z,u_003672,push,weight_loss_series,delivered
m_000004761,2026-01-29T07:30:02Z,u_002577,email,new_content_alert,opened
m_000004762,2026-01-30T23:32:47Z,u_002463,push,weekly_digest,sent
m_000004763,2026-02-02T15:56:25Z,u_004155,sms,weight_loss_series,delivered
m_000004764,2026-01-30T13:47:13Z,u_001519,email,new_content_alert,sent
m_000004765,2026-01-30T01:31:45Z,u_004131,push,weight_loss_series,sent
m_000004766,2026-01-29T20:44:34Z,u_004954,sms,new_content_alert,sent
m_000004767,2026-02-01T19:06:09Z,u_000433,push,new_content_alert,sent
m_000004768,2026-01-28T22:28:15Z,u_002009,sms,sleep_challenge,opened
m_000004769,2026-02-02T07:13:31Z,u_002959,sms,weight_loss_series,delivered
m_000004770,2026-01-29T08:04:13Z,u_001917,sms,stress_relief_program,opened
m_000004771,2026-01-27T01:33:18Z,u_001622,email,sleep_challenge,sent
m_000004772,2026-01-27T09:22:29Z,u_004269,email,sleep_challenge,sent
m_000004773,2026-02-02T15:59:53Z,u_000802,sms,heart_health_month,sent
m_000004774,2026-01-30T06:04:00Z,u_002231,push,heart_health_month,opened
m_000004775,2026-01-28T02:16:02Z,u_004874,push,new_content_alert,sent
m_000004776,2026-02-01T21:37:22Z,u_002367,sms,new_content_alert,sent
m_000004777,2026-01-27T00:34:42Z,u_003067,email,heart_health_month,sent
m_000004778,2026-02-02T05:58:39Z,u_000225,push,stress_relief_program,opened
m_000004779,2026-01-31T21:19:56Z,u_000042,email,stress_relief_program,sent
m_000004780,2026-01-27T16:31:33Z,u_003401,push,weekly_digest,delivered
m_000004781,2026-01-29T04:28:45Z,u_003624,sms,new_content_alert,opened
m_000004782,2026-01-27T16:47:36Z,u_003046,sms,stress_relief_program,sent
m_000004783,2026-01-30T08:58:26Z,u_003243,push,weight_loss_series,sent
m_000004784,2026-01-30T13:48:27Z,u_003149,push,new_content_alert,sent
m_000004785,2026-02-02T00:59:24Z,u_001551,email,weight_loss_series,delivered
m_000004786,2026-01-30T01:38:23Z,u_002774,email,stress_relief_program,opened
m_000004787,2026-01-27T08:54:15Z,u_004090,push,heart_health_month,sent
m_000004788,2026-01-31T11:53:44Z,u_000391,email,sleep_challenge,delivered
m_000004789,2026-01-30T08:38:34Z,u_003277,email,weekly_digest,unsubscribed
m_000004790,2026-02-02T14:08:18Z,u_003347,push,new_content_alert,sent
m_000004791,2026-01-30T04:04:55Z,u_004445,email,new_content_alert,delivered
m_000004792,2026-01-27T16:48:32Z,u_002266,push,weekly_digest,sent
m_000004793,2026-01-28T22:40:05Z,u_003233,sms,weekly_digest,sent
m_000004794,2026-02-02T18:19:48Z,u_001012,sms,weekly_digest,sent
m_000004795,2026-01-27T03:28:57Z,u_001155,sms,heart_health_month,sent
m_000004796,2026-01-31T04:52:53Z,u_003541,sms,weekly_digest,opened
m_000004797,2026-01-27T07:39:40Z,u_004434,sms,heart_health_month,sent
m_000004798,2026-02-01T19:05:31Z,u_001441,push,heart_health_month,sent
m_000004799,2026-02-02T10:11:45Z,u_000914,email,weight_loss_series,sent
m_000004800,2026-02-01T21:34:31Z,u_000155,sms,new_content_alert,sent
m_000004801,2026-02-01T21:29:29Z,u_003099,push,weight_loss_series,delivered
m_000004802,2026-01-27T00:13:07Z,u_003465,push,new_content_alert,sent
m_000004803,2026-01-27T19:56:20Z,u_003092,push,weight_loss_series,sent
m_000004804,2026-01-31T05:11:34Z,u_001316,sms,weight_loss_series,delivered
m_000004805,2026-01-29T22:14:46Z,u_002427,push,new_content_alert,sent
m_000004806,2026-01-31T02:00:32Z,u_003284,sms,stress_relief_program,sent
m_000004807,2026-02-01T01:27:51Z,u_003345,sms,weekly_digest,sent
m_000004808,2026-01-31T04:10:17Z,u_004182,email,heart_health_month,sent
m_000004809,2026-01-27T11:50:50Z,u_003056,email,new_content_alert,sent
m_000004810,2026-01-31T15:23:48Z,u_004283,sms,heart_health_month,sent
m_000004811,2026-01-28T01:03:22Z,u_000616,email,stress_relief_program,sent
m_000004812,2026-01-31T15:19:59Z,u_000173,email,new_content_alert,sent
m_000004813,2026-02-02T12:01:02Z,u_000583,push,weight_loss_series,sent
m_000004814,2026-01-31T14:57:33Z,u_000997,email,heart_health_month,clicked
m_000004815,2026-01-27T10:45:26Z,u_002268,push,weekly_digest,sent
m_000004816,2026-02-01T13:22:23Z,u_001485,sms,stress_relief_program,sent
m_000004817,2026-01-29T18:52:31Z,u_003911,sms,stress_relief_program,sent
m_000004818,2026-01-30T14:09:58Z,u_003724,email,weight_loss_series,sent
m_000004819,2026-01-27T23:44:04Z,u_002436,sms,sleep_challenge,sent
m_000004820,2026-02-02T12:52:10Z,u_003415,sms,sleep_challenge,delivered
m_000004821,2026-01-29T08:47:29Z,u_001198,push,new_content_alert,sent
m_000004822,2026-02-01T05:11:36Z,u_001182,email,weekly_digest,sent
m_000004823,2026-02-02T08:23:24Z,u_004334,sms,new_content_alert,delivered
m_000004824,2026-01-27T16:41:57Z,u_001057,email,new_content_alert,sent
m_000004825,2026-01-28T14:54:56Z,u_000413,sms,weight_loss_series,sent
m_000004826,2026-01-30T03:01:55Z,u_004978,email,weekly_digest,delivered
m_000004827,2026-01-30T06:05:31Z,u_004080,email,new_content_alert,sent
m_000004828,2026-01-27T04:04:24Z,u_003336,sms,sleep_challenge,delivered
m_000004829,2026-01-30T14:22:32Z,u_004707,email,weight_loss_series,sent
m_000004830,2026-01-28T13:14:54Z,u_003446,push,stress_relief_program,opened
m_000004831,2026-01-29T06:59:22Z,u_004055,email,sleep_challenge,delivered
m_000004832,2026-01-31T06:13:18Z,u_004130,sms,heart_health_month,sent
m_000004833,2026-01-29T06:54:04Z,u_004542,sms,stress_relief_program,clicked
m_000004834,2026-01-27T02:42:21Z,u_002490,push,weekly_digest,sent
m_000004835,2026-01-31T11:05:44Z,u_000634,sms,new_content_alert,delivered
m_000004836,2026-01-26T21:00:31Z,u_002317,push,sleep_challenge,delivered
m_000004837,2026-01-28T10:52:05Z,u_002933,sms,sleep_challenge,sent
m_000004838,2026-01-31T22:16:29Z,u_003549,email,new_content_alert,sent
m_000004839,2026-01-28T10:11:22Z,u_002484,sms,sleep_challenge,sent
m_000004840,2026-01-29T12:32:26Z,u_000074,push,stress_relief_program,sent
m_000004841,2026-01-30T02:44:03Z,u_001964,push,stress_relief_program,sent
m_000004842,2026-01-28T06:47:03Z,u_003206,push,weekly_digest,sent
m_000004843,2026-01-30T23:09:55Z,u_002739,email,new_content_alert,sent
m_000004844,2026-02-02T05:46:29Z,u_003151,email,weight_loss_series,sent
m_000004845,2026-02-01T14:07:06Z,u_003851,email,stress_relief_program,sent
m_000004846,2026-01-29T07:13:13Z,u_001948,push,sleep_challenge,delivered
m_000004847,2026-01-29T11:32:20Z,u_003393,sms,new_content_alert,sent
m_000004848,2026-01-29T03:05:40Z,u_003143,push,sleep_challenge,sent
m_000004849,2026-02-02T08:35:57Z,u_003435,email,weight_loss_series,sent
m_000004850,2026-01-27T22:19:43Z,u_000138,sms,stress_relief_program,sent
m_000004851,2026-01-31T09:23:53Z,u_000880,sms,heart_health_month,sent
m_000004852,2026-02-01T18:54:40Z,u_004852,sms,weekly_digest,sent
m_000004853,2026-02-02T08:03:04Z,u_004442,sms,weight_loss_series,delivered
m_000004854,2026-01-29T07:13:09Z,u_004154,push,new_content_alert,sent
m_000004855,2026-02-01T18:05:21Z,u_001941,sms,weight_loss_series,delivered
m_000004856,2026-01-28T11:41:04Z,u_002290,sms,heart_health_month,sent
m_000004857,2026-01-27T22:25:24Z,u_003251,sms,weekly_digest,sent
m_000004858,2026-01-27T20:16:32Z,u_003465,email,weekly_digest,sent
m_000004859,2026-02-02T15:46:20Z,u_000875,push,heart_health_month,delivered
m_000004860,2026-01-28T05:40:50Z,u_001757,push,weight_loss_series,sent
m_000004861,2026-01-31T00:42:03Z,u_001736,email,weight_loss_series,clicked
m_000004862,2026-02-02T11:00:39Z,u_004372,sms,sleep_challenge,opened
m_000004863,2026-02-01T15:36:52Z,u_003233,sms,stress_relief_program,sent
m_000004864,2026-01-26T21:20:22Z,u_003975,push,sleep_challenge,delivered
m_000004865,2026-01-30T22:24:55Z,u_003189,sms,weekly_digest,sent
m_000004866,2026-01-28T10:51:55Z,u_004508,sms,sleep_challenge,sent
m_000004867,2026-01-29T19:59:28Z,u_003198,push,heart_health_month,delivered
m_000004868,2026-01-31T19:22:59Z,u_001248,push,stress_relief_program,sent
m_000004869,2026-01-28T16:13:42Z,u_001238,push,new_content_alert,sent
m_000004870,2026-01-29T16:21:47Z,u_000456,email,weight_loss_series,delivered
m_000004871,2026-01-29T21:24:01Z,u_001225,sms,new_content_alert,sent
m_000004872,2026-01-27T00:31:30Z,u_000013,email,sleep_challenge,sent
m_000004873,2026-02-01T00:20:12Z,u_002919,sms,heart_health_month,delivered
m_000004874,2026-02-02T12:24:11Z,u_004636,email,heart_health_month,sent
m_000004875,2026-01-29T20:05:00Z,u_002204,sms,stress_relief_program,sent
m_000004876,2026-02-01T20:28:56Z,u_003056,push,weight_loss_series,sent
m_000004877,2026-01-31T11:42:01Z,u_004529,push,sleep_challenge,sent
m_000004878,2026-02-02T14:29:28Z,u_001803,email,stress_relief_program,sent
m_000004879,2026-01-29T20:51:01Z,u_002384,email,heart_health_month,opened
m_000004880,2026-02-02T07:01:24Z,u_003062,email,stress_relief_program,sent
m_000004881,2026-01-31T16:49:27Z,u_003511,sms,heart_health_month,sent
m_000004882,2026-01-30T00:14:26Z,u_002182,push,heart_health_month,sent
m_000004883,2026-01-31T04:56:01Z,u_001798,email,weight_loss_series,sent
m_000004884,2026-01-27T12:03:05Z,u_003078,push,weight_loss_series,delivered
m_000004885,2026-01-31T06:04:43Z,u_004792,push,weekly_digest,sent
m_000004886,2026-01-31T07:59:27Z,u_002206,push,stress_relief_program,sent
m_000004887,2026-01-26T21:15:55Z,u_001382,push,weekly_digest,sent
m_000004888,2026-01-30T19:56:59Z,u_000179,email,weight_loss_series,opened
m_000004889,2026-01-29T02:43:57Z,u_004597,push,weekly_digest,delivered
m_000004890,2026-02-02T13:07:23Z,u_002930,sms,sleep_challenge,sent
m_000004891,2026-01-29T04:34:43Z,u_002639,push,stress_relief_program,sent
m_000004892,2026-01-29T12:47:27Z,u_004890,push,weight_loss_series,sent
m_000004893,2026-01-30T00:41:34Z,u_000129,sms,new_content_alert,sent
m_000004894,2026-01-28T21:01:42Z,u_001068,email,stress_relief_program,sent
m_000004895,2026-02-02T15:25:20Z,u_003732,email,weight_loss_series,opened
m_000004896,2026-01-30T06:13:31Z,u_001102,email,weekly_digest,delivered
m_000004897,2026-01-30T11:59:38Z,u_001188,sms,sleep_challenge,sent
m_000004898,2026-02-01T15:40:01Z,u_003208,email,stress_relief_program,sent
m_000004899,2026-01-29T01:01:36Z,u_002669,push,new_content_alert,clicked
m_000004900,2026-01-27T00:05:44Z,u_002866,push,new_content_alert,sent
m_000004901,2026-01-30T22:30:49Z,u_000967,sms,new_content_alert,opened
m_000004902,2026-01-30T06:33:36Z,u_000551,sms,stress_relief_program,clicked
m_000004903,2026-02-02T01:16:21Z,u_003527,sms,weekly_digest,delivered
m_000004904,2026-01-29T16:43:55Z,u_000050,email,sleep_challenge,sent
m_000004905,2026-02-01T21:35:38Z,u_003686,push,new_content_alert,sent
m_000004906,2026-01-28T19:20:18Z,u_002427,email,sleep_challenge,delivered
m_000004907,2026-02-01T14:24:44Z,u_000914,email,new_content_alert,sent
m_000004908,2026-01-28T13:43:56Z,u_002684,email,heart_health_month,sent
m_000004909,2026-01-31T21:36:13Z,u_003565,sms,sleep_challenge,delivered
m_000004910,2026-02-02T07:34:59Z,u_004330,sms,new_content_alert,sent
m_000004911,2026-01-30T17:22:47Z,u_004931,push,stress_relief_program,sent
m_000004912,2026-01-27T09:36:06Z,u_002376,push,weekly_digest,sent
m_000004913,2026-01-29T03:27:50Z,u_004396,sms,weekly_digest,delivered
m_000004914,2026-01-31T02:26:51Z,u_002216,push,sleep_challenge,sent
m_000004915,2026-01-30T07:40:51Z,u_002096,sms,stress_relief_program,delivered
m_000004916,2026-01-27T20:00:00Z,u_002489,push,heart_health_month,sent
m_000004917,2026-01-31T04:49:28Z,u_000788,sms,new_content_alert,sent
m_000004918,2026-02-02T05:23:18Z,u_004816,sms,new_content_alert,sent
m_000004919,2026-01-27T04:02:09Z,u_004841,push,new_content_alert,sent
m_000004920,2026-01-30T16:23:05Z,u_001870,email,new_content_alert,sent
m_000004921,2026-01-28T11:00:41Z,u_001786,push,weekly_digest,delivered
m_000004922,2026-02-02T08:33:52Z,u_002838,email,heart_health_month,clicked
m_000004923,2026-01-31T20:10:07Z,u_004477,email,stress_relief_program,sent
m_000004924,2026-01-27T11:17:55Z,u_002244,sms,stress_relief_program,sent
m_000004925,2026-02-01T10:42:34Z,u_004989,push,weekly_digest,sent
m_000004926,2026-01-27T20:33:08Z,u_000856,email,new_content_alert,delivered
m_000004927,2026-02-01T08:38:21Z,u_000948,push,heart_health_month,delivered
m_000004928,2026-01-29T16:39:15Z,u_001013,push,weight_loss_series,sent
m_000004929,2026-02-02T06:54:19Z,u_000656,push,weight_loss_series,opened
m_000004930,2026-02-02T12:58:47Z,u_002821,email,new_content_alert,delivered
m_000004931,2026-01-31T19:44:26Z,u_002253,push,weekly_digest,sent
m_000004932,2026-01-28T03:50:52Z,u_001677,push,sleep_challenge,sent
m_000004933,2026-01-31T13:50:56Z,u_001648,sms,weight_loss_series,sent
m_000004934,2026-01-31T15:27:59Z,u_003915,push,new_content_alert,sent
m_000004935,2026-01-28T14:24:46Z,u_003264,sms,stress_relief_program,sent
m_000004936,2026-01-27T07:34:13Z,u_002450,push,stress_relief_program,sent
m_000004937,2026-01-29T10:21:29Z,u_001219,push,weekly_digest,sent
m_000004938,2026-01-28T01:50:43Z,u_000632,email,new_content_alert,sent
m_000004939,2026-01-31T03:39:19Z,u_003017,sms,sleep_challenge,sent
m_000004940,2026-01-31T16:23:03Z,u_004302,sms,heart_health_month,sent
m_000004941,2026-02-01T17:36:25Z,u_000994,sms,stress_relief_program,sent
m_000004942,2026-02-01T16:01:55Z,u_002100,push,heart_health_month,sent
m_000004943,2026-02-01T23:21:45Z,u_002554,email,heart_health_month,sent
m_000004944,2026-02-01T07:14:44Z,u_002305,email,sleep_challenge,sent
m_000004945,2026-02-01T20:57:20Z,u_004026,sms,stress_relief_program,sent
m_000004946,2026-01-27T04:10:50Z,u_002879,email,weight_loss_series,sent
m_000004947,2026-01-28T03:51:50Z,u_000672,email,new_content_alert,unsubscribed
m_000004948,2026-01-27T20:28:49Z,u_001188,push,sleep_challenge,sent
m_000004949,2026-01-30T21:52:33Z,u_003846,email,new_content_alert,delivered
m_000004950,2026-02-01T05:03:01Z,u_001974,sms,sleep_challenge,sent
m_000004951,2026-02-01T13:30:40Z,u_000219,sms,weight_loss_series,delivered
m_000004952,2026-01-30T17:16:39Z,u_002086,sms,heart_health_month,delivered
m_000004953,2026-02-02T15:07:50Z,u_001781,push,stress_relief_program,delivered
m_000004954,2026-01-27T17:06:37Z,u_004888,email,stress_relief_program,sent
m_000004955,2026-01-31T07:26:55Z,u_001600,push,weekly_digest,sent
m_000004956,2026-01-28T00:18:14Z,u_004966,email,new_content_alert,sent
m_000004957,2026-01-27T13:21:31Z,u_004338,push,heart_health_month,sent
m_000004958,2026-01-31T03:40:54Z,u_001717,sms,weekly_digest,sent
m_000004959,2026-01-30T14:15:38Z,u_004946,email,weight_loss_series,opened
m_000004960,2026-02-01T05:30:36Z,u_002931,sms,sleep_challenge,opened
m_000004961,2026-01-30T01:41:12Z,u_002909,email,new_content_alert,opened
m_000004962,2026-01-28T23:17:35Z,u_001751,email,sleep_challenge,sent
m_000004963,2026-01-28T05:09:54Z,u_002612,sms,weight_loss_series,sent
m_000004964,2026-01-29T07:09:03Z,u_003034,email,stress_relief_program,sent
m_000004965,2026-02-02T04:08:13Z,u_004197,sms,weekly_digest,delivered
m_000004966,2026-02-01T02:12:13Z,u_000735,sms,weight_loss_series,sent
m_000004967,2026-02-02T14:51:05Z,u_001939,email,new_content_alert,clicked
m_000004968,2026-01-28T11:42:49Z,u_003722,push,new_content_alert,clicked
m_000004969,2026-02-01T14:50:05Z,u_000133,push,weekly_digest,sent
m_000004970,2026-01-29T10:30:28Z,u_001252,email,weekly_digest,delivered
m_000004971,2026-02-01T22:03:26Z,u_002574,push,stress_relief_program,sent
m_000004972,2026-01-31T08:19:43Z,u_003711,sms,stress_relief_program,sent
m_000004973,2026-02-01T21:51:25Z,u_004224,email,new_content_alert,sent
m_000004974,2026-01-30T10:13:54Z,u_003671,push,stress_relief_program,sent
m_000004975,2026-02-02T08:52:22Z,u_000381,sms,weight_loss_series,delivered
m_000004976,2026-01-27T00:32:38Z,u_001979,sms,heart_health_month,sent
m_000004977,2026-01-29T05:51:14Z,u_004027,push,heart_health_month,delivered
m_000004978,2026-02-01T09:28:37Z,u_000075,email,heart_health_month,opened
m_000004979,2026-01-31T00:37:33Z,u_000104,push,sleep_challenge,delivered
m_000004980,2026-02-01T01:43:20Z,u_003784,push,sleep_challenge,sent
m_000004981,2026-02-01T15:30:14Z,u_003642,email,stress_relief_program,sent
m_000004982,2026-01-30T11:54:49Z,u_004439,email,stress_relief_program,opened
m_000004983,2026-01-29T09:26:38Z,u_001558,sms,stress_relief_program,delivered
m_000004984,2026-01-30T05:34:09Z,u_004059,email,sleep_challenge,opened
m_000004985,2026-02-02T06:44:55Z,u_004553,push,weekly_digest,delivered
m_000004986,2026-01-29T22:41:25Z,u_004599,email,sleep_challenge,sent
m_000004987,2026-01-31T16:26:41Z,u_003757,sms,sleep_challenge,sent
m_000004988,2026-01-28T01:21:10Z,u_003183,email,heart_health_month,sent
m_000004989,2026-01-28T22:11:01Z,u_001727,push,weekly_digest,delivered
m_000004990,2026-01-31T13:54:37Z,u_001995,push,sleep_challenge,sent
m_000004991,2026-01-28T03:03:03Z,u_003840,push,new_content_alert,delivered
m_000004992,2026-01-26T20:14:41Z,u_004120,push,weekly_digest,sent
m_000004993,2026-01-28T15:52:49Z,u_003074,sms,weight_loss_series,sent
m_000004994,2026-01-29T13:46:17Z,u_001100,push,weight_loss_series,sent
m_000004995,2026-01-29T20:58:30Z,u_001366,email,new_content_alert,delivered
m_000004996,2026-01-31T12:33:02Z,u_000617,email,new_content_alert,sent
m_000004997,2026-01-29T12:13:24Z,u_002113,email,weekly_digest,delivered
m_000004998,2026-01-27T23:32:49Z,u_000402,sms,weight_loss_series,sent
m_000004999,2026-02-02T01:01:46Z,u_003109,email,heart_health_month,sent
m_000005000,2026-01-28T14:03:32Z,u_000855,email,new_content_alert,sent
m_000005001,2026-02-01T06:42:53Z,u_000237,sms,heart_health_month,sent
m_000005002,2026-01-28T06:21:47Z,u_004976,push,stress_relief_program,sent
m_000005003,2026-01-29T12:18:59Z,u_003332,sms,weight_loss_series,delivered
m_000005004,2026-02-02T05:13:10Z,u_001760,push,stress_relief_program,sent
m_000005005,2026-01-29T06:37:15Z,u_001893,email,weight_loss_series,sent
m_000005006,2026-01-30T03:18:19Z,u_001155,push,heart_health_month,delivered
m_000005007,2026-02-01T16:26:01Z,u_002764,email,new_content_alert,sent
m_000005008,2026-01-30T03:06:11Z,u_001388,sms,sleep_challenge,sent
m_000005009,2026-01-27T08:33:16Z,u_004896,push,new_content_alert,sent
m_000005010,2026-01-28T07:10:18Z,u_003767,sms,heart_health_month,opened
m_000005011,2026-01-30T23:14:05Z,u_002571,push,weight_loss_series,sent
m_000005012,2026-01-26T23:53:16Z,u_004263,push,new_content_alert,sent
m_000005013,2026-01-30T08:41:48Z,u_001929,push,heart_health_month,opened
m_000005014,2026-02-01T22:24:23Z,u_004509,email,heart_health_month,delivered
m_000005015,2026-01-31T23:41:04Z,u_002537,push,new_content_alert,sent
m_000005016,2026-02-02T17:43:41Z,u_001192,push,weekly_digest,sent
m_000005017,2026-01-28T23:54:09Z,u_004453,sms,weekly_digest,delivered
m_000005018,2026-01-31T04:09:03Z,u_002744,push,weekly_digest,sent
m_000005019,2026-01-30T00:39:27Z,u_001570,push,stress_relief_program,sent
m_000005020,2026-02-01T09:52:25Z,u_004312,sms,stress_relief_program,sent
m_000005021,2026-02-01T16:56:51Z,u_002688,push,sleep_challenge,sent
m_000005022,2026-01-30T08:51:57Z,u_004883,push,weight_loss_series,delivered
m_000005023,2026-01-31T18:43:31Z,u_001177,push,weekly_digest,opened
m_000005024,2026-02-02T04:53:02Z,u_000292,sms,weight_loss_series,delivered
m_000005025,2026-01-29T16:34:04Z,u_004103,sms,heart_health_month,sent
m_000005026,2026-01-30T06:04:45Z,u_000759,push,weekly_digest,sent
m_000005027,2026-01-28T15:21:23Z,u_003021,push,stress_relief_program,sent
m_000005028,2026-01-28T22:06:59Z,u_000786,email,new_content_alert,sent
m_000005029,2026-01-28T19:21:11Z,u_001321,email,new_content_alert,sent
m_000005030,2026-01-31T19:35:13Z,u_001617,email,weekly_digest,sent
m_000005031,2026-01-30T23:21:40Z,u_000381,email,weight_loss_series,sent
m_000005032,2026-01-30T07:22:26Z,u_002151,push,new_content_alert,sent
m_000005033,2026-01-30T20:30:06Z,u_003443,push,sleep_challenge,delivered
m_000005034,2026-01-27T23:15:16Z,u_000223,push,stress_relief_program,sent
m_000005035,2026-01-29T21:34:17Z,u_003425,email,weight_loss_series,sent
m_000005036,2026-01-29T01:55:33Z,u_003566,sms,sleep_challenge,delivered
m_000005037,2026-02-01T13:16:59Z,u_003287,sms,weekly_digest,sent
m_000005038,2026-02-01T20:30:40Z,u_004053,push,sleep_challenge,sent
m_000005039,2026-01-30T12:50:02Z,u_004349,email,stress_relief_program,sent
m_000005040,2026-01-30T02:40:09Z,u_001896,sms,sleep_challenge,sent
m_000005041,2026-01-28T13:34:03Z,u_004213,push,stress_relief_program,sent
m_000005042,2026-01-30T19:31:07Z,u_000074,push,new_content_alert,opened
m_000005043,2026-01-28T19:09:35Z,u_002505,sms,new_content_alert,sent
m_000005044,2026-01-27T13:50:05Z,u_000482,push,stress_relief_program,sent
m_000005045,2026-01-31T00:40:51Z,u_003697,sms,weekly_digest,sent
m_000005046,2026-01-28T12:03:25Z,u_000897,email,heart_health_month,sent
m_000005047,2026-01-30T18:11:36Z,u_000880,email,sleep_challenge,opened
m_000005048,2026-01-28T23:14:48Z,u_002938,sms,heart_health_month,sent
m_000005049,2026-01-30T18:09:10Z,u_002783,email,new_content_alert,sent
m_000005050,2026-01-27T09:10:18Z,u_000957,push,stress_relief_program,sent
m_000005051,2026-01-27T13:38:20Z,u_000362,email,weekly_digest,sent
m_000005052,2026-01-31T23:35:28Z,u_003129,email,weight_loss_series,sent
m_000005053,2026-01-27T19:37:29Z,u_000273,sms,new_content_alert,sent
m_000005054,2026-01-28T04:04:56Z,u_001388,sms,heart_health_month,sent
m_000005055,2026-01-30T21:30:54Z,u_002409,email,new_content_alert,sent
m_000005056,2026-01-27T18:34:33Z,u_000230,email,weekly_digest,sent
m_000005057,2026-01-29T10:51:09Z,u_001160,push,stress_relief_program,sent
m_000005058,2026-01-29T03:31:59Z,u_004254,sms,weekly_digest,delivered
m_000005059,2026-01-30T12:48:59Z,u_003418,push,weekly_digest,sent
m_000005060,2026-01-30T07:55:49Z,u_002209,email,new_content_alert,sent
m_000005061,2026-02-01T04:14:53Z,u_001694,sms,heart_health_month,sent
m_000005062,2026-02-01T06:08:13Z,u_002265,email,stress_relief_program,delivered
m_000005063,2026-01-29T03:55:58Z,u_000408,push,stress_relief_program,opened
m_000005064,2026-01-26T23:53:52Z,u_002235,push,sleep_challenge,sent
m_000005065,2026-01-27T12:39:53Z,u_004493,email,weekly_digest,delivered
m_000005066,2026-01-27T17:54:58Z,u_003500,email,stress_relief_program,sent
m_000005067,2026-02-02T03:24:44Z,u_004442,push,sleep_challenge,sent
m_000005068,2026-01-29T00:12:14Z,u_003435,sms,weekly_digest,sent
m_000005069,2026-02-02T18:06:42Z,u_004814,sms,sleep_challenge,sent
m_000005070,2026-01-30T09:58:26Z,u_002757,push,weight_loss_series,sent
m_000005071,2026-02-02T09:42:15Z,u_001988,email,new_content_alert,opened
m_000005072,2026-01-29T13:32:10Z,u_003046,sms,weight_loss_series,sent
m_000005073,2026-01-27T23:26:54Z,u_003445,push,weekly_digest,sent
m_000005074,2026-01-29T16:04:22Z,u_002967,email,weight_loss_series,sent
m_000005075,2026-02-01T18:21:36Z,u_004777,email,weight_loss_series,sent
m_000005076,2026-01-31T19:34:46Z,u_001978,push,weight_loss_series,sent
m_000005077,2026-01-28T16:21:11Z,u_002321,push,stress_relief_program,sent
m_000005078,2026-01-28T16:38:00Z,u_000873,push,weekly_digest,delivered
m_000005079,2026-01-31T12:21:18Z,u_004492,push,new_content_alert,sent
m_000005080,2026-02-01T18:19:28Z,u_003029,sms,weight_loss_series,delivered
m_000005081,2026-02-01T02:54:03Z,u_003548,push,sleep_challenge,opened
m_000005082,2026-01-27T05:02:39Z,u_000890,sms,new_content_alert,sent
m_000005083,2026-01-27T19:53:03Z,u_000430,sms,weekly_digest,opened
m_000005084,2026-01-31T02:31:31Z,u_001163,email,stress_relief_program,sent
m_000005085,2026-01-31T19:39:25Z,u_004430,email,weekly_digest,delivered
m_000005086,2026-01-28T20:46:10Z,u_004020,email,heart_health_month,opened
m_000005087,2026-02-02T00:22:15Z,u_002295,sms,new_content_alert,delivered
m_000005088,2026-01-31T09:18:21Z,u_000874,push,stress_relief_program,delivered
m_000005089,2026-01-26T22:22:53Z,u_003434,push,weekly_digest,opened
m_000005090,2026-01-31T18:42:46Z,u_001482,push,new_content_alert,sent
m_000005091,2026-01-31T04:18:45Z,u_001029,push,new_content_alert,sent
m_000005092,2026-02-02T13:05:14Z,u_003953,push,stress_relief_program,sent
m_000005093,2026-01-28T13:33:55Z,u_002195,sms,stress_relief_program,sent
m_000005094,2026-01-29T17:14:43Z,u_004826,push,heart_health_month,opened
m_000005095,2026-01-30T14:48:46Z,u_003002,sms,heart_health_month,sent
m_000005096,2026-02-02T05:12:39Z,u_003169,push,new_content_alert,sent
m_000005097,2026-01-30T17:11:03Z,u_002732,sms,sleep_challenge,delivered
m_000005098,2026-02-01T11:34:49Z,u_004394,push,new_content_alert,sent
m_000005099,2026-01-27T15:52:51Z,u_002518,sms,new_content_alert,sent
m_000005100,2026-01-27T08:09:45Z,u_003816,email,sleep_challenge,sent
m_000005101,2026-01-29T22:14:30Z,u_004247,sms,new_content_alert,sent
m_000005102,2026-01-30T04:34:58Z,u_002685,sms,new_content_alert,opened
m_000005103,2026-01-27T09:25:08Z,u_003226,sms,heart_health_month,delivered
m_000005104,2026-01-29T20:11:11Z,u_000950,email,heart_health_month,sent
m_000005105,2026-01-27T04:16:15Z,u_000697,email,stress_relief_program,delivered
m_000005106,2026-02-01T22:48:42Z,u_003412,push,stress_relief_program,opened
m_000005107,2026-01-27T21:27:33Z,u_003933,email,weekly_digest,sent
m_000005108,2026-01-28T22:52:45Z,u_001527,email,weekly_digest,delivered
m_000005109,2026-02-01T23:55:20Z,u_000795,sms,weekly_digest,sent
m_000005110,2026-01-27T04:09:33Z,u_001160,email,weekly_digest,sent
m_000005111,2026-01-27T19:23:03Z,u_003657,sms,heart_health_month,sent
m_000005112,2026-02-01T17:26:59Z,u_001348,sms,weekly_digest,sent
m_000005113,2026-02-01T13:51:06Z,u_003882,email,weight_loss_series,sent
m_000005114,2026-01-30T00:05:47Z,u_004257,push,new_content_alert,opened
m_000005115,2026-01-30T01:28:05Z,u_003650,push,weight_loss_series,delivered
m_000005116,2026-01-30T08:48:23Z,u_002432,sms,weekly_digest,opened
m_000005117,2026-02-02T12:54:50Z,u_002196,email,weight_loss_series,clicked
m_000005118,2026-01-30T13:51:37Z,u_003280,email,weight_loss_series,delivered
m_000005119,2026-02-02T19:40:51Z,u_002066,email,sleep_challenge,clicked
m_000005120,2026-01-31T07:12:35Z,u_004029,email,stress_relief_program,sent
m_000005121,2026-01-28T01:32:53Z,u_000143,email,weekly_digest,sent
m_000005122,2026-01-31T23:15:21Z,u_000650,sms,weekly_digest,delivered
m_000005123,2026-02-01T09:24:21Z,u_000516,email,heart_health_month,sent
m_000005124,2026-01-31T05:55:25Z,u_003858,sms,sleep_challenge,delivered
m_000005125,2026-02-01T22:54:29Z,u_002811,email,weekly_digest,delivered
m_000005126,2026-01-28T17:36:57Z,u_000484,email,new_content_alert,delivered
m_000005127,2026-01-31T02:43:11Z,u_003379,email,weekly_digest,delivered
m_000005128,2026-02-01T08:15:42Z,u_003539,email,heart_health_month,delivered
m_000005129,2026-01-31T02:49:58Z,u_003772,sms,stress_relief_program,delivered
m_000005130,2026-01-27T11:05:11Z,u_001498,email,weight_loss_series,opened
m_000005131,2026-01-29T15:30:14Z,u_001523,sms,sleep_challenge,sent
m_000005132,2026-02-02T04:22:17Z,u_003635,sms,weight_loss_series,opened
m_000005133,2026-01-27T04:10:03Z,u_002448,email,weight_loss_series,sent
m_000005134,2026-01-29T03:15:29Z,u_001946,push,new_content_alert,sent
m_000005135,2026-01-28T16:31:11Z,u_000135,sms,new_content_alert,delivered
m_000005136,2026-01-30T10:07:56Z,u_002042,push,weight_loss_series,sent
m_000005137,2026-01-26T22:13:49Z,u_000328,sms,new_content_alert,sent
m_000005138,2026-01-29T06:16:05Z,u_001529,email,weekly_digest,opened
m_000005139,2026-01-28T01:37:11Z,u_001209,push,stress_relief_program,clicked
m_000005140,2026-01-29T16:49:02Z,u_003757,email,new_content_alert,sent
m_000005141,2026-01-31T22:09:34Z,u_004367,email,weight_loss_series,sent
m_000005142,2026-01-30T13:02:39Z,u_003726,email,sleep_challenge,sent
m_000005143,2026-01-29T06:22:26Z,u_001637,email,weekly_digest,sent
m_000005144,2026-01-31T06:50:09Z,u_004897,push,heart_health_month,sent
m_000005145,2026-01-29T19:02:29Z,u_000939,email,weight_loss_series,sent
m_000005146,2026-02-02T05:44:32Z,u_004794,sms,weight_loss_series,delivered
m_000005147,2026-01-29T04:52:25Z,u_003229,push,stress_relief_program,delivered
m_000005148,2026-01-30T23:43:53Z,u_001077,sms,heart_health_month,sent
m_000005149,2026-01-28T22:10:49Z,u_000324,push,new_content_alert,delivered
m_000005150,2026-01-28T02:27:09Z,u_003029,email,heart_health_month,sent
m_000005151,2026-01-28T13:23:57Z,u_002521,email,new_content_alert,sent
m_000005152,2026-01-30T04:00:28Z,u_004222,push,heart_health_month,sent
m_000005153,2026-01-30T16:34:23Z,u_001202,sms,new_content_alert,sent
m_000005154,2026-01-27T17:31:28Z,u_000844,email,stress_relief_program,sent
m_000005155,2026-01-30T14:16:18Z,u_001240,sms,weight_loss_series,sent
m_000005156,2026-02-01T10:51:53Z,u_000159,push,heart_health_month,sent
m_000005157,2026-01-29T14:30:07Z,u_003563,push,new_content_alert,delivered
m_000005158,2026-01-28T09:18:21Z,u_000912,push,weekly_digest,sent
m_000005159,2026-01-27T01:04:02Z,u_002082,sms,new_content_alert,opened
m_000005160,2026-01-27T06:18:08Z,u_004921,push,sleep_challenge,sent
m_000005161,2026-02-02T06:24:40Z,u_001335,email,weekly_digest,sent
m_000005162,2026-01-30T10:47:38Z,u_001967,sms,weight_loss_series,sent
m_000005163,2026-02-01T19:42:03Z,u_004358,sms,new_content_alert,sent
m_000005164,2026-01-31T17:53:26Z,u_001271,email,stress_relief_program,delivered
m_000005165,2026-01-30T00:08:33Z,u_003625,push,new_content_alert,sent
m_000005166,2026-02-01T04:40:44Z,u_003958,push,weight_loss_series,opened
m_000005167,2026-01-27T13:27:08Z,u_002946,sms,heart_health_month,sent
m_000005168,2026-01-31T07:19:20Z,u_003005,email,weight_loss_series,sent
m_000005169,2026-02-01T14:51:33Z,u_002486,email,weight_loss_series,sent
m_000005170,2026-02-01T02:49:19Z,u_001481,email,weekly_digest,clicked
m_000005171,2026-02-02T03:52:18Z,u_001599,push,sleep_challenge,sent
m_000005172,2026-02-02T11:47:53Z,u_001328,email,new_content_alert,delivered
m_000005173,2026-02-01T03:06:19Z,u_002386,push,weekly_digest,sent
m_000005174,2026-01-29T01:58:25Z,u_004736,push,stress_relief_program,delivered
m_000005175,2026-02-02T12:20:51Z,u_004749,email,heart_health_month,sent
m_000005176,2026-02-02T19:36:50Z,u_002039,push,weekly_digest,clicked
m_000005177,2026-01-30T01:29:35Z,u_000794,push,sleep_challenge,delivered
m_000005178,2026-02-01T08:08:03Z,u_003839,email,sleep_challenge,opened
m_000005179,2026-01-31T17:21:08Z,u_004558,sms,weight_loss_series,delivered
m_000005180,2026-01-28T13:55:22Z,u_001385,push,sleep_challenge,sent
m_000005181,2026-01-28T12:06:29Z,u_002263,push,heart_health_month,delivered
m_000005182,2026-01-28T21:55:05Z,u_002838,email,sleep_challenge,sent
m_000005183,2026-01-29T05:26:52Z,u_003210,push,weight_loss_series,delivered
m_000005184,2026-02-02T11:01:03Z,u_002897,push,weekly_digest,sent
m_000005185,2026-01-31T07:17:38Z,u_004488,sms,weight_loss_series,sent
m_000005186,2026-01-28T05:20:29Z,u_000884,email,weekly_digest,sent
m_000005187,2026-01-26T23:06:31Z,u_000372,push,sleep_challenge,opened
m_000005188,2026-01-29T01:06:19Z,u_004579,email,heart_health_month,delivered
m_000005189,2026-01-31T10:10:15Z,u_003883,push,weight_loss_series,sent
m_000005190,2026-01-30T23:16:19Z,u_003894,push,sleep_challenge,sent
m_000005191,2026-02-02T05:39:28Z,u_001146,email,stress_relief_program,sent
m_000005192,2026-02-02T05:02:37Z,u_002345,push,weight_loss_series,sent
m_000005193,2026-02-01T13:47:45Z,u_002336,email,weight_loss_series,sent
m_000005194,2026-02-01T22:43:19Z,u_000153,push,weight_loss_series,delivered
m_000005195,2026-01-30T02:05:47Z,u_000283,push,new_content_alert,sent
m_000005196,2026-01-29T22:26:30Z,u_000839,sms,weight_loss_series,sent
m_000005197,2026-01-31T04:55:19Z,u_002415,push,weekly_digest,sent
m_000005198,2026-01-30T12:04:33Z,u_004676,email,new_content_alert,opened
m_000005199,2026-01-30T01:17:42Z,u_002199,email,new_content_alert,delivered
m_000005200,2026-01-29T10:47:12Z,u_003968,sms,stress_relief_program,clicked
m_000005201,2026-01-30T03:06:58Z,u_004685,sms,weekly_digest,sent
m_000005202,2026-01-29T00:26:07Z,u_001614,sms,new_content_alert,sent
m_000005203,2026-01-29T22:13:29Z,u_004592,email,stress_relief_program,sent
m_000005204,2026-01-29T11:27:54Z,u_000165,push,stress_relief_program,opened
m_000005205,2026-01-27T13:00:29Z,u_003963,sms,heart_health_month,sent
m_000005206,2026-02-02T03:17:55Z,u_002390,push,stress_relief_program,sent
m_000005207,2026-01-27T11:38:29Z,u_001498,email,stress_relief_program,sent
m_000005208,2026-01-31T05:12:21Z,u_003648,email,sleep_challenge,sent
m_000005209,2026-01-30T19:55:45Z,u_003662,email,sleep_challenge,sent
m_000005210,2026-02-01T09:18:37Z,u_000469,sms,stress_relief_program,sent
m_000005211,2026-01-27T23:56:00Z,u_002173,email,weight_loss_series,sent
m_000005212,2026-01-28T03:17:49Z,u_001058,push,sleep_challenge,sent
m_000005213,2026-02-01T12:23:32Z,u_003282,push,weight_loss_series,sent
m_000005214,2026-01-27T12:05:03Z,u_001828,push,weekly_digest,sent
m_000005215,2026-02-01T23:06:12Z,u_003274,email,weekly_digest,sent
m_000005216,2026-01-30T15:05:52Z,u_003261,sms,sleep_challenge,sent
m_000005217,2026-01-28T03:49:04Z,u_001394,push,heart_health_month,sent
m_000005218,2026-01-28T12:03:45Z,u_000071,sms,heart_health_month,sent
m_000005219,2026-02-02T14:49:34Z,u_003431,sms,stress_relief_program,sent
m_000005220,2026-01-28T00:22:25Z,u_004140,sms,sleep_challenge,sent
m_000005221,2026-01-31T00:06:32Z,u_003481,email,new_content_alert,clicked
m_000005222,2026-02-01T16:26:43Z,u_002592,push,weight_loss_series,sent
m_000005223,2026-01-29T08:42:54Z,u_002607,push,sleep_challenge,opened
m_000005224,2026-01-26T23:45:06Z,u_001734,email,stress_relief_program,clicked
m_000005225,2026-02-01T00:55:27Z,u_002142,sms,weight_loss_series,delivered
m_000005226,2026-01-28T18:37:22Z,u_002701,push,weekly_digest,unsubscribed
m_000005227,2026-01-31T05:42:47Z,u_000034,sms,heart_health_month,sent
m_000005228,2026-02-01T05:01:01Z,u_003294,sms,weekly_digest,delivered
m_000005229,2026-01-29T10:32:29Z,u_000885,email,weekly_digest,opened
m_000005230,2026-02-01T11:24:53Z,u_003580,sms,stress_relief_program,delivered
m_000005231,2026-02-01T08:48:34Z,u_004591,email,new_content_alert,sent
m_000005232,2026-01-28T04:45:21Z,u_002612,sms,stress_relief_program,sent
m_000005233,2026-01-29T08:17:57Z,u_000351,push,sleep_challenge,sent
m_000005234,2026-01-28T21:11:51Z,u_002660,push,weekly_digest,sent
m_000005235,2026-01-29T11:31:38Z,u_002231,sms,weekly_digest,clicked
m_000005236,2026-01-30T03:04:38Z,u_000878,email,weight_loss_series,sent
m_000005237,2026-01-28T12:13:29Z,u_002829,push,stress_relief_program,sent
m_000005238,2026-01-30T13:04:14Z,u_003853,email,weekly_digest,clicked
m_000005239,2026-01-27T02:29:46Z,u_003934,push,heart_health_month,sent
m_000005240,2026-02-01T09:40:20Z,u_004779,sms,new_content_alert,delivered
m_000005241,2026-01-31T05:12:27Z,u_004975,email,stress_relief_program,sent
m_000005242,2026-02-02T05:56:21Z,u_003401,push,weekly_digest,sent
m_000005243,2026-01-30T14:53:24Z,u_004512,push,weight_loss_series,sent
m_000005244,2026-01-30T15:19:23Z,u_002817,push,weight_loss_series,opened
m_000005245,2026-01-31T14:11:59Z,u_004641,sms,heart_health_month,delivered
m_000005246,2026-02-02T15:05:49Z,u_003434,sms,sleep_challenge,delivered
m_000005247,2026-01-30T05:48:34Z,u_002761,sms,heart_health_month,opened
m_000005248,2026-02-01T23:43:59Z,u_002851,email,heart_health_month,delivered
m_000005249,2026-01-29T16:13:38Z,u_003803,sms,new_content_alert,opened
m_000005250,2026-01-27T15:05:12Z,u_004631,sms,heart_health_month,sent
m_000005251,2026-01-28T14:37:09Z,u_002121,email,new_content_alert,sent
m_000005252,2026-01-30T04:03:57Z,u_001021,email,heart_health_month,delivered
m_000005253,2026-01-29T14:06:11Z,u_003645,email,new_content_alert,sent
m_000005254,2026-02-02T04:44:32Z,u_002023,push,stress_relief_program,sent
m_000005255,2026-02-02T07:49:39Z,u_004934,sms,heart_health_month,delivered
m_000005256,2026-02-02T06:35:42Z,u_002783,push,stress_relief_program,sent
m_000005257,2026-02-02T01:18:18Z,u_001622,email,stress_relief_program,sent
m_000005258,2026-01-30T09:10:57Z,u_003122,email,weekly_digest,delivered
m_000005259,2026-01-30T09:41:13Z,u_000319,push,heart_health_month,sent
m_000005260,2026-01-31T00:48:24Z,u_002473,email,weekly_digest,clicked
m_000005261,2026-02-02T05:11:34Z,u_001636,sms,sleep_challenge,delivered
m_000005262,2026-01-30T20:47:49Z,u_001742,email,sleep_challenge,sent
m_000005263,2026-02-01T05:23:47Z,u_000460,push,sleep_challenge,sent
m_000005264,2026-02-01T07:06:08Z,u_000998,push,sleep_challenge,sent
m_000005265,2026-02-01T12:18:39Z,u_002980,sms,heart_health_month,sent
m_000005266,2026-01-29T08:20:49Z,u_004485,push,heart_health_month,delivered
m_000005267,2026-02-02T01:36:17Z,u_000115,push,sleep_challenge,sent
m_000005268,2026-01-27T20:20:17Z,u_000983,push,stress_relief_program,sent
m_000005269,2026-02-02T19:27:28Z,u_000333,email,heart_health_month,clicked
m_000005270,2026-01-29T15:08:53Z,u_002520,push,weight_loss_series,clicked
m_000005271,2026-01-30T12:02:41Z,u_003232,push,weight_loss_series,sent
m_000005272,2026-01-31T13:21:46Z,u_001104,push,heart_health_month,sent
m_000005273,2026-01-27T10:34:09Z,u_001214,sms,sleep_challenge,sent
m_000005274,2026-01-31T10:03:56Z,u_000819,push,sleep_challenge,clicked
m_000005275,2026-01-31T22:15:24Z,u_003378,sms,weekly_digest,clicked
m_000005276,2026-01-28T05:22:34Z,u_001671,email,weekly_digest,sent
m_000005277,2026-01-28T17:17:56Z,u_004532,email,weekly_digest,sent
m_000005278,2026-01-26T22:42:25Z,u_002294,sms,new_content_alert,opened
m_000005279,2026-01-28T19:20:26Z,u_003903,email,stress_relief_program,delivered
m_000005280,2026-01-31T02:16:53Z,u_002987,push,sleep_challenge,delivered
m_000005281,2026-01-30T01:02:00Z,u_000063,email,sleep_challenge,sent
m_000005282,2026-01-27T12:18:19Z,u_001254,email,heart_health_month,opened
m_000005283,2026-01-31T20:13:59Z,u_002342,sms,stress_relief_program,delivered
m_000005284,2026-01-28T01:21:46Z,u_001940,push,weekly_digest,clicked
m_000005285,2026-01-28T10:53:20Z,u_004239,push,heart_health_month,delivered
m_000005286,2026-02-02T02:55:39Z,u_000267,push,new_content_alert,sent
m_000005287,2026-02-01T14:58:49Z,u_000447,sms,stress_relief_program,sent
m_000005288,2026-01-29T09:21:43Z,u_000826,email,weight_loss_series,clicked
m_000005289,2026-01-28T00:48:19Z,u_001569,push,weekly_digest,sent
m_000005290,2026-01-31T21:44:03Z,u_003537,sms,weight_loss_series,unsubscribed
m_000005291,2026-02-01T05:41:57Z,u_002230,email,sleep_challenge,sent
m_000005292,2026-01-30T23:25:32Z,u_000141,sms,weight_loss_series,sent
m_000005293,2026-02-02T15:54:20Z,u_002132,email,sleep_challenge,sent
m_000005294,2026-01-29T20:42:00Z,u_000630,push,weekly_digest,sent
m_000005295,2026-01-31T03:46:27Z,u_004689,sms,sleep_challenge,sent
m_000005296,2026-01-29T19:06:48Z,u_004186,push,weight_loss_series,opened
m_000005297,2026-01-31T19:56:44Z,u_001842,email,heart_health_month,sent
m_000005298,2026-02-01T17:28:28Z,u_004353,email,new_content_alert,sent
m_000005299,2026-01-28T08:39:18Z,u_002398,email,stress_relief_program,delivered
m_000005300,2026-01-31T13:24:39Z,u_000613,email,stress_relief_program,delivered
m_000005301,2026-01-27T03:06:48Z,u_000608,email,sleep_challenge,sent
m_000005302,2026-01-30T10:07:21Z,u_002670,email,sleep_challenge,sent
m_000005303,2026-01-28T18:17:50Z,u_001692,sms,sleep_challenge,sent
m_000005304,2026-01-31T20:36:10Z,u_002247,email,heart_health_month,sent
m_000005305,2026-02-01T14:29:20Z,u_003013,email,weekly_digest,delivered
m_000005306,2026-01-28T20:08:55Z,u_000279,email,new_content_alert,sent
m_000005307,2026-01-28T12:33:16Z,u_004318,email,stress_relief_program,opened
m_000005308,2026-01-26T22:12:20Z,u_002629,sms,weight_loss_series,sent
m_000005309,2026-01-28T15:40:32Z,u_001045,push,sleep_challenge,opened
m_000005310,2026-01-29T21:22:16Z,u_002035,push,sleep_challenge,delivered
m_000005311,2026-01-27T16:21:30Z,u_001970,sms,heart_health_month,sent
m_000005312,2026-02-02T12:05:59Z,u_001359,sms,stress_relief_program,sent
m_000005313,2026-01-27T23:35:30Z,u_000455,push,weekly_digest,opened
m_000005314,2026-01-30T14:34:29Z,u_003701,push,sleep_challenge,sent
m_000005315,2026-01-29T09:03:54Z,u_003973,push,heart_health_month,sent
m_000005316,2026-01-27T04:58:24Z,u_004921,sms,weight_loss_series,delivered
m_000005317,2026-01-28T03:05:49Z,u_002347,push,new_content_alert,sent
m_000005318,2026-02-01T11:05:01Z,u_002357,sms,sleep_challenge,sent
m_000005319,2026-01-31T14:35:34Z,u_002576,email,weekly_digest,delivered
m_000005320,2026-01-27T09:14:39Z,u_000754,sms,new_content_alert,opened
m_000005321,2026-02-02T02:41:25Z,u_001185,sms,sleep_challenge,delivered
m_000005322,2026-02-02T17:21:47Z,u_000178,push,new_content_alert,clicked
m_000005323,2026-01-27T09:56:29Z,u_000789,email,heart_health_month,sent
m_000005324,2026-01-28T18:32:37Z,u_002360,push,heart_health_month,sent
m_000005325,2026-01-27T06:49:07Z,u_003447,push,weekly_digest,sent
m_000005326,2026-01-29T00:48:24Z,u_004374,email,weight_loss_series,sent
m_000005327,2026-01-30T07:44:41Z,u_004072,email,heart_health_month,sent
m_000005328,2026-01-30T03:26:01Z,u_004067,sms,heart_health_month,sent
m_000005329,2026-02-01T11:40:56Z,u_000396,push,heart_health_month,sent
m_000005330,2026-02-01T21:30:47Z,u_003880,email,weekly_digest,sent
m_000005331,2026-02-02T13:23:19Z,u_003026,sms,weight_loss_series,sent
m_000005332,2026-01-31T02:58:01Z,u_000616,email,weight_loss_series,sent
m_000005333,2026-01-28T07:36:45Z,u_000186,email,heart_health_month,sent
m_000005334,2026-01-31T21:28:37Z,u_000314,push,sleep_challenge,sent
m_000005335,2026-01-28T03:54:16Z,u_000006,sms,sleep_challenge,sent
m_000005336,2026-01-27T19:53:20Z,u_000139,sms,stress_relief_program,sent
m_000005337,2026-01-28T22:02:33Z,u_003706,sms,sleep_challenge,delivered
m_000005338,2026-01-31T00:50:12Z,u_002157,email,new_content_alert,delivered
m_000005339,2026-01-28T10:19:24Z,u_001426,push,heart_health_month,sent
m_000005340,2026-01-28T10:08:40Z,u_001432,push,weight_loss_series,sent
m_000005341,2026-01-28T01:02:59Z,u_000766,sms,stress_relief_program,sent
m_000005342,2026-02-02T07:43:39Z,u_002212,email,weight_loss_series,sent
m_000005343,2026-02-02T06:24:41Z,u_001341,email,heart_health_month,delivered
m_000005344,2026-01-27T08:16:27Z,u_001577,sms,sleep_challenge,sent
m_000005345,2026-01-27T13:43:06Z,u_000801,push,weekly_digest,opened
m_000005346,2026-02-02T06:23:38Z,u_002613,email,weight_loss_series,sent
m_000005347,2026-01-31T22:46:00Z,u_003408,sms,new_content_alert,delivered
m_000005348,2026-02-02T18:40:48Z,u_002301,push,stress_relief_program,sent
m_000005349,2026-02-01T14:27:52Z,u_001469,sms,weekly_digest,clicked
m_000005350,2026-01-28T06:03:17Z,u_004486,push,stress_relief_program,sent
m_000005351,2026-01-29T04:17:54Z,u_004557,email,weight_loss_series,sent
m_000005352,2026-01-28T00:25:38Z,u_000746,push,sleep_challenge,sent
m_000005353,2026-01-27T04:02:15Z,u_000820,sms,new_content_alert,sent
m_000005354,2026-01-27T06:57:13Z,u_003920,email,weekly_digest,delivered
m_000005355,2026-01-30T23:11:22Z,u_002521,sms,weekly_digest,sent
m_000005356,2026-01-28T18:22:40Z,u_002406,sms,weight_loss_series,sent
m_000005357,2026-01-27T17:58:18Z,u_004167,email,stress_relief_program,sent
m_000005358,2026-01-30T00:09:22Z,u_001217,email,weekly_digest,sent
m_000005359,2026-01-30T19:34:53Z,u_000270,sms,sleep_challenge,sent
m_000005360,2026-02-01T06:49:54Z,u_004072,sms,stress_relief_program,sent
m_000005361,2026-01-27T10:00:57Z,u_001644,sms,sleep_challenge,delivered
m_000005362,2026-02-01T20:26:45Z,u_002508,email,new_content_alert,delivered
m_000005363,2026-01-31T03:41:18Z,u_000587,email,sleep_challenge,sent
m_000005364,2026-01-31T05:09:47Z,u_002491,email,weekly_digest,sent
m_000005365,2026-01-31T09:25:12Z,u_002303,push,weight_loss_series,delivered
m_000005366,2026-01-26T21:47:18Z,u_004048,email,sleep_challenge,sent
m_000005367,2026-01-31T18:29:50Z,u_001222,email,stress_relief_program,opened
m_000005368,2026-02-01T16:46:59Z,u_002735,push,heart_health_month,sent
m_000005369,2026-01-27T15:07:41Z,u_002395,email,stress_relief_program,opened
m_000005370,2026-01-28T20:54:59Z,u_001661,sms,weekly_digest,sent
m_000005371,2026-02-02T18:47:50Z,u_000692,email,new_content_alert,delivered
m_000005372,2026-01-26T23:10:32Z,u_001223,email,heart_health_month,sent
m_000005373,2026-01-28T09:16:47Z,u_001758,push,weekly_digest,sent
m_000005374,2026-01-27T00:20:30Z,u_000236,push,heart_health_month,sent
m_000005375,2026-01-28T21:14:06Z,u_001124,sms,sleep_challenge,delivered
m_000005376,2026-01-31T22:06:44Z,u_002616,email,weekly_digest,delivered
m_000005377,2026-02-01T00:46:44Z,u_003596,email,stress_relief_program,sent
m_000005378,2026-01-30T10:49:58Z,u_000429,sms,weekly_digest,opened
m_000005379,2026-01-27T03:48:00Z,u_004648,email,new_content_alert,sent
m_000005380,2026-01-30T04:05:12Z,u_003314,sms,heart_health_month,opened
m_000005381,2026-02-01T05:31:47Z,u_003143,email,weight_loss_series,sent
m_000005382,2026-01-29T08:05:43Z,u_004278,sms,stress_relief_program,sent
m_000005383,2026-01-27T13:32:24Z,u_000271,sms,weekly_digest,opened
m_000005384,2026-01-28T22:37:08Z,u_004798,push,weight_loss_series,sent
m_000005385,2026-01-31T08:29:03Z,u_003825,sms,new_content_alert,sent
m_000005386,2026-01-31T20:55:32Z,u_004944,push,heart_health_month,sent
m_000005387,2026-01-31T08:23:37Z,u_004380,email,sleep_challenge,sent
m_000005388,2026-01-28T08:45:55Z,u_000132,push,weekly_digest,sent
m_000005389,2026-01-31T02:33:58Z,u_002172,sms,sleep_challenge,sent
m_000005390,2026-02-02T02:46:03Z,u_001689,sms,stress_relief_program,sent
m_000005391,2026-01-27T02:17:35Z,u_000147,push,weekly_digest,sent
m_000005392,2026-01-29T06:30:44Z,u_000094,push,weight_loss_series,sent
m_000005393,2026-01-31T19:33:32Z,u_001878,push,new_content_alert,sent
m_000005394,2026-01-28T08:35:53Z,u_001744,email,heart_health_month,sent
m_000005395,2026-02-01T14:17:05Z,u_002623,email,new_content_alert,delivered
m_000005396,2026-02-02T00:37:50Z,u_002814,sms,heart_health_month,delivered
m_000005397,2026-01-28T08:19:01Z,u_003251,sms,weight_loss_series,delivered
m_000005398,2026-01-28T12:54:29Z,u_001586,email,weekly_digest,sent
m_000005399,2026-01-30T00:00:02Z,u_001914,sms,stress_relief_program,sent
m_000005400,2026-01-28T09:20:54Z,u_001973,sms,heart_health_month,sent
m_000005401,2026-02-01T20:13:33Z,u_003433,push,stress_relief_program,sent
m_000005402,2026-01-30T20:58:31Z,u_002694,push,new_content_alert,sent
m_000005403,2026-01-26T21:21:29Z,u_004204,email,heart_health_month,sent
m_000005404,2026-02-02T07:05:11Z,u_003568,email,new_content_alert,delivered
m_000005405,2026-01-26T23:07:12Z,u_000936,sms,sleep_challenge,sent
m_000005406,2026-01-30T13:58:37Z,u_000132,sms,weight_loss_series,sent
m_000005407,2026-01-31T06:39:36Z,u_000981,sms,sleep_challenge,sent
m_000005408,2026-01-27T05:57:55Z,u_002901,email,sleep_challenge,sent
m_000005409,2026-02-01T11:20:52Z,u_002045,push,sleep_challenge,sent
m_000005410,2026-01-29T07:12:37Z,u_001008,push,sleep_challenge,sent
m_000005411,2026-01-27T23:44:22Z,u_000921,sms,weekly_digest,sent
m_000005412,2026-01-27T08:52:19Z,u_003934,sms,weight_loss_series,sent
m_000005413,2026-01-31T01:19:10Z,u_004121,push,weekly_digest,sent
m_000005414,2026-01-30T07:37:23Z,u_003888,sms,heart_health_month,clicked
m_000005415,2026-02-01T04:04:43Z,u_000367,sms,heart_health_month,sent
m_000005416,2026-01-27T18:21:41Z,u_003864,push,heart_health_month,sent
m_000005417,2026-01-28T18:07:29Z,u_002641,email,weight_loss_series,sent
m_000005418,2026-02-01T15:04:55Z,u_004886,email,sleep_challenge,clicked
m_000005419,2026-02-02T03:39:47Z,u_001994,push,weight_loss_series,sent
m_000005420,2026-02-01T03:18:08Z,u_002022,sms,heart_health_month,sent
m_000005421,2026-01-31T05:38:22Z,u_004392,email,stress_relief_program,delivered
m_000005422,2026-01-27T00:26:45Z,u_003011,email,weekly_digest,clicked
m_000005423,2026-01-28T23:17:18Z,u_000332,email,weekly_digest,sent
m_000005424,2026-01-30T17:11:40Z,u_003677,sms,heart_health_month,opened
m_000005425,2026-02-02T13:47:51Z,u_001593,push,heart_health_month,delivered
m_000005426,2026-02-02T17:15:12Z,u_001429,email,weekly_digest,sent
m_000005427,2026-01-31T04:08:15Z,u_000456,sms,new_content_alert,sent
m_000005428,2026-01-26T23:37:33Z,u_002701,sms,sleep_challenge,sent
m_000005429,2026-01-29T18:12:56Z,u_004282,sms,weight_loss_series,sent
m_000005430,2026-01-31T11:19:03Z,u_002966,push,new_content_alert,sent
m_000005431,2026-01-31T15:43:45Z,u_003734,email,sleep_challenge,opened
m_000005432,2026-02-02T04:52:25Z,u_000226,push,weekly_digest,delivered
m_000005433,2026-02-02T07:08:45Z,u_003466,push,sleep_challenge,clicked
m_000005434,2026-01-29T16:40:09Z,u_002818,sms,new_content_alert,sent
m_000005435,2026-02-02T10:42:21Z,u_001570,sms,sleep_challenge,sent
m_000005436,2026-01-31T22:48:24Z,u_001098,email,weekly_digest,delivered
m_000005437,2026-02-02T14:21:57Z,u_003625,email,heart_health_month,clicked
m_000005438,2026-02-01T05:31:17Z,u_001624,email,new_content_alert,clicked
m_000005439,2026-01-30T20:43:11Z,u_000848,email,sleep_challenge,sent
m_000005440,2026-02-02T05:35:27Z,u_001193,email,sleep_challenge,opened
m_000005441,2026-01-30T19:04:04Z,u_000025,push,new_content_alert,sent
m_000005442,2026-01-27T23:06:09Z,u_000832,push,weekly_digest,sent
m_000005443,2026-01-27T05:20:57Z,u_004493,push,new_content_alert,sent
m_000005444,2026-01-29T00:15:27Z,u_001517,email,weight_loss_series,sent
m_000005445,2026-01-30T16:14:25Z,u_000729,email,sleep_challenge,clicked
m_000005446,2026-02-01T09:45:57Z,u_001342,email,weekly_digest,clicked
m_000005447,2026-01-28T08:24:49Z,u_003026,sms,new_content_alert,delivered
m_000005448,2026-01-27T03:00:23Z,u_000865,email,weight_loss_series,sent
m_000005449,2026-01-28T22:27:19Z,u_000763,push,weight_loss_series,sent
m_000005450,2026-01-27T09:43:13Z,u_000943,sms,new_content_alert,sent
m_000005451,2026-01-27T09:07:54Z,u_002518,email,sleep_challenge,sent
m_000005452,2026-01-28T04:08:04Z,u_000173,sms,weight_loss_series,delivered
m_000005453,2026-01-28T15:40:49Z,u_004183,sms,weekly_digest,sent
m_000005454,2026-01-30T20:38:08Z,u_004175,push,new_content_alert,delivered
m_000005455,2026-01-29T13:44:12Z,u_003612,email,new_content_alert,sent
m_000005456,2026-01-27T20:23:26Z,u_003760,sms,heart_health_month,sent
m_000005457,2026-01-27T19:55:49Z,u_004910,sms,sleep_challenge,delivered
m_000005458,2026-02-01T11:31:20Z,u_002705,push,weekly_digest,sent
m_000005459,2026-02-02T08:52:03Z,u_000899,sms,new_content_alert,sent
m_000005460,2026-01-28T20:53:54Z,u_000245,sms,heart_health_month,sent
m_000005461,2026-01-29T15:59:18Z,u_000589,email,weight_loss_series,sent
m_000005462,2026-01-29T14:05:48Z,u_003825,sms,stress_relief_program,delivered
m_000005463,2026-01-28T09:48:17Z,u_000530,push,heart_health_month,sent
m_000005464,2026-01-26T23:00:34Z,u_001551,email,sleep_challenge,sent
m_000005465,2026-02-01T18:34:07Z,u_000037,sms,stress_relief_program,sent
m_000005466,2026-01-27T01:59:24Z,u_004607,push,weight_loss_series,sent
m_000005467,2026-02-02T08:57:49Z,u_000217,email,heart_health_month,sent
m_000005468,2026-01-27T13:08:52Z,u_003073,email,weekly_digest,opened
m_000005469,2026-01-26T20:54:45Z,u_000099,sms,new_content_alert,sent
m_000005470,2026-02-01T07:10:35Z,u_001452,email,new_content_alert,sent
m_000005471,2026-01-28T16:43:23Z,u_001992,push,sleep_challenge,delivered
m_000005472,2026-01-28T14:29:36Z,u_003603,sms,new_content_alert,delivered
m_000005473,2026-02-02T14:40:07Z,u_004340,sms,weekly_digest,sent
m_000005474,2026-01-28T20:30:10Z,u_004744,push,weekly_digest,clicked
m_000005475,2026-01-30T00:44:36Z,u_000127,sms,new_content_alert,sent
m_000005476,2026-02-02T04:00:26Z,u_004803,push,heart_health_month,sent
m_000005477,2026-01-27T21:57:36Z,u_001363,email,weekly_digest,sent
m_000005478,2026-02-01T03:30:15Z,u_003034,sms,weekly_digest,opened
m_000005479,2026-02-01T19:49:06Z,u_004393,push,sleep_challenge,sent
m_000005480,2026-01-30T23:01:25Z,u_001922,push,weight_loss_series,sent
m_000005481,2026-02-01T20:31:28Z,u_000060,email,new_content_alert,delivered
m_000005482,2026-02-02T18:03:33Z,u_004789,email,weight_loss_series,sent
m_000005483,2026-01-28T04:08:35Z,u_001893,push,heart_health_month,sent
m_000005484,2026-01-28T00:01:37Z,u_001154,email,heart_health_month,sent
m_000005485,2026-01-30T01:39:16Z,u_004770,push,new_content_alert,sent
m_000005486,2026-02-01T22:30:13Z,u_003304,push,new_content_alert,sent
m_000005487,2026-02-01T09:27:07Z,u_004793,email,sleep_challenge,sent
m_000005488,2026-01-29T22:00:12Z,u_002332,sms,sleep_challenge,sent
m_000005489,2026-02-02T00:52:50Z,u_004044,email,sleep_challenge,sent
m_000005490,2026-01-30T05:38:32Z,u_003932,push,stress_relief_program,clicked
m_000005491,2026-02-01T15:42:56Z,u_002145,email,weight_loss_series,sent
m_000005492,2026-01-28T13:38:07Z,u_000607,email,new_content_alert,sent
m_000005493,2026-01-29T13:12:20Z,u_001748,push,weight_loss_series,opened
m_000005494,2026-02-02T05:00:09Z,u_000442,email,weight_loss_series,delivered
m_000005495,2026-01-27T19:07:35Z,u_000998,email,sleep_challenge,sent
m_000005496,2026-01-31T12:29:20Z,u_000128,push,stress_relief_program,delivered
m_000005497,2026-01-28T12:13:55Z,u_002004,sms,stress_relief_program,delivered
m_000005498,2026-01-31T19:59:56Z,u_003269,sms,stress_relief_program,sent
m_000005499,2026-01-29T14:20:13Z,u_001534,email,sleep_challenge,delivered
m_000005500,2026-01-28T16:04:55Z,u_001736,sms,weight_loss_series,sent
m_000005501,2026-02-01T18:29:16Z,u_001131,push,stress_relief_program,delivered
m_000005502,2026-01-28T12:51:29Z,u_003274,email,sleep_challenge,opened
m_000005503,2026-01-29T23:43:20Z,u_002979,sms,new_content_alert,sent
m_000005504,2026-02-02T10:58:43Z,u_003441,email,new_content_alert,sent
m_000005505,2026-01-31T01:41:31Z,u_001158,sms,sleep_challenge,sent
m_000005506,2026-01-29T15:13:37Z,u_003217,push,sleep_challenge,sent
m_000005507,2026-01-31T13:37:37Z,u_004251,sms,sleep_challenge,delivered
m_000005508,2026-02-02T14:36:16Z,u_001263,push,sleep_challenge,clicked
m_000005509,2026-02-01T23:58:40Z,u_000493,email,sleep_challenge,opened
m_000005510,2026-01-27T18:45:53Z,u_002337,email,weight_loss_series,sent
m_000005511,2026-02-02T01:14:36Z,u_003123,sms,weight_loss_series,sent
m_000005512,2026-01-31T00:21:46Z,u_000165,sms,weekly_digest,sent
m_000005513,2026-01-29T07:01:09Z,u_001258,push,sleep_challenge,delivered
m_000005514,2026-02-01T17:46:33Z,u_001808,sms,heart_health_month,opened
m_000005515,2026-01-30T04:24:17Z,u_002094,sms,heart_health_month,delivered
m_000005516,2026-01-29T13:25:00Z,u_002970,email,sleep_challenge,sent
m_000005517,2026-02-02T08:44:47Z,u_000735,sms,stress_relief_program,sent
m_000005518,2026-01-27T07:02:20Z,u_001696,sms,new_content_alert,opened
m_000005519,2026-01-29T16:03:37Z,u_003717,email,weight_loss_series,delivered
m_000005520,2026-02-01T11:06:57Z,u_001329,sms,weekly_digest,sent
m_000005521,2026-01-28T00:22:29Z,u_000265,sms,sleep_challenge,unsubscribed
m_000005522,2026-02-01T01:41:09Z,u_004744,sms,sleep_challenge,sent
m_000005523,2026-01-30T19:36:00Z,u_003087,sms,heart_health_month,opened
m_000005524,2026-01-31T04:19:02Z,u_004417,sms,sleep_challenge,sent
m_000005525,2026-01-31T08:08:52Z,u_002404,sms,new_content_alert,delivered
m_000005526,2026-01-30T14:30:35Z,u_000259,email,new_content_alert,sent
m_000005527,2026-02-02T08:59:41Z,u_002023,push,sleep_challenge,sent
m_000005528,2026-02-01T13:22:54Z,u_003826,email,stress_relief_program,opened
m_000005529,2026-01-29T18:36:58Z,u_004622,push,stress_relief_program,clicked
m_000005530,2026-01-28T00:28:26Z,u_004396,push,stress_relief_program,sent
m_000005531,2026-01-28T21:26:18Z,u_003705,sms,heart_health_month,sent
m_000005532,2026-02-01T12:11:01Z,u_000780,push,weekly_digest,delivered
m_000005533,2026-01-27T01:12:31Z,u_003895,sms,stress_relief_program,sent
m_000005534,2026-02-02T17:11:36Z,u_002978,email,heart_health_month,sent
m_000005535,2026-01-31T21:48:35Z,u_002965,push,weight_loss_series,opened
m_000005536,2026-02-01T18:18:04Z,u_002538,email,stress_relief_program,delivered
m_000005537,2026-01-29T09:45:48Z,u_001394,email,weight_loss_series,opened
m_000005538,2026-02-01T14:45:45Z,u_000634,email,stress_relief_program,opened
m_000005539,2026-02-01T08:45:18Z,u_003596,push,weekly_digest,sent
m_000005540,2026-01-28T08:28:34Z,u_001284,push,new_content_alert,sent
m_000005541,2026-01-27T23:13:28Z,u_001486,email,sleep_challenge,sent
m_000005542,2026-01-28T17:19:27Z,u_004323,email,sleep_challenge,opened
m_000005543,2026-01-31T22:19:37Z,u_002339,email,sleep_challenge,sent
m_000005544,2026-02-01T11:05:13Z,u_002100,email,weekly_digest,sent
m_000005545,2026-01-27T00:09:59Z,u_002055,sms,stress_relief_program,opened
m_000005546,2026-01-28T12:38:44Z,u_004537,sms,new_content_alert,sent
m_000005547,2026-01-30T20:05:17Z,u_001327,push,stress_relief_program,sent
m_000005548,2026-01-31T12:50:50Z,u_004712,push,weekly_digest,delivered
m_000005549,2026-01-29T11:39:01Z,u_002913,push,sleep_challenge,sent
m_000005550,2026-02-01T11:56:20Z,u_002984,email,weight_loss_series,delivered
m_000005551,2026-01-31T09:04:57Z,u_003709,push,new_content_alert,delivered
m_000005552,2026-02-01T18:03:15Z,u_001151,push,new_content_alert,delivered
m_000005553,2026-01-27T12:35:39Z,u_000746,email,stress_relief_program,sent
m_000005554,2026-02-01T05:06:45Z,u_004115,email,new_content_alert,sent
m_000005555,2026-01-27T21:14:00Z,u_002670,push,heart_health_month,sent
m_000005556,2026-01-29T19:46:36Z,u_003298,email,weekly_digest,delivered
m_000005557,2026-01-31T19:23:09Z,u_001933,sms,weekly_digest,sent
m_000005558,2026-01-30T15:41:28Z,u_002128,sms,heart_health_month,sent
m_000005559,2026-01-31T19:50:36Z,u_002190,push,sleep_challenge,sent
m_000005560,2026-01-28T00:25:08Z,u_000675,email,sleep_challenge,sent
m_000005561,2026-02-02T00:37:38Z,u_000059,push,new_content_alert,delivered
m_000005562,2026-01-27T05:52:09Z,u_003297,push,stress_relief_program,delivered
m_000005563,2026-01-28T16:28:57Z,u_002231,email,sleep_challenge,opened
m_000005564,2026-01-26T23:15:54Z,u_001598,sms,weight_loss_series,sent
m_000005565,2026-01-29T21:45:49Z,u_002269,push,heart_health_month,sent
m_000005566,2026-01-29T07:34:39Z,u_004787,push,weekly_digest,delivered
m_000005567,2026-01-27T09:17:48Z,u_001635,email,weight_loss_series,opened
m_000005568,2026-01-28T00:55:28Z,u_004730,email,sleep_challenge,delivered
m_000005569,2026-01-27T11:19:42Z,u_001353,push,weight_loss_series,sent
m_000005570,2026-02-01T18:41:36Z,u_001534,push,sleep_challenge,delivered
m_000005571,2026-01-27T23:07:41Z,u_001509,sms,weekly_digest,opened
m_000005572,2026-01-29T16:36:24Z,u_003373,push,new_content_alert,sent
m_000005573,2026-01-30T14:23:00Z,u_003747,sms,weekly_digest,sent
m_000005574,2026-02-02T04:17:09Z,u_004805,sms,sleep_challenge,sent
m_000005575,2026-01-29T14:22:26Z,u_004785,sms,weekly_digest,sent
m_000005576,2026-01-30T00:00:53Z,u_000489,email,stress_relief_program,opened
m_000005577,2026-01-28T13:16:47Z,u_000770,email,weekly_digest,sent
m_000005578,2026-01-28T22:39:12Z,u_001045,push,weight_loss_series,sent
m_000005579,2026-01-30T01:46:48Z,u_002643,sms,sleep_challenge,sent
m_000005580,2026-01-29T21:18:59Z,u_000271,sms,new_content_alert,sent
m_000005581,2026-01-29T23:11:38Z,u_002055,sms,stress_relief_program,sent
m_000005582,2026-02-01T08:35:07Z,u_000472,push,weekly_digest,sent
m_000005583,2026-01-29T04:01:52Z,u_004149,sms,heart_health_month,sent
m_000005584,2026-01-31T00:57:07Z,u_003042,sms,stress_relief_program,sent
m_000005585,2026-02-02T18:16:21Z,u_003258,email,sleep_challenge,sent
m_000005586,2026-01-31T15:25:18Z,u_003548,email,weight_loss_series,sent
m_000005587,2026-02-02T16:32:21Z,u_003054,email,new_content_alert,sent
m_000005588,2026-01-27T04:03:14Z,u_002934,email,new_content_alert,opened
m_000005589,2026-02-01T15:51:55Z,u_000537,email,heart_health_month,opened
m_000005590,2026-01-31T13:46:55Z,u_002784,sms,sleep_challenge,opened
m_000005591,2026-01-29T12:14:32Z,u_000862,push,stress_relief_program,delivered
m_000005592,2026-02-02T07:25:04Z,u_003070,email,new_content_alert,sent
m_000005593,2026-01-29T19:59:21Z,u_003099,sms,heart_health_month,sent
m_000005594,2026-01-26T20:16:42Z,u_001400,email,weekly_digest,clicked
m_000005595,2026-02-01T11:36:33Z,u_004423,email,weekly_digest,delivered
m_000005596,2026-01-27T11:25:14Z,u_003617,sms,sleep_challenge,sent
m_000005597,2026-01-30T01:26:04Z,u_001316,sms,weight_loss_series,opened
m_000005598,2026-02-01T02:38:32Z,u_000715,sms,new_content_alert,opened
m_000005599,2026-01-31T16:49:01Z,u_002229,email,heart_health_month,delivered
m_000005600,2026-01-27T09:26:10Z,u_001243,sms,sleep_challenge,opened
m_000005601,2026-01-30T11:30:07Z,u_001266,email,new_content_alert,delivered
m_000005602,2026-01-31T07:34:22Z,u_001170,push,stress_relief_program,delivered
m_000005603,2026-02-02T18:22:32Z,u_001108,push,heart_health_month,opened
m_000005604,2026-01-26T23:39:58Z,u_000376,push,heart_health_month,sent
m_000005605,2026-01-31T02:56:25Z,u_004906,sms,weight_loss_series,sent
m_000005606,2026-01-31T04:26:41Z,u_004538,email,stress_relief_program,sent
m_000005607,2026-01-31T03:17:37Z,u_002814,email,heart_health_month,sent
m_000005608,2026-01-30T16:54:25Z,u_001606,email,weekly_digest,sent
m_000005609,2026-01-27T21:48:09Z,u_004047,email,heart_health_month,delivered
m_000005610,2026-01-27T09:04:42Z,u_004691,email,weight_loss_series,sent
m_000005611,2026-01-29T17:03:39Z,u_004838,email,weight_loss_series,sent
m_000005612,2026-01-30T14:43:37Z,u_003310,push,weekly_digest,opened
m_000005613,2026-01-29T04:55:12Z,u_000770,sms,new_content_alert,delivered
m_000005614,2026-01-28T09:20:04Z,u_004548,sms,heart_health_month,sent
m_000005615,2026-02-02T16:47:57Z,u_002511,sms,weight_loss_series,unsubscribed
m_000005616,2026-02-02T07:34:51Z,u_000707,sms,weight_loss_series,clicked
m_000005617,2026-01-30T02:14:48Z,u_002807,push,stress_relief_program,sent
m_000005618,2026-01-27T05:40:33Z,u_004787,sms,heart_health_month,sent
m_000005619,2026-01-27T03:35:56Z,u_004089,sms,new_content_alert,delivered
m_000005620,2026-01-31T17:43:48Z,u_001080,push,new_content_alert,sent
m_000005621,2026-01-28T03:51:32Z,u_002887,sms,sleep_challenge,sent
m_000005622,2026-01-31T02:06:36Z,u_002378,email,sleep_challenge,delivered
m_000005623,2026-01-30T17:15:38Z,u_002215,email,weight_loss_series,delivered
m_000005624,2026-02-01T18:05:57Z,u_004865,sms,weekly_digest,sent
m_000005625,2026-01-29T06:14:37Z,u_002212,email,weight_loss_series,sent
m_000005626,2026-01-27T09:23:59Z,u_001247,sms,weekly_digest,opened
m_000005627,2026-01-31T05:56:18Z,u_002089,push,weight_loss_series,sent
m_000005628,2026-01-30T11:37:57Z,u_001638,email,weekly_digest,sent
m_000005629,2026-02-02T10:32:51Z,u_001942,sms,stress_relief_program,sent
m_000005630,2026-01-27T00:07:02Z,u_004524,sms,weekly_digest,sent
m_000005631,2026-01-28T15:25:43Z,u_001593,sms,sleep_challenge,sent
m_000005632,2026-01-31T09:52:42Z,u_000203,push,new_content_alert,clicked
m_000005633,2026-01-27T13:59:07Z,u_001830,push,new_content_alert,sent
m_000005634,2026-01-30T07:53:36Z,u_000448,sms,stress_relief_program,delivered
m_000005635,2026-02-01T03:23:07Z,u_000239,email,heart_health_month,sent
m_000005636,2026-01-31T20:54:14Z,u_003253,email,heart_health_month,opened
m_000005637,2026-01-26T23:42:43Z,u_000782,sms,sleep_challenge,delivered
m_000005638,2026-02-02T08:53:57Z,u_002143,push,weekly_digest,delivered
m_000005639,2026-01-28T16:43:09Z,u_002500,sms,weekly_digest,sent
m_000005640,2026-01-27T08:22:11Z,u_000672,email,stress_relief_program,delivered
m_000005641,2026-01-31T23:15:49Z,u_004399,sms,weekly_digest,delivered
m_000005642,2026-01-29T13:20:39Z,u_000886,sms,weekly_digest,clicked
m_000005643,2026-01-28T10:31:20Z,u_002428,email,weight_loss_series,sent
m_000005644,2026-01-27T21:47:37Z,u_004623,email,new_content_alert,delivered
m_000005645,2026-01-29T07:38:25Z,u_004885,email,new_content_alert,sent
m_000005646,2026-02-02T15:22:58Z,u_000660,push,sleep_challenge,sent
m_000005647,2026-01-31T12:25:37Z,u_003891,push,new_content_alert,sent
m_000005648,2026-01-30T01:14:24Z,u_001489,sms,stress_relief_program,sent
m_000005649,2026-01-29T03:33:07Z,u_001854,push,weight_loss_series,sent
m_000005650,2026-01-27T20:59:08Z,u_002816,email,weight_loss_series,delivered
m_000005651,2026-01-29T09:35:11Z,u_001491,push,heart_health_month,sent
m_000005652,2026-01-27T07:12:44Z,u_003400,push,weight_loss_series,opened
m_000005653,2026-01-27T04:13:56Z,u_000077,email,heart_health_month,sent
m_000005654,2026-02-01T04:29:00Z,u_004653,email,sleep_challenge,opened
m_000005655,2026-01-31T22:11:00Z,u_000205,email,heart_health_month,sent
m_000005656,2026-01-31T08:01:07Z,u_003792,email,stress_relief_program,sent
m_000005657,2026-01-30T14:48:07Z,u_000462,sms,weight_loss_series,sent
m_000005658,2026-02-01T16:59:10Z,u_001721,push,new_content_alert,sent
m_000005659,2026-01-31T03:10:37Z,u_002955,email,new_content_alert,sent
m_000005660,2026-02-01T05:17:21Z,u_000392,email,weekly_digest,sent
m_000005661,2026-01-30T15:14:07Z,u_004373,email,weekly_digest,sent
m_000005662,2026-01-29T07:22:00Z,u_004148,email,sleep_challenge,sent
m_000005663,2026-01-30T19:58:27Z,u_000595,push,heart_health_month,delivered
m_000005664,2026-01-28T15:58:40Z,u_001456,push,new_content_alert,delivered
m_000005665,2026-01-31T20:06:10Z,u_002746,email,weight_loss_series,sent
m_000005666,2026-02-02T07:37:47Z,u_004713,email,sleep_challenge,sent
m_000005667,2026-02-01T03:24:39Z,u_001986,sms,new_content_alert,sent
m_000005668,2026-01-30T11:00:55Z,u_003831,email,weight_loss_series,sent
m_000005669,2026-01-31T02:31:47Z,u_001298,push,heart_health_month,sent
m_000005670,2026-02-01T16:49:41Z,u_004631,email,heart_health_month,sent
m_000005671,2026-01-29T10:13:47Z,u_004759,email,weekly_digest,sent
m_000005672,2026-01-30T21:13:02Z,u_000055,sms,stress_relief_program,sent
m_000005673,2026-01-30T09:02:33Z,u_004430,sms,weekly_digest,sent
m_000005674,2026-01-28T19:31:10Z,u_000521,email,weekly_digest,opened
m_000005675,2026-01-28T03:22:56Z,u_001368,push,sleep_challenge,sent
m_000005676,2026-01-26T20:33:18Z,u_003796,email,weekly_digest,sent
m_000005677,2026-01-28T07:04:33Z,u_001999,email,weekly_digest,opened
m_000005678,2026-01-28T19:38:56Z,u_001837,email,stress_relief_program,sent
m_000005679,2026-01-29T23:31:59Z,u_002495,sms,sleep_challenge,sent
m_000005680,2026-01-27T00:11:57Z,u_001330,email,sleep_challenge,sent
m_000005681,2026-01-31T12:30:43Z,u_001327,sms,weight_loss_series,opened
m_000005682,2026-01-27T22:13:56Z,u_000320,push,heart_health_month,opened
m_000005683,2026-01-28T02:26:12Z,u_004777,push,heart_health_month,clicked
m_000005684,2026-02-01T15:09:48Z,u_000684,push,weight_loss_series,opened
m_000005685,2026-01-27T06:02:43Z,u_000828,push,weekly_digest,delivered
m_000005686,2026-02-02T08:11:46Z,u_003545,push,stress_relief_program,sent
m_000005687,2026-01-29T17:59:24Z,u_000040,push,weekly_digest,sent
m_000005688,2026-01-31T04:07:22Z,u_004613,sms,weekly_digest,sent
m_000005689,2026-01-29T20:55:22Z,u_004993,push,new_content_alert,sent
m_000005690,2026-01-29T22:24:20Z,u_004272,push,new_content_alert,delivered
m_000005691,2026-02-02T11:09:39Z,u_003540,email,weight_loss_series,sent
m_000005692,2026-01-31T15:31:49Z,u_003130,push,heart_health_month,sent
m_000005693,2026-01-27T14:31:01Z,u_002876,email,sleep_challenge,sent
m_000005694,2026-01-31T06:29:16Z,u_001913,push,sleep_challenge,delivered
m_000005695,2026-01-28T16:32:12Z,u_003079,sms,weekly_digest,clicked
m_000005696,2026-01-29T02:46:45Z,u_004854,email,heart_health_month,sent
m_000005697,2026-01-29T10:21:23Z,u_003627,email,stress_relief_program,sent
m_000005698,2026-01-27T21:56:56Z,u_001117,push,weekly_digest,delivered
m_000005699,2026-01-27T22:55:32Z,u_000275,sms,weekly_digest,clicked
m_000005700,2026-02-01T16:57:51Z,u_000294,email,stress_relief_program,sent
m_000005701,2026-02-02T01:07:15Z,u_002516,push,sleep_challenge,sent
m_000005702,2026-01-31T08:59:35Z,u_004110,email,weight_loss_series,delivered
m_000005703,2026-02-02T05:37:38Z,u_004830,email,heart_health_month,sent
m_000005704,2026-01-27T12:37:06Z,u_002341,email,stress_relief_program,delivered
m_000005705,2026-01-27T23:33:57Z,u_004460,sms,heart_health_month,clicked
m_000005706,2026-01-28T16:12:04Z,u_000220,email,new_content_alert,sent
m_000005707,2026-01-29T05:30:20Z,u_004671,sms,weight_loss_series,delivered
m_000005708,2026-01-29T03:27:56Z,u_003610,push,heart_health_month,opened
m_000005709,2026-01-28T23:18:52Z,u_002641,email,weekly_digest,sent
m_000005710,2026-02-01T16:06:12Z,u_002703,sms,weekly_digest,unsubscribed
m_000005711,2026-01-28T23:43:23Z,u_004100,sms,weekly_digest,sent
m_000005712,2026-01-29T08:53:15Z,u_003805,sms,new_content_alert,opened
m_000005713,2026-01-28T16:42:36Z,u_000922,email,stress_relief_program,delivered
m_000005714,2026-02-01T03:04:36Z,u_003773,email,new_content_alert,sent
m_000005715,2026-02-01T20:07:44Z,u_001776,sms,weekly_digest,sent
m_000005716,2026-01-27T11:12:17Z,u_001997,push,weight_loss_series,sent
m_000005717,2026-02-01T15:08:30Z,u_004941,push,sleep_challenge,sent
m_000005718,2026-01-29T06:58:04Z,u_003097,sms,stress_relief_program,delivered
m_000005719,2026-01-31T03:37:18Z,u_003235,push,weight_loss_series,sent
m_000005720,2026-01-27T18:52:09Z,u_002490,sms,heart_health_month,delivered
m_000005721,2026-01-29T07:47:55Z,u_001591,email,new_content_alert,sent
m_000005722,2026-01-29T12:04:04Z,u_004719,push,new_content_alert,sent
m_000005723,2026-01-29T01:41:13Z,u_000388,sms,stress_relief_program,opened
m_000005724,2026-01-29T09:16:03Z,u_003694,email,sleep_challenge,sent
m_000005725,2026-02-01T01:05:13Z,u_002666,email,stress_relief_program,delivered
m_000005726,2026-01-28T08:14:24Z,u_003066,push,sleep_challenge,sent
m_000005727,2026-02-02T11:22:06Z,u_004841,push,sleep_challenge,sent
m_000005728,2026-01-29T20:09:58Z,u_004623,push,heart_health_month,sent
m_000005729,2026-01-31T21:29:17Z,u_003608,push,sleep_challenge,sent
m_000005730,2026-02-02T18:44:10Z,u_001137,push,new_content_alert,delivered
m_000005731,2026-01-31T19:06:47Z,u_003287,push,heart_health_month,sent
m_000005732,2026-01-27T21:42:14Z,u_004196,sms,sleep_challenge,sent
m_000005733,2026-01-29T16:29:09Z,u_001243,sms,weight_loss_series,delivered
m_000005734,2026-01-30T20:28:05Z,u_001835,email,new_content_alert,sent
m_000005735,2026-01-30T04:13:39Z,u_003469,sms,weekly_digest,clicked
m_000005736,2026-01-31T20:17:16Z,u_004898,email,sleep_challenge,opened
m_000005737,2026-02-02T07:24:31Z,u_000678,push,stress_relief_program,opened
m_000005738,2026-02-01T00:19:48Z,u_000987,sms,heart_health_month,delivered
m_000005739,2026-01-28T17:57:06Z,u_000519,sms,new_content_alert,sent
m_000005740,2026-01-28T01:48:42Z,u_002510,sms,sleep_challenge,sent
m_000005741,2026-02-02T19:31:10Z,u_003717,push,weight_loss_series,opened
m_000005742,2026-01-30T20:27:12Z,u_003014,email,new_content_alert,sent
m_000005743,2026-01-31T14:16:19Z,u_001953,push,new_content_alert,sent
m_000005744,2026-02-01T09:40:28Z,u_004635,sms,heart_health_month,sent
m_000005745,2026-02-02T12:30:49Z,u_003686,sms,sleep_challenge,sent
m_000005746,2026-01-28T01:12:32Z,u_004101,sms,heart_health_month,delivered
m_000005747,2026-01-31T19:20:31Z,u_003934,email,heart_health_month,sent
m_000005748,2026-01-31T05:08:56Z,u_003863,email,new_content_alert,opened
m_000005749,2026-01-26T21:40:19Z,u_002922,email,heart_health_month,sent
m_000005750,2026-02-02T04:00:44Z,u_000481,email,new_content_alert,sent
m_000005751,2026-02-01T20:30:30Z,u_003006,sms,new_content_alert,opened
m_000005752,2026-01-31T06:42:35Z,u_002955,email,new_content_alert,opened
m_000005753,2026-01-28T19:07:49Z,u_002692,push,sleep_challenge,delivered
m_000005754,2026-01-28T22:10:19Z,u_003470,email,new_content_alert,sent
m_000005755,2026-01-30T23:45:54Z,u_001482,email,stress_relief_program,sent
m_000005756,2026-02-02T03:41:07Z,u_004812,email,new_content_alert,opened
m_000005757,2026-01-30T13:30:58Z,u_000937,email,heart_health_month,sent
m_000005758,2026-01-29T16:46:58Z,u_004537,email,weight_loss_series,delivered
m_000005759,2026-01-28T00:33:44Z,u_004510,push,stress_relief_program,delivered
m_000005760,2026-01-31T11:00:33Z,u_002296,push,weight_loss_series,sent
m_000005761,2026-01-28T07:59:20Z,u_001582,sms,heart_health_month,unsubscribed
m_000005762,2026-01-30T13:56:26Z,u_000480,push,sleep_challenge,opened
m_000005763,2026-01-28T11:07:17Z,u_003727,push,weight_loss_series,opened
m_000005764,2026-01-30T17:35:41Z,u_000749,email,heart_health_month,opened
m_000005765,2026-01-27T09:20:55Z,u_002953,sms,sleep_challenge,sent
m_000005766,2026-01-27T07:35:26Z,u_001138,email,weekly_digest,sent
m_000005767,2026-01-29T13:10:34Z,u_001470,push,weight_loss_series,sent
m_000005768,2026-01-28T20:44:54Z,u_001743,email,sleep_challenge,sent
m_000005769,2026-01-28T20:06:05Z,u_004676,email,sleep_challenge,sent
m_000005770,2026-01-29T00:57:55Z,u_001970,email,heart_health_month,clicked
m_000005771,2026-02-01T02:39:59Z,u_004876,push,new_content_alert,sent
m_000005772,2026-02-01T19:30:05Z,u_003334,sms,new_content_alert,sent
m_000005773,2026-02-01T17:08:06Z,u_003607,sms,heart_health_month,unsubscribed
m_000005774,2026-01-29T10:58:12Z,u_003892,email,new_content_alert,sent
m_000005775,2026-01-30T03:07:32Z,u_002795,sms,stress_relief_program,delivered
m_000005776,2026-01-27T14:00:33Z,u_004693,email,stress_relief_program,sent
m_000005777,2026-01-31T13:55:20Z,u_002055,email,heart_health_month,sent
m_000005778,2026-01-31T12:42:04Z,u_001092,push,new_content_alert,delivered
m_000005779,2026-01-27T04:01:25Z,u_003625,sms,stress_relief_program,unsubscribed
m_000005780,2026-01-30T14:23:57Z,u_000129,email,sleep_challenge,sent
m_000005781,2026-01-29T16:57:10Z,u_003467,push,heart_health_month,sent
m_000005782,2026-01-28T14:37:31Z,u_004081,sms,stress_relief_program,sent
m_000005783,2026-02-02T08:11:49Z,u_000256,push,weight_loss_series,sent
m_000005784,2026-01-29T10:39:12Z,u_000676,sms,heart_health_month,opened
m_000005785,2026-02-01T05:42:44Z,u_004059,email,weight_loss_series,sent
m_000005786,2026-01-31T09:39:51Z,u_002565,sms,weight_loss_series,sent
m_000005787,2026-01-29T03:12:52Z,u_004215,email,new_content_alert,sent
m_000005788,2026-01-27T10:33:08Z,u_002141,push,weight_loss_series,sent
m_000005789,2026-01-29T15:49:15Z,u_002566,push,weekly_digest,sent
m_000005790,2026-01-28T01:28:20Z,u_000243,email,sleep_challenge,delivered
m_000005791,2026-01-29T10:47:59Z,u_001180,email,heart_health_month,delivered
m_000005792,2026-01-27T21:17:39Z,u_003599,sms,new_content_alert,sent
m_000005793,2026-01-28T04:30:32Z,u_000870,push,stress_relief_program,sent
m_000005794,2026-01-30T21:32:45Z,u_000200,email,stress_relief_program,sent
m_000005795,2026-01-28T10:39:02Z,u_002902,push,heart_health_month,sent
m_000005796,2026-01-28T23:35:45Z,u_000096,push,sleep_challenge,opened
m_000005797,2026-02-01T07:20:55Z,u_000766,sms,heart_health_month,delivered
m_000005798,2026-01-27T09:30:18Z,u_000151,sms,weekly_digest,sent
m_000005799,2026-01-27T14:49:09Z,u_000738,email,stress_relief_program,sent
m_000005800,2026-01-31T03:08:02Z,u_000540,push,weight_loss_series,delivered
m_000005801,2026-01-27T14:18:59Z,u_002086,sms,weight_loss_series,sent
m_000005802,2026-02-01T08:48:03Z,u_002907,email,new_content_alert,delivered
m_000005803,2026-01-31T19:48:38Z,u_003407,email,sleep_challenge,sent
m_000005804,2026-01-30T19:46:00Z,u_004001,email,heart_health_month,sent
m_000005805,2026-01-28T17:32:28Z,u_003902,push,heart_health_month,sent
m_000005806,2026-01-28T04:38:44Z,u_003597,sms,weight_loss_series,sent
m_000005807,2026-01-27T14:04:12Z,u_000741,email,sleep_challenge,sent
m_000005808,2026-01-28T01:47:39Z,u_004436,push,stress_relief_program,opened
m_000005809,2026-01-28T00:17:42Z,u_001537,push,weight_loss_series,sent
m_000005810,2026-02-01T08:50:40Z,u_000573,email,heart_health_month,sent
m_000005811,2026-01-29T23:21:12Z,u_004058,push,stress_relief_program,sent
m_000005812,2026-02-01T05:44:44Z,u_003616,sms,heart_health_month,sent
m_000005813,2026-01-28T11:32:04Z,u_001764,push,weight_loss_series,sent
m_000005814,2026-02-02T15:40:10Z,u_001958,sms,new_content_alert,opened
m_000005815,2026-01-31T16:29:50Z,u_000959,sms,sleep_challenge,clicked
m_000005816,2026-01-28T12:55:07Z,u_003653,push,sleep_challenge,sent
m_000005817,2026-01-29T12:31:34Z,u_002458,push,sleep_challenge,delivered
m_000005818,2026-02-02T13:42:27Z,u_004706,sms,stress_relief_program,opened
m_000005819,2026-01-27T23:50:03Z,u_001750,sms,weight_loss_series,sent
m_000005820,2026-02-01T09:42:37Z,u_000796,sms,weight_loss_series,sent
m_000005821,2026-01-28T13:42:40Z,u_000929,email,weekly_digest,sent
m_000005822,2026-01-30T10:34:44Z,u_004618,sms,weight_loss_series,sent
m_000005823,2026-01-30T00:20:03Z,u_001377,sms,heart_health_month,sent
m_000005824,2026-01-29T04:55:53Z,u_003560,email,weekly_digest,clicked
m_000005825,2026-01-27T11:57:02Z,u_004534,email,heart_health_month,sent
m_000005826,2026-01-29T00:49:56Z,u_003543,push,weight_loss_series,sent
m_000005827,2026-01-31T21:01:02Z,u_003731,email,weekly_digest,sent
m_000005828,2026-02-02T19:37:05Z,u_001741,email,sleep_challenge,opened
m_000005829,2026-02-02T02:46:28Z,u_003786,push,stress_relief_program,clicked
m_000005830,2026-01-31T16:29:01Z,u_000247,sms,heart_health_month,opened
m_000005831,2026-01-27T01:51:45Z,u_003178,sms,weekly_digest,unsubscribed
m_000005832,2026-01-31T02:34:23Z,u_004269,push,sleep_challenge,clicked
m_000005833,2026-01-29T03:16:09Z,u_001836,push,heart_health_month,delivered
m_000005834,2026-01-29T06:34:35Z,u_000210,email,stress_relief_program,sent
m_000005835,2026-02-01T19:47:53Z,u_002162,email,new_content_alert,delivered
m_000005836,2026-01-29T12:02:59Z,u_003658,email,new_content_alert,sent
m_000005837,2026-01-29T10:27:00Z,u_001175,email,new_content_alert,sent
m_000005838,2026-02-02T12:31:59Z,u_002569,push,new_content_alert,sent
m_000005839,2026-01-27T20:38:18Z,u_001528,push,stress_relief_program,sent
m_000005840,2026-01-31T13:23:11Z,u_002076,email,stress_relief_program,clicked
m_000005841,2026-02-01T15:03:41Z,u_004839,sms,sleep_challenge,opened
m_000005842,2026-02-02T19:37:16Z,u_002738,sms,heart_health_month,sent
m_000005843,2026-02-02T14:51:02Z,u_004662,email,weight_loss_series,sent
m_000005844,2026-01-31T20:31:56Z,u_004278,email,sleep_challenge,sent
m_000005845,2026-01-29T20:34:51Z,u_003472,push,heart_health_month,delivered
m_000005846,2026-01-29T01:17:06Z,u_002184,push,heart_health_month,delivered
m_000005847,2026-01-27T01:32:04Z,u_001086,push,heart_health_month,opened
m_000005848,2026-01-29T15:17:58Z,u_004505,email,sleep_challenge,sent
m_000005849,2026-02-01T17:58:39Z,u_004455,email,heart_health_month,sent
m_000005850,2026-02-02T12:36:13Z,u_001427,email,new_content_alert,sent
m_000005851,2026-01-30T01:16:28Z,u_002780,email,new_content_alert,delivered
m_000005852,2026-02-02T20:07:24Z,u_000548,email,heart_health_month,delivered
m_000005853,2026-01-28T17:38:39Z,u_003934,push,new_content_alert,clicked
m_000005854,2026-01-29T12:23:47Z,u_001802,sms,weekly_digest,delivered
m_000005855,2026-01-29T22:01:36Z,u_004760,email,new_content_alert,sent
m_000005856,2026-01-29T08:51:24Z,u_000899,sms,new_content_alert,sent
m_000005857,2026-01-30T06:31:02Z,u_000402,push,weekly_digest,sent
m_000005858,2026-01-29T21:18:37Z,u_001581,sms,heart_health_month,sent
m_000005859,2026-02-02T14:20:45Z,u_002466,sms,weekly_digest,opened
m_000005860,2026-01-28T03:27:12Z,u_003719,sms,new_content_alert,delivered
m_000005861,2026-01-30T18:04:00Z,u_004671,sms,heart_health_month,opened
m_000005862,2026-01-31T04:07:01Z,u_001580,sms,heart_health_month,clicked
m_000005863,2026-01-28T21:23:12Z,u_002911,sms,weekly_digest,opened
m_000005864,2026-02-02T19:59:40Z,u_001689,email,heart_health_month,sent
m_000005865,2026-02-02T12:50:25Z,u_004001,sms,heart_health_month,sent
m_000005866,2026-01-31T11:52:39Z,u_002952,email,new_content_alert,unsubscribed
m_000005867,2026-01-31T19:10:15Z,u_001502,sms,weight_loss_series,opened
m_000005868,2026-01-27T23:08:15Z,u_002317,email,sleep_challenge,delivered
m_000005869,2026-02-01T23:03:39Z,u_002604,email,sleep_challenge,delivered
m_000005870,2026-01-31T08:59:44Z,u_000016,email,sleep_challenge,sent
m_000005871,2026-01-27T05:44:24Z,u_003248,email,heart_health_month,opened
m_000005872,2026-01-30T06:09:36Z,u_001474,sms,sleep_challenge,delivered
m_000005873,2026-02-01T17:51:25Z,u_002736,push,heart_health_month,clicked
m_000005874,2026-01-27T04:20:33Z,u_002386,sms,new_content_alert,sent
m_000005875,2026-01-31T12:37:25Z,u_004130,push,stress_relief_program,opened
m_000005876,2026-01-30T09:01:12Z,u_004622,sms,weekly_digest,sent
m_000005877,2026-02-02T00:38:59Z,u_004419,push,sleep_challenge,delivered
m_000005878,2026-01-31T10:09:17Z,u_004606,sms,stress_relief_program,delivered
m_000005879,2026-02-01T07:22:54Z,u_001473,sms,weekly_digest,delivered
m_000005880,2026-01-27T01:05:42Z,u_004299,push,weekly_digest,clicked
m_000005881,2026-01-28T00:42:17Z,u_004225,sms,weekly_digest,sent
m_000005882,2026-01-26T21:23:40Z,u_001749,push,heart_health_month,sent
m_000005883,2026-02-02T06:00:29Z,u_002606,sms,new_content_alert,sent
m_000005884,2026-01-31T02:53:32Z,u_000754,push,weekly_digest,opened
m_000005885,2026-02-02T18:22:03Z,u_002162,email,new_content_alert,clicked
m_000005886,2026-01-27T17:14:30Z,u_003511,sms,weekly_digest,sent
m_000005887,2026-02-02T18:19:52Z,u_000367,push,new_content_alert,delivered
m_000005888,2026-02-01T15:07:35Z,u_003278,push,weekly_digest,clicked
m_000005889,2026-01-29T03:26:29Z,u_003551,push,new_content_alert,sent
m_000005890,2026-01-27T17:20:53Z,u_001083,push,weight_loss_series,sent
m_000005891,2026-01-27T15:51:52Z,u_003430,sms,new_content_alert,clicked
m_000005892,2026-02-01T09:58:31Z,u_000944,email,weight_loss_series,sent
m_000005893,2026-01-29T00:23:46Z,u_000599,push,new_content_alert,sent
m_000005894,2026-01-31T12:33:08Z,u_001170,push,new_content_alert,sent
m_000005895,2026-01-26T23:24:02Z,u_003053,sms,sleep_challenge,clicked
m_000005896,2026-01-26T22:27:13Z,u_001024,sms,new_content_alert,sent
m_000005897,2026-01-29T11:25:18Z,u_004548,sms,heart_health_month,sent
m_000005898,2026-02-01T20:51:51Z,u_003760,push,new_content_alert,clicked
m_000005899,2026-01-28T18:50:55Z,u_004503,sms,weight_loss_series,delivered
m_000005900,2026-02-01T15:12:48Z,u_001475,push,stress_relief_program,sent
m_000005901,2026-01-26T23:32:05Z,u_000539,email,weight_loss_series,sent
m_000005902,2026-02-01T11:31:24Z,u_000595,sms,weekly_digest,sent
m_000005903,2026-01-31T11:41:30Z,u_001488,email,heart_health_month,sent
m_000005904,2026-01-31T04:02:57Z,u_002747,sms,weight_loss_series,sent
m_000005905,2026-01-29T15:13:28Z,u_000588,sms,heart_health_month,sent
m_000005906,2026-01-28T20:32:43Z,u_000026,sms,heart_health_month,sent
m_000005907,2026-01-29T07:50:39Z,u_002933,sms,stress_relief_program,delivered
m_000005908,2026-02-02T04:08:14Z,u_001874,sms,weekly_digest,sent
m_000005909,2026-01-31T19:37:41Z,u_001185,push,heart_health_month,delivered
m_000005910,2026-01-27T19:29:30Z,u_003701,push,sleep_challenge,sent
m_000005911,2026-01-28T16:25:46Z,u_000217,sms,weight_loss_series,clicked
m_000005912,2026-02-02T08:58:09Z,u_004462,email,weekly_digest,sent
m_000005913,2026-01-31T17:41:49Z,u_003732,push,weight_loss_series,sent
m_000005914,2026-01-28T18:05:22Z,u_000350,push,weekly_digest,opened
m_000005915,2026-01-28T17:59:52Z,u_003962,push,heart_health_month,sent
m_000005916,2026-02-02T05:58:00Z,u_004323,push,weekly_digest,sent
m_000005917,2026-01-28T13:06:29Z,u_002483,sms,heart_health_month,sent
m_000005918,2026-01-29T01:15:23Z,u_001795,sms,weekly_digest,delivered
m_000005919,2026-01-31T12:46:55Z,u_000516,sms,sleep_challenge,delivered
m_000005920,2026-01-28T01:08:36Z,u_003871,email,stress_relief_program,sent
m_000005921,2026-01-27T21:29:35Z,u_001891,push,new_content_alert,sent
m_000005922,2026-02-01T21:23:35Z,u_002768,push,heart_health_month,sent
m_000005923,2026-02-01T13:23:48Z,u_003078,sms,sleep_challenge,sent
m_000005924,2026-02-01T22:30:37Z,u_003625,email,weight_loss_series,sent
m_000005925,2026-01-31T18:30:09Z,u_004712,sms,new_content_alert,sent
m_000005926,2026-01-30T08:49:35Z,u_000563,email,weight_loss_series,sent
m_000005927,2026-01-29T18:58:09Z,u_001649,sms,heart_health_month,delivered
m_000005928,2026-01-28T06:56:10Z,u_004619,email,weight_loss_series,opened
m_000005929,2026-01-30T10:22:29Z,u_002694,sms,new_content_alert,opened
m_000005930,2026-02-01T01:44:20Z,u_001034,email,stress_relief_program,sent
m_000005931,2026-01-30T14:04:40Z,u_003912,push,weight_loss_series,opened
m_000005932,2026-01-28T08:58:46Z,u_002650,push,stress_relief_program,sent
m_000005933,2026-01-28T13:51:11Z,u_000889,push,weight_loss_series,sent
m_000005934,2026-01-27T08:23:48Z,u_002433,email,weight_loss_series,delivered
m_000005935,2026-02-02T08:59:22Z,u_002768,email,stress_relief_program,delivered
m_000005936,2026-01-27T07:52:37Z,u_004926,sms,weekly_digest,sent
m_000005937,2026-02-02T10:45:29Z,u_002862,push,new_content_alert,sent
m_000005938,2026-01-27T07:32:44Z,u_002608,sms,weight_loss_series,delivered
m_000005939,2026-01-27T12:50:17Z,u_004247,push,weekly_digest,opened
m_000005940,2026-01-31T14:49:46Z,u_004972,sms,new_content_alert,clicked
m_000005941,2026-01-28T06:41:27Z,u_003806,email,weight_loss_series,sent
m_000005942,2026-01-28T03:30:15Z,u_004775,sms,weight_loss_series,sent
m_000005943,2026-01-30T23:20:32Z,u_001279,email,heart_health_month,sent
m_000005944,2026-02-02T04:27:37Z,u_004175,sms,weight_loss_series,delivered
m_000005945,2026-02-01T04:19:43Z,u_003008,push,sleep_challenge,delivered
m_000005946,2026-01-30T14:33:51Z,u_001921,email,weekly_digest,sent
m_000005947,2026-01-30T14:58:31Z,u_000682,email,weekly_digest,unsubscribed
m_000005948,2026-01-31T20:57:22Z,u_000264,sms,weight_loss_series,opened
m_000005949,2026-01-27T02:58:03Z,u_001312,email,weekly_digest,sent
m_000005950,2026-01-31T13:54:48Z,u_004851,sms,weekly_digest,sent
m_000005951,2026-01-30T09:56:17Z,u_000294,push,weight_loss_series,delivered
m_000005952,2026-01-31T07:35:51Z,u_000545,sms,new_content_alert,opened
m_000005953,2026-01-28T19:00:41Z,u_004760,sms,sleep_challenge,delivered
m_000005954,2026-01-31T22:23:43Z,u_003100,sms,weekly_digest,opened
m_000005955,2026-01-31T08:59:05Z,u_003122,sms,weight_loss_series,sent
m_000005956,2026-01-30T03:49:32Z,u_000286,push,heart_health_month,sent
m_000005957,2026-01-26T22:59:24Z,u_004590,sms,stress_relief_program,delivered
m_000005958,2026-02-02T18:09:31Z,u_001946,sms,new_content_alert,delivered
m_000005959,2026-02-01T08:35:23Z,u_002652,push,new_content_alert,sent
m_000005960,2026-02-01T18:52:03Z,u_002207,email,sleep_challenge,opened
m_000005961,2026-01-28T16:44:00Z,u_000543,email,weekly_digest,sent
m_000005962,2026-02-01T23:03:45Z,u_004472,email,stress_relief_program,delivered
m_000005963,2026-01-29T21:45:46Z,u_001050,push,weight_loss_series,sent
m_000005964,2026-02-01T05:22:13Z,u_003384,email,weekly_digest,sent
m_000005965,2026-01-31T22:45:11Z,u_002252,push,sleep_challenge,sent
m_000005966,2026-01-31T09:34:47Z,u_004847,sms,heart_health_month,sent
m_000005967,2026-02-02T06:26:41Z,u_002571,email,weight_loss_series,opened
m_000005968,2026-01-30T10:21:04Z,u_001346,sms,heart_health_month,sent
m_000005969,2026-01-31T21:04:39Z,u_003257,sms,sleep_challenge,clicked
m_000005970,2026-01-27T03:17:09Z,u_002836,email,weekly_digest,sent
m_000005971,2026-01-28T01:51:15Z,u_002835,sms,weekly_digest,sent
m_000005972,2026-01-27T16:55:51Z,u_004118,push,sleep_challenge,sent
m_000005973,2026-01-27T10:58:48Z,u_002468,push,new_content_alert,sent
m_000005974,2026-01-27T15:00:08Z,u_001903,email,heart_health_month,opened
m_000005975,2026-01-30T15:19:32Z,u_003128,sms,weight_loss_series,opened
m_000005976,2026-01-27T20:56:29Z,u_001960,sms,weight_loss_series,sent
m_000005977,2026-02-01T20:28:36Z,u_003270,sms,stress_relief_program,clicked
m_000005978,2026-02-01T12:04:18Z,u_002691,push,weight_loss_series,sent
m_000005979,2026-01-29T15:13:14Z,u_001039,push,weight_loss_series,delivered
m_000005980,2026-02-01T20:02:51Z,u_004844,sms,weight_loss_series,delivered
m_000005981,2026-01-30T14:46:56Z,u_002188,email,new_content_alert,delivered
m_000005982,2026-01-31T00:42:22Z,u_003801,email,weight_loss_series,sent
m_000005983,2026-01-29T22:16:07Z,u_002966,email,heart_health_month,delivered
m_000005984,2026-01-28T07:25:26Z,u_000487,email,heart_health_month,sent
m_000005985,2026-01-27T07:46:12Z,u_004579,email,sleep_challenge,sent
m_000005986,2026-01-27T10:36:22Z,u_002767,sms,heart_health_month,sent
m_000005987,2026-01-30T08:44:11Z,u_001089,sms,weight_loss_series,delivered
m_000005988,2026-01-30T01:17:56Z,u_004937,push,new_content_alert,opened
m_000005989,2026-01-30T16:04:51Z,u_004191,push,heart_health_month,sent
m_000005990,2026-01-30T02:08:03Z,u_003268,email,stress_relief_program,opened
m_000005991,2026-01-30T14:40:19Z,u_001270,email,weekly_digest,sent
m_000005992,2026-01-31T20:03:37Z,u_001321,push,new_content_alert,delivered
m_000005993,2026-01-28T07:28:14Z,u_003275,email,weight_loss_series,opened
m_000005994,2026-01-29T01:59:58Z,u_000825,push,heart_health_month,opened
m_000005995,2026-01-27T23:44:37Z,u_003157,push,weight_loss_series,sent
m_000005996,2026-01-27T05:19:01Z,u_002150,sms,new_content_alert,opened
m_000005997,2026-02-01T18:20:40Z,u_004604,push,sleep_challenge,sent
m_000005998,2026-02-01T18:04:04Z,u_004763,push,weekly_digest,opened
m_000005999,2026-01-28T17:58:11Z,u_002391,push,sleep_challenge,sent
m_000006000,2026-02-01T12:00:25Z,u_002571,email,sleep_challenge,delivered
m_000006001,2026-01-30T18:01:07Z,u_000766,sms,heart_health_month,delivered
m_000006002,2026-02-01T08:06:21Z,u_000885,sms,weight_loss_series,sent
m_000006003,2026-01-31T09:24:44Z,u_000671,push,weekly_digest,sent
m_000006004,2026-01-27T00:46:36Z,u_000892,email,weight_loss_series,sent
m_000006005,2026-02-01T15:02:16Z,u_000083,push,heart_health_month,sent
m_000006006,2026-01-30T08:00:44Z,u_002878,email,sleep_challenge,sent
m_000006007,2026-01-31T16:40:00Z,u_003221,sms,weight_loss_series,sent
m_000006008,2026-01-28T12:04:24Z,u_004462,sms,weight_loss_series,delivered
m_000006009,2026-01-29T19:20:52Z,u_000456,sms,sleep_challenge,delivered
m_000006010,2026-01-29T19:11:19Z,u_003084,sms,new_content_alert,opened
m_000006011,2026-02-02T18:16:55Z,u_001270,sms,weekly_digest,opened
m_000006012,2026-01-28T10:34:51Z,u_001715,email,heart_health_month,sent
m_000006013,2026-01-29T02:07:10Z,u_001798,push,heart_health_month,delivered
m_000006014,2026-02-02T01:00:14Z,u_001411,email,weight_loss_series,opened
m_000006015,2026-02-01T10:14:42Z,u_004203,push,stress_relief_program,sent
m_000006016,2026-01-27T07:46:37Z,u_002997,sms,heart_health_month,sent
m_000006017,2026-01-31T18:28:36Z,u_002253,sms,weekly_digest,sent
m_000006018,2026-01-28T16:22:32Z,u_002995,sms,new_content_alert,sent
m_000006019,2026-01-30T00:43:39Z,u_000790,sms,sleep_challenge,opened
m_000006020,2026-01-27T04:03:43Z,u_003681,sms,stress_relief_program,opened
m_000006021,2026-01-28T16:45:00Z,u_002345,email,heart_health_month,sent
m_000006022,2026-01-27T00:06:00Z,u_003682,push,new_content_alert,sent
m_000006023,2026-01-31T08:55:06Z,u_001791,push,new_content_alert,sent
m_000006024,2026-01-26T21:22:02Z,u_002765,push,weekly_digest,sent
m_000006025,2026-01-28T20:23:54Z,u_003139,sms,weekly_digest,delivered
m_000006026,2026-01-28T05:12:12Z,u_001711,sms,weight_loss_series,delivered
m_000006027,2026-01-28T22:10:58Z,u_002289,push,heart_health_month,delivered
m_000006028,2026-01-28T12:16:07Z,u_000034,sms,new_content_alert,delivered
m_000006029,2026-01-31T04:39:19Z,u_003927,email,weight_loss_series,sent
m_000006030,2026-01-31T04:28:49Z,u_002725,sms,stress_relief_program,opened
m_000006031,2026-01-30T18:12:01Z,u_002266,push,new_content_alert,sent
m_000006032,2026-01-31T14:24:19Z,u_001738,email,sleep_challenge,sent
m_000006033,2026-01-27T12:58:25Z,u_000646,sms,heart_health_month,sent
m_000006034,2026-01-31T21:26:55Z,u_003316,push,heart_health_month,sent
m_000006035,2026-01-26T22:11:40Z,u_002396,email,stress_relief_program,sent
m_000006036,2026-01-27T15:52:10Z,u_002983,push,stress_relief_program,sent
m_000006037,2026-01-29T16:14:11Z,u_000930,push,sleep_challenge,sent
m_000006038,2026-01-30T18:07:17Z,u_001132,email,weekly_digest,sent
m_000006039,2026-01-28T15:44:59Z,u_002404,sms,stress_relief_program,sent
m_000006040,2026-01-31T17:18:54Z,u_001894,sms,heart_health_month,sent
m_000006041,2026-01-31T08:03:13Z,u_001088,email,heart_health_month,sent
m_000006042,2026-02-01T17:08:32Z,u_003269,push,heart_health_month,clicked
m_000006043,2026-01-29T03:27:00Z,u_001611,sms,weight_loss_series,opened
m_000006044,2026-01-28T14:50:01Z,u_004607,email,heart_health_month,delivered
m_000006045,2026-01-29T15:13:04Z,u_004727,email,weight_loss_series,sent
m_000006046,2026-02-01T15:28:20Z,u_002152,push,heart_health_month,clicked
m_000006047,2026-01-27T22:32:34Z,u_000934,sms,stress_relief_program,sent
m_000006048,2026-01-31T03:35:36Z,u_003014,email,weight_loss_series,opened
m_000006049,2026-02-01T13:04:20Z,u_000184,push,heart_health_month,sent
m_000006050,2026-01-30T16:51:23Z,u_000760,push,heart_health_month,opened
m_000006051,2026-01-31T02:05:03Z,u_003089,push,weekly_digest,sent
m_000006052,2026-01-29T16:47:38Z,u_000200,push,stress_relief_program,delivered
m_000006053,2026-02-01T09:14:26Z,u_004640,email,sleep_challenge,delivered
m_000006054,2026-01-30T21:37:56Z,u_004196,email,stress_relief_program,sent
m_000006055,2026-01-26T21:01:16Z,u_004958,email,weekly_digest,sent
m_000006056,2026-02-02T03:02:00Z,u_002804,sms,heart_health_month,delivered
m_000006057,2026-01-30T15:38:56Z,u_003585,push,new_content_alert,delivered
m_000006058,2026-01-28T00:29:15Z,u_002828,email,sleep_challenge,sent
m_000006059,2026-01-30T05:33:48Z,u_003720,email,heart_health_month,sent
m_000006060,2026-02-02T01:26:14Z,u_003479,sms,sleep_challenge,sent
m_000006061,2026-01-30T19:38:40Z,u_004708,push,sleep_challenge,sent
m_000006062,2026-01-29T00:55:49Z,u_001134,push,new_content_alert,sent
m_000006063,2026-01-29T06:14:42Z,u_003383,email,weekly_digest,sent
m_000006064,2026-01-29T21:33:29Z,u_002000,push,heart_health_month,delivered
m_000006065,2026-01-30T12:24:23Z,u_004820,email,weekly_digest,delivered
m_000006066,2026-01-31T17:12:55Z,u_000674,sms,stress_relief_program,sent
m_000006067,2026-01-26T22:27:19Z,u_004246,sms,stress_relief_program,delivered
m_000006068,2026-01-30T09:51:44Z,u_004946,sms,new_content_alert,sent
m_000006069,2026-01-28T16:27:45Z,u_003799,sms,sleep_challenge,sent
m_000006070,2026-01-28T00:30:46Z,u_003951,email,stress_relief_program,opened
m_000006071,2026-02-02T17:32:09Z,u_004563,push,weight_loss_series,sent
m_000006072,2026-01-28T17:34:21Z,u_003629,sms,new_content_alert,sent
m_000006073,2026-01-29T01:26:42Z,u_001265,push,sleep_challenge,sent
m_000006074,2026-01-27T06:03:32Z,u_003675,email,stress_relief_program,sent
m_000006075,2026-02-01T22:17:54Z,u_004597,push,heart_health_month,opened
m_000006076,2026-01-31T12:25:32Z,u_003054,push,weekly_digest,sent
m_000006077,2026-01-28T16:00:07Z,u_001148,email,new_content_alert,sent
m_000006078,2026-02-02T10:31:40Z,u_002185,push,stress_relief_program,sent
m_000006079,2026-02-01T20:08:00Z,u_000296,email,new_content_alert,delivered
m_000006080,2026-02-01T12:21:32Z,u_004172,push,new_content_alert,sent
m_000006081,2026-01-28T16:32:36Z,u_004481,email,sleep_challenge,sent
m_000006082,2026-01-31T00:31:04Z,u_003215,sms,heart_health_month,sent
m_000006083,2026-01-31T11:41:02Z,u_002310,email,new_content_alert,sent
m_000006084,2026-01-28T07:46:04Z,u_003226,email,weekly_digest,opened
m_000006085,2026-01-29T04:55:41Z,u_002056,push,weight_loss_series,sent
m_000006086,2026-01-30T11:47:35Z,u_003051,sms,heart_health_month,delivered
m_000006087,2026-02-01T13:16:21Z,u_002882,push,weight_loss_series,delivered
m_000006088,2026-02-02T14:24:43Z,u_002374,email,stress_relief_program,opened
m_000006089,2026-01-27T02:18:07Z,u_000829,sms,new_content_alert,delivered
m_000006090,2026-01-27T14:15:38Z,u_001747,sms,heart_health_month,opened
m_000006091,2026-01-30T17:40:52Z,u_004320,email,weight_loss_series,delivered
m_000006092,2026-01-27T01:06:18Z,u_002894,push,stress_relief_program,sent
m_000006093,2026-02-02T08:01:57Z,u_002305,email,weekly_digest,sent
m_000006094,2026-01-30T21:12:02Z,u_000649,push,sleep_challenge,opened
m_000006095,2026-01-30T21:31:05Z,u_004660,push,stress_relief_program,opened
m_000006096,2026-02-02T15:00:40Z,u_001061,push,new_content_alert,sent
m_000006097,2026-01-30T14:21:41Z,u_004640,sms,sleep_challenge,sent
m_000006098,2026-01-30T22:41:10Z,u_000327,push,weekly_digest,clicked
m_000006099,2026-01-31T22:37:11Z,u_000919,sms,new_content_alert,sent
m_000006100,2026-02-02T17:31:43Z,u_001238,sms,heart_health_month,sent
m_000006101,2026-02-02T09:04:15Z,u_001636,sms,sleep_challenge,delivered
m_000006102,2026-01-31T16:32:14Z,u_003700,email,new_content_alert,delivered
m_000006103,2026-01-26T22:01:19Z,u_001489,push,weight_loss_series,sent
m_000006104,2026-01-30T08:54:14Z,u_004328,push,heart_health_month,delivered
m_000006105,2026-01-30T05:25:57Z,u_000340,sms,stress_relief_program,clicked
m_000006106,2026-02-02T17:48:23Z,u_001879,push,new_content_alert,opened
m_000006107,2026-01-29T12:26:45Z,u_002386,push,weekly_digest,sent
m_000006108,2026-01-31T10:32:52Z,u_003410,sms,stress_relief_program,sent
m_000006109,2026-02-02T12:30:16Z,u_000352,email,stress_relief_program,sent
m_000006110,2026-01-27T04:30:56Z,u_000980,email,weekly_digest,sent
m_000006111,2026-01-27T07:16:43Z,u_005000,sms,weight_loss_series,sent
m_000006112,2026-02-02T07:47:14Z,u_001626,push,weekly_digest,sent
m_000006113,2026-01-28T18:59:22Z,u_000279,push,weekly_digest,sent
m_000006114,2026-02-02T07:14:17Z,u_000734,sms,stress_relief_program,delivered
m_000006115,2026-01-30T14:37:39Z,u_002820,email,sleep_challenge,sent
m_000006116,2026-01-31T15:12:58Z,u_004827,email,weight_loss_series,sent
m_000006117,2026-01-29T23:00:58Z,u_001266,sms,new_content_alert,sent
m_000006118,2026-01-28T16:04:09Z,u_004707,push,sleep_challenge,opened
m_000006119,2026-01-30T17:22:08Z,u_003899,push,sleep_challenge,opened
m_000006120,2026-02-02T10:39:44Z,u_000465,push,heart_health_month,sent
m_000006121,2026-01-26T22:20:32Z,u_002250,email,heart_health_month,sent
m_000006122,2026-01-31T03:02:04Z,u_000906,email,heart_health_month,opened
m_000006123,2026-01-28T14:31:19Z,u_002564,email,new_content_alert,sent
m_000006124,2026-01-31T21:34:04Z,u_001056,sms,sleep_challenge,delivered
m_000006125,2026-01-31T16:29:07Z,u_003516,email,heart_health_month,delivered
m_000006126,2026-01-30T22:40:11Z,u_002226,push,new_content_alert,delivered
m_000006127,2026-02-01T06:00:04Z,u_003079,email,weight_loss_series,delivered
m_000006128,2026-02-01T22:49:47Z,u_001541,email,stress_relief_program,sent
m_000006129,2026-01-26T21:30:59Z,u_000213,push,new_content_alert,sent
m_000006130,2026-01-27T12:10:29Z,u_000990,sms,new_content_alert,sent
m_000006131,2026-02-01T18:49:21Z,u_000020,sms,stress_relief_program,sent
m_000006132,2026-02-01T12:10:28Z,u_001101,push,weight_loss_series,unsubscribed
m_000006133,2026-02-02T00:07:14Z,u_002608,sms,weight_loss_series,opened
m_000006134,2026-02-01T20:09:10Z,u_002348,email,weight_loss_series,delivered
m_000006135,2026-01-27T15:06:46Z,u_001661,sms,weight_loss_series,sent
m_000006136,2026-02-01T17:38:08Z,u_001971,sms,new_content_alert,delivered
m_000006137,2026-01-30T13:29:10Z,u_000734,email,new_content_alert,delivered
m_000006138,2026-01-30T00:14:59Z,u_000693,sms,stress_relief_program,sent
m_000006139,2026-01-29T02:15:33Z,u_002784,push,heart_health_month,sent
m_000006140,2026-01-28T16:11:32Z,u_004535,email,sleep_challenge,sent
m_000006141,2026-01-30T16:05:12Z,u_000627,email,heart_health_month,sent
m_000006142,2026-01-27T17:00:18Z,u_000534,push,heart_health_month,sent
m_000006143,2026-01-29T11:04:41Z,u_002126,sms,new_content_alert,sent
m_000006144,2026-01-27T16:15:36Z,u_004860,push,new_content_alert,sent
m_000006145,2026-02-01T05:52:17Z,u_000519,push,stress_relief_program,opened
m_000006146,2026-01-28T04:08:28Z,u_003868,push,sleep_challenge,sent
m_000006147,2026-02-02T19:06:40Z,u_001259,sms,new_content_alert,sent
m_000006148,2026-02-01T11:36:45Z,u_003253,push,new_content_alert,delivered
m_000006149,2026-01-30T14:19:53Z,u_000772,email,weight_loss_series,delivered
m_000006150,2026-02-02T16:04:48Z,u_001855,push,sleep_challenge,sent
m_000006151,2026-01-27T17:58:48Z,u_002573,email,new_content_alert,opened
m_000006152,2026-01-29T19:18:21Z,u_001608,sms,sleep_challenge,sent
m_000006153,2026-01-27T12:36:16Z,u_002062,email,weekly_digest,opened
m_000006154,2026-02-02T18:52:15Z,u_002980,push,stress_relief_program,delivered
m_000006155,2026-01-29T12:28:20Z,u_001167,sms,sleep_challenge,delivered
m_000006156,2026-01-28T19:51:42Z,u_003072,sms,stress_relief_program,sent
m_000006157,2026-01-27T02:48:35Z,u_003271,sms,weekly_digest,sent
m_000006158,2026-02-01T06:06:39Z,u_004631,sms,weight_loss_series,sent
m_000006159,2026-01-31T14:27:08Z,u_003594,push,weight_loss_series,sent
m_000006160,2026-02-02T13:58:25Z,u_003735,email,weight_loss_series,sent
m_000006161,2026-01-30T03:24:29Z,u_000627,push,new_content_alert,delivered
m_000006162,2026-02-02T00:59:06Z,u_003673,email,heart_health_month,sent
m_000006163,2026-01-27T10:52:37Z,u_002440,push,weight_loss_series,delivered
m_000006164,2026-01-28T23:08:40Z,u_003831,push,new_content_alert,sent
m_000006165,2026-01-28T06:03:51Z,u_004217,email,weekly_digest,sent
m_000006166,2026-01-27T17:40:02Z,u_002214,email,weight_loss_series,delivered
m_000006167,2026-01-30T09:32:25Z,u_004117,email,stress_relief_program,delivered
m_000006168,2026-01-31T11:57:44Z,u_002884,push,heart_health_month,delivered
m_000006169,2026-02-02T10:55:37Z,u_001645,sms,new_content_alert,sent
m_000006170,2026-01-31T18:34:03Z,u_000930,push,new_content_alert,delivered
m_000006171,2026-01-28T14:30:18Z,u_002147,sms,weight_loss_series,sent
m_000006172,2026-01-27T19:23:25Z,u_004744,sms,new_content_alert,sent
m_000006173,2026-01-30T08:19:02Z,u_001964,email,heart_health_month,sent
m_000006174,2026-01-29T01:15:02Z,u_001700,sms,new_content_alert,sent
m_000006175,2026-02-02T13:58:51Z,u_002622,push,stress_relief_program,sent
m_000006176,2026-02-01T18:12:43Z,u_004242,sms,weekly_digest,sent
m_000006177,2026-01-30T18:35:03Z,u_004883,push,heart_health_month,clicked
m_000006178,2026-01-27T23:58:12Z,u_004242,push,stress_relief_program,opened
m_000006179,2026-01-28T18:48:34Z,u_002275,push,stress_relief_program,sent
m_000006180,2026-01-30T04:18:45Z,u_003392,push,stress_relief_program,sent
m_000006181,2026-02-02T01:28:02Z,u_003547,email,stress_relief_program,delivered
m_000006182,2026-02-01T04:26:43Z,u_002135,email,stress_relief_program,delivered
m_000006183,2026-01-28T09:32:28Z,u_000111,email,sleep_challenge,sent
m_000006184,2026-01-29T12:06:14Z,u_003489,email,heart_health_month,sent
m_000006185,2026-02-01T01:45:36Z,u_000035,email,weekly_digest,sent
m_000006186,2026-01-27T22:48:48Z,u_000777,sms,new_content_alert,opened
m_000006187,2026-01-30T14:29:30Z,u_001812,push,heart_health_month,delivered
m_000006188,2026-01-30T12:41:14Z,u_001606,sms,heart_health_month,sent
m_000006189,2026-01-28T08:56:48Z,u_004122,push,weekly_digest,sent
m_000006190,2026-01-27T08:12:39Z,u_002470,email,weekly_digest,sent
m_000006191,2026-01-26T21:32:25Z,u_002366,email,weight_loss_series,opened
m_000006192,2026-01-31T14:56:42Z,u_000314,push,new_content_alert,sent
m_000006193,2026-02-02T10:40:35Z,u_003727,push,sleep_challenge,clicked
m_000006194,2026-01-27T03:07:28Z,u_002320,push,weight_loss_series,opened
m_000006195,2026-02-01T20:37:54Z,u_004800,sms,weekly_digest,clicked
m_000006196,2026-01-31T10:14:46Z,u_002095,sms,heart_health_month,sent
m_000006197,2026-01-29T20:55:47Z,u_001429,push,sleep_challenge,delivered
m_000006198,2026-01-30T14:30:11Z,u_000257,email,sleep_challenge,sent
m_000006199,2026-01-27T08:32:21Z,u_001796,sms,sleep_challenge,sent
m_000006200,2026-02-02T15:20:15Z,u_001699,email,sleep_challenge,sent
m_000006201,2026-01-31T03:24:02Z,u_000925,sms,stress_relief_program,unsubscribed
m_000006202,2026-01-28T13:03:07Z,u_004622,sms,new_content_alert,sent
m_000006203,2026-01-28T08:40:15Z,u_000513,email,sleep_challenge,delivered
m_000006204,2026-01-28T12:59:56Z,u_000777,sms,stress_relief_program,sent
m_000006205,2026-01-28T09:13:56Z,u_002583,push,new_content_alert,sent
m_000006206,2026-02-01T19:04:01Z,u_000064,email,stress_relief_program,delivered
m_000006207,2026-02-01T02:29:23Z,u_003660,push,weight_loss_series,sent
m_000006208,2026-01-27T12:27:07Z,u_000404,push,heart_health_month,sent
m_000006209,2026-01-31T09:57:32Z,u_002873,email,weight_loss_series,delivered
m_000006210,2026-01-26T23:17:47Z,u_004082,push,stress_relief_program,sent
m_000006211,2026-01-27T10:54:50Z,u_002904,push,sleep_challenge,delivered
m_000006212,2026-01-27T04:53:30Z,u_002585,email,new_content_alert,sent
m_000006213,2026-02-02T01:57:32Z,u_002570,push,weight_loss_series,sent
m_000006214,2026-01-28T07:29:03Z,u_002855,push,stress_relief_program,sent
m_000006215,2026-01-29T15:27:43Z,u_001180,email,weight_loss_series,sent
m_000006216,2026-01-27T08:25:11Z,u_004456,push,stress_relief_program,delivered
m_000006217,2026-02-02T04:00:53Z,u_004750,push,heart_health_month,sent
m_000006218,2026-01-30T17:17:02Z,u_004998,push,sleep_challenge,sent
m_000006219,2026-02-01T14:26:23Z,u_001380,push,stress_relief_program,delivered
m_000006220,2026-01-29T19:08:32Z,u_003315,email,new_content_alert,opened
m_000006221,2026-02-01T05:44:22Z,u_000381,sms,weight_loss_series,delivered
m_000006222,2026-01-29T07:12:49Z,u_004025,push,new_content_alert,sent
m_000006223,2026-01-30T12:36:34Z,u_001454,sms,stress_relief_program,sent
m_000006224,2026-01-31T18:20:35Z,u_001830,push,sleep_challenge,sent
m_000006225,2026-01-31T14:50:18Z,u_000409,push,heart_health_month,sent
m_000006226,2026-01-27T00:12:37Z,u_001611,push,heart_health_month,sent
m_000006227,2026-02-01T20:46:49Z,u_001009,email,new_content_alert,sent
m_000006228,2026-01-31T23:22:29Z,u_000454,email,stress_relief_program,delivered
m_000006229,2026-01-27T09:06:36Z,u_002880,email,stress_relief_program,opened
m_000006230,2026-02-01T04:55:36Z,u_000981,sms,sleep_challenge,sent
m_000006231,2026-01-30T23:20:10Z,u_000080,email,new_content_alert,delivered
m_000006232,2026-01-31T00:05:51Z,u_001247,email,sleep_challenge,sent
m_000006233,2026-02-01T02:58:28Z,u_000629,email,new_content_alert,sent
m_000006234,2026-01-28T20:21:38Z,u_000311,email,heart_health_month,clicked
m_000006235,2026-01-30T12:03:25Z,u_001687,sms,weekly_digest,sent
m_000006236,2026-01-29T21:12:16Z,u_003763,email,new_content_alert,sent
m_000006237,2026-02-02T15:41:41Z,u_002392,email,weight_loss_series,sent
m_000006238,2026-01-27T12:35:45Z,u_001225,email,stress_relief_program,sent
m_000006239,2026-02-01T08:12:21Z,u_001796,push,weekly_digest,delivered
m_000006240,2026-01-28T16:32:32Z,u_002104,sms,sleep_challenge,sent
m_000006241,2026-02-02T07:57:44Z,u_001972,push,stress_relief_program,delivered
m_000006242,2026-01-27T09:07:19Z,u_004312,sms,sleep_challenge,sent
m_000006243,2026-01-27T07:58:31Z,u_003462,push,sleep_challenge,clicked
m_000006244,2026-01-31T02:43:00Z,u_002032,sms,weight_loss_series,sent
m_000006245,2026-01-27T16:59:19Z,u_002130,sms,sleep_challenge,sent
m_000006246,2026-01-27T23:47:14Z,u_003836,email,heart_health_month,delivered
m_000006247,2026-01-26T22:26:37Z,u_002438,sms,stress_relief_program,sent
m_000006248,2026-01-31T23:45:44Z,u_001134,email,stress_relief_program,sent
m_000006249,2026-01-28T06:19:59Z,u_000968,push,weekly_digest,opened
m_000006250,2026-01-27T00:59:47Z,u_002565,email,weekly_digest,sent
m_000006251,2026-01-30T04:30:10Z,u_002738,sms,new_content_alert,opened
m_000006252,2026-01-28T20:49:21Z,u_004876,sms,weight_loss_series,sent
m_000006253,2026-02-01T19:16:06Z,u_000426,sms,sleep_challenge,opened
m_000006254,2026-01-27T08:07:17Z,u_001455,sms,stress_relief_program,opened
m_000006255,2026-02-01T02:01:36Z,u_002795,push,sleep_challenge,sent
m_000006256,2026-01-29T12:14:37Z,u_000500,email,heart_health_month,opened
m_000006257,2026-01-28T02:47:40Z,u_003884,sms,weight_loss_series,sent
m_000006258,2026-01-28T19:22:01Z,u_000879,push,stress_relief_program,sent
m_000006259,2026-01-29T18:39:54Z,u_001136,sms,sleep_challenge,sent
m_000006260,2026-01-29T20:02:54Z,u_004988,email,sleep_challenge,sent
m_000006261,2026-02-01T15:42:00Z,u_002322,email,heart_health_month,delivered
m_000006262,2026-01-29T23:44:07Z,u_001198,email,weekly_digest,sent
m_000006263,2026-01-28T07:09:20Z,u_004662,email,new_content_alert,sent
m_000006264,2026-02-02T04:12:26Z,u_001376,sms,stress_relief_program,sent
m_000006265,2026-01-30T09:56:05Z,u_004130,push,heart_health_month,sent
m_000006266,2026-02-01T02:04:13Z,u_001108,sms,heart_health_month,sent
m_000006267,2026-01-30T15:41:45Z,u_002966,push,stress_relief_program,sent
m_000006268,2026-01-30T09:00:24Z,u_000061,email,weekly_digest,opened
m_000006269,2026-01-28T06:22:16Z,u_003180,sms,sleep_challenge,delivered
m_000006270,2026-01-27T19:32:10Z,u_004102,email,weight_loss_series,delivered
m_000006271,2026-01-28T16:00:18Z,u_001577,push,heart_health_month,sent
m_000006272,2026-02-02T08:24:03Z,u_001032,email,sleep_challenge,sent
m_000006273,2026-01-27T19:46:40Z,u_004870,email,stress_relief_program,delivered
m_000006274,2026-01-31T16:05:43Z,u_001309,push,sleep_challenge,delivered
m_000006275,2026-01-30T17:37:01Z,u_001360,sms,new_content_alert,clicked
m_000006276,2026-01-30T23:29:01Z,u_003904,sms,new_content_alert,sent
m_000006277,2026-01-28T12:52:37Z,u_000227,push,stress_relief_program,sent
m_000006278,2026-01-28T01:09:28Z,u_002756,push,heart_health_month,sent
m_000006279,2026-01-27T12:32:35Z,u_001046,email,weight_loss_series,delivered
m_000006280,2026-01-31T00:15:43Z,u_002363,push,weight_loss_series,sent
m_000006281,2026-01-28T19:40:18Z,u_002927,push,heart_health_month,sent
m_000006282,2026-02-02T17:20:54Z,u_003296,sms,stress_relief_program,sent
m_000006283,2026-01-31T03:17:03Z,u_003877,push,sleep_challenge,sent
m_000006284,2026-01-28T06:06:10Z,u_004922,push,new_content_alert,delivered
m_000006285,2026-01-31T08:29:33Z,u_002867,sms,sleep_challenge,sent
m_000006286,2026-01-28T20:52:29Z,u_003037,email,weekly_digest,sent
m_000006287,2026-01-31T17:04:12Z,u_001857,email,stress_relief_program,sent
m_000006288,2026-01-28T13:32:30Z,u_003061,sms,weight_loss_series,sent
m_000006289,2026-01-30T02:23:24Z,u_004146,sms,sleep_challenge,delivered
m_000006290,2026-01-28T16:53:11Z,u_004751,sms,new_content_alert,sent
m_000006291,2026-01-31T16:34:20Z,u_003248,email,weight_loss_series,opened
m_000006292,2026-02-01T18:36:18Z,u_003148,sms,new_content_alert,sent
m_000006293,2026-01-29T22:16:44Z,u_003859,sms,new_content_alert,opened
m_000006294,2026-02-02T10:45:15Z,u_001676,email,stress_relief_program,sent
m_000006295,2026-01-31T18:38:02Z,u_002076,email,sleep_challenge,opened
m_000006296,2026-01-28T03:58:29Z,u_001041,email,weekly_digest,sent
m_000006297,2026-01-31T22:39:55Z,u_000219,push,heart_health_month,sent
m_000006298,2026-01-28T07:52:09Z,u_003713,sms,weekly_digest,delivered
m_000006299,2026-01-28T18:10:37Z,u_003074,push,weekly_digest,delivered
m_000006300,2026-02-01T16:56:01Z,u_002912,email,heart_health_month,sent
m_000006301,2026-01-29T06:22:02Z,u_002612,push,weight_loss_series,sent
m_000006302,2026-01-27T09:31:55Z,u_000891,email,new_content_alert,delivered
m_000006303,2026-01-30T06:22:54Z,u_001347,push,heart_health_month,sent
m_000006304,2026-01-27T23:35:52Z,u_001388,push,heart_health_month,opened
m_000006305,2026-01-30T07:03:12Z,u_000902,push,heart_health_month,clicked
m_000006306,2026-01-27T09:50:20Z,u_000380,sms,weekly_digest,sent
m_000006307,2026-01-31T07:15:34Z,u_003654,email,weekly_digest,sent
m_000006308,2026-01-29T07:41:27Z,u_003785,push,weight_loss_series,sent
m_000006309,2026-02-02T08:06:37Z,u_000067,push,sleep_challenge,delivered
m_000006310,2026-01-31T12:36:26Z,u_002388,push,sleep_challenge,sent
m_000006311,2026-01-31T00:19:37Z,u_000489,push,weight_loss_series,opened
m_000006312,2026-02-02T00:44:08Z,u_003270,push,new_content_alert,delivered
m_000006313,2026-01-29T14:25:07Z,u_004538,sms,heart_health_month,opened
m_000006314,2026-01-29T05:30:15Z,u_004040,email,new_content_alert,sent
m_000006315,2026-02-01T01:14:19Z,u_000072,email,sleep_challenge,delivered
m_000006316,2026-02-02T02:04:32Z,u_002663,push,weekly_digest,sent
m_000006317,2026-01-29T21:52:37Z,u_004026,push,weekly_digest,sent
m_000006318,2026-01-27T20:32:57Z,u_004474,sms,weight_loss_series,delivered
m_000006319,2026-02-01T02:42:55Z,u_003447,sms,weekly_digest,delivered
m_000006320,2026-01-29T19:27:23Z,u_003727,push,weekly_digest,opened
m_000006321,2026-02-01T18:31:21Z,u_001015,email,heart_health_month,sent
m_000006322,2026-01-28T11:30:53Z,u_003334,push,weekly_digest,delivered
m_000006323,2026-01-31T03:19:13Z,u_001352,sms,sleep_challenge,sent
m_000006324,2026-01-27T02:29:43Z,u_003302,sms,heart_health_month,sent
m_000006325,2026-01-28T19:15:30Z,u_003977,email,weight_loss_series,sent
m_000006326,2026-02-01T08:55:50Z,u_004481,push,sleep_challenge,delivered
m_000006327,2026-02-01T23:41:18Z,u_000339,sms,new_content_alert,opened
m_000006328,2026-01-30T12:24:31Z,u_003305,push,weekly_digest,sent
m_000006329,2026-01-28T00:59:04Z,u_004744,email,weekly_digest,delivered
m_000006330,2026-01-27T18:26:51Z,u_000430,push,weight_loss_series,sent
m_000006331,2026-01-27T08:14:26Z,u_001687,sms,stress_relief_program,sent
m_000006332,2026-01-31T19:44:23Z,u_004549,email,weekly_digest,sent
m_000006333,2026-01-27T09:17:32Z,u_001843,email,stress_relief_program,clicked
m_000006334,2026-02-02T03:57:15Z,u_003627,push,weekly_digest,opened
m_000006335,2026-02-01T01:36:07Z,u_002356,email,stress_relief_program,sent
m_000006336,2026-01-28T04:58:46Z,u_002891,push,stress_relief_program,delivered
m_000006337,2026-01-30T04:12:00Z,u_003634,sms,weight_loss_series,sent
m_000006338,2026-01-28T02:42:58Z,u_002454,email,sleep_challenge,sent
m_000006339,2026-02-02T00:59:23Z,u_002459,push,weight_loss_series,sent
m_000006340,2026-02-01T20:10:34Z,u_002748,email,weight_loss_series,delivered
m_000006341,2026-02-02T06:11:10Z,u_001114,sms,sleep_challenge,sent
m_000006342,2026-01-30T22:19:44Z,u_004352,email,heart_health_month,opened
m_000006343,2026-01-29T04:17:32Z,u_001884,sms,weight_loss_series,sent
m_000006344,2026-02-01T12:41:40Z,u_002897,email,heart_health_month,sent
m_000006345,2026-01-27T12:39:24Z,u_003136,push,weekly_digest,sent
m_000006346,2026-01-28T22:56:59Z,u_004543,email,heart_health_month,sent
m_000006347,2026-01-29T07:39:51Z,u_000013,email,sleep_challenge,delivered
m_000006348,2026-01-28T03:32:50Z,u_002942,email,weekly_digest,delivered
m_000006349,2026-01-29T16:13:45Z,u_003313,sms,sleep_challenge,sent
m_000006350,2026-01-31T07:24:14Z,u_001163,push,weight_loss_series,delivered
m_000006351,2026-01-31T04:54:00Z,u_004838,email,weight_loss_series,opened
m_000006352,2026-01-27T11:42:09Z,u_003708,sms,heart_health_month,opened
m_000006353,2026-01-28T17:55:47Z,u_001085,push,weekly_digest,opened
m_000006354,2026-01-27T02:54:32Z,u_002783,email,weight_loss_series,sent
m_000006355,2026-02-01T14:21:48Z,u_004242,email,weight_loss_series,sent
m_000006356,2026-01-31T08:14:26Z,u_001606,sms,weight_loss_series,sent
m_000006357,2026-01-29T01:08:39Z,u_003980,push,heart_health_month,sent
m_000006358,2026-02-01T08:34:09Z,u_000746,sms,new_content_alert,delivered
m_000006359,2026-01-29T15:31:17Z,u_004038,push,stress_relief_program,clicked
m_000006360,2026-02-02T09:41:57Z,u_001746,sms,stress_relief_program,sent
m_000006361,2026-02-02T05:18:04Z,u_000096,email,new_content_alert,sent
m_000006362,2026-01-30T18:49:05Z,u_004780,email,new_content_alert,sent
m_000006363,2026-01-27T03:32:42Z,u_001940,push,new_content_alert,delivered
m_000006364,2026-01-27T00:02:21Z,u_000488,sms,heart_health_month,clicked
m_000006365,2026-01-27T03:01:56Z,u_004625,push,new_content_alert,clicked
m_000006366,2026-02-01T05:47:28Z,u_004899,sms,new_content_alert,sent
m_000006367,2026-01-28T06:45:32Z,u_003042,email,sleep_challenge,opened
m_000006368,2026-01-27T13:00:16Z,u_002305,push,heart_health_month,delivered
m_000006369,2026-02-01T07:45:19Z,u_001378,sms,stress_relief_program,opened
m_000006370,2026-01-29T05:42:15Z,u_002631,sms,weekly_digest,opened
m_000006371,2026-01-27T13:31:48Z,u_004008,push,new_content_alert,sent
m_000006372,2026-01-30T00:05:58Z,u_003627,push,weekly_digest,sent
m_000006373,2026-02-01T04:25:29Z,u_003919,sms,stress_relief_program,opened
m_000006374,2026-01-31T17:02:21Z,u_001597,sms,heart_health_month,sent
m_000006375,2026-01-27T04:55:33Z,u_000381,email,weight_loss_series,delivered
m_000006376,2026-02-01T17:33:34Z,u_002593,email,weight_loss_series,sent
m_000006377,2026-01-27T06:52:03Z,u_004875,sms,weekly_digest,delivered
m_000006378,2026-01-28T08:50:02Z,u_000633,push,new_content_alert,sent
m_000006379,2026-01-29T08:34:54Z,u_004054,sms,sleep_challenge,delivered
m_000006380,2026-01-29T09:28:08Z,u_004651,email,stress_relief_program,sent
m_000006381,2026-01-27T16:24:26Z,u_003611,sms,weight_loss_series,sent
m_000006382,2026-02-02T07:44:51Z,u_001490,sms,sleep_challenge,clicked
m_000006383,2026-01-27T16:26:29Z,u_000595,sms,stress_relief_program,sent
m_000006384,2026-02-02T19:19:07Z,u_003402,sms,new_content_alert,opened
m_000006385,2026-01-29T20:47:34Z,u_004043,email,weight_loss_series,sent
m_000006386,2026-02-01T02:33:32Z,u_001110,sms,sleep_challenge,sent
m_000006387,2026-02-02T07:12:56Z,u_004501,email,new_content_alert,opened
m_000006388,2026-01-30T22:58:12Z,u_000773,email,heart_health_month,sent
m_000006389,2026-01-30T08:06:45Z,u_000980,sms,weight_loss_series,sent
m_000006390,2026-02-02T13:51:30Z,u_001331,sms,weekly_digest,sent
m_000006391,2026-01-30T18:46:58Z,u_003344,push,weekly_digest,opened
m_000006392,2026-01-31T03:17:27Z,u_003919,email,stress_relief_program,delivered
m_000006393,2026-01-27T21:04:27Z,u_002252,push,stress_relief_program,sent
m_000006394,2026-01-31T11:32:04Z,u_003233,sms,sleep_challenge,sent
m_000006395,2026-02-01T04:01:45Z,u_001694,email,sleep_challenge,opened
m_000006396,2026-01-31T20:13:31Z,u_003231,push,weight_loss_series,sent
m_000006397,2026-02-02T05:21:08Z,u_001825,email,new_content_alert,delivered
m_000006398,2026-01-27T22:13:48Z,u_001379,email,heart_health_month,delivered
m_000006399,2026-01-29T19:00:49Z,u_003427,push,heart_health_month,sent
m_000006400,2026-02-01T04:21:50Z,u_000210,email,new_content_alert,sent
m_000006401,2026-01-31T01:00:36Z,u_004232,push,new_content_alert,sent
m_000006402,2026-01-27T16:32:56Z,u_000502,push,weight_loss_series,sent
m_000006403,2026-01-28T12:06:23Z,u_004809,email,weight_loss_series,delivered
m_000006404,2026-01-27T00:24:34Z,u_002872,push,weekly_digest,sent
m_000006405,2026-01-30T05:54:46Z,u_000800,push,sleep_challenge,sent
m_000006406,2026-01-29T02:09:53Z,u_001507,email,stress_relief_program,sent
m_000006407,2026-02-01T19:52:41Z,u_002446,email,heart_health_month,delivered
m_000006408,2026-01-30T12:12:16Z,u_001919,push,new_content_alert,sent
m_000006409,2026-01-29T22:02:25Z,u_004450,email,stress_relief_program,opened
m_000006410,2026-01-31T18:32:03Z,u_004727,push,weekly_digest,sent
m_000006411,2026-01-31T20:08:01Z,u_000072,push,stress_relief_program,opened
m_000006412,2026-01-28T21:40:16Z,u_001636,email,stress_relief_program,sent
m_000006413,2026-01-29T03:44:28Z,u_000584,sms,stress_relief_program,sent
m_000006414,2026-01-29T00:09:11Z,u_003498,push,weekly_digest,opened
m_000006415,2026-01-30T23:25:47Z,u_001207,sms,stress_relief_program,delivered
m_000006416,2026-01-27T11:13:23Z,u_003833,email,stress_relief_program,sent
m_000006417,2026-01-27T10:32:35Z,u_004943,push,stress_relief_program,delivered
m_000006418,2026-01-31T06:08:19Z,u_004351,push,stress_relief_program,opened
m_000006419,2026-01-29T13:31:39Z,u_000582,push,stress_relief_program,delivered
m_000006420,2026-02-02T12:36:22Z,u_004136,push,sleep_challenge,delivered
m_000006421,2026-01-31T12:31:37Z,u_002146,push,sleep_challenge,sent
m_000006422,2026-01-27T14:21:19Z,u_004021,sms,stress_relief_program,delivered
m_000006423,2026-01-30T06:08:18Z,u_000325,push,heart_health_month,sent
m_000006424,2026-01-30T17:58:16Z,u_004034,email,new_content_alert,sent
m_000006425,2026-02-01T16:50:30Z,u_004038,sms,new_content_alert,sent
m_000006426,2026-01-31T19:41:12Z,u_000463,sms,stress_relief_program,delivered
m_000006427,2026-01-31T14:14:42Z,u_002152,email,stress_relief_program,sent
m_000006428,2026-02-02T17:54:08Z,u_004249,sms,stress_relief_program,delivered
m_000006429,2026-01-29T02:13:30Z,u_001735,email,stress_relief_program,opened
m_000006430,2026-01-30T10:17:37Z,u_002475,email,heart_health_month,sent
m_000006431,2026-01-27T05:05:14Z,u_004397,sms,weekly_digest,opened
m_000006432,2026-01-27T17:46:15Z,u_001492,push,sleep_challenge,sent
m_000006433,2026-01-31T14:29:14Z,u_004067,push,new_content_alert,sent
m_000006434,2026-02-02T09:06:48Z,u_003513,push,heart_health_month,unsubscribed
m_000006435,2026-02-02T17:28:44Z,u_000321,email,new_content_alert,delivered
m_000006436,2026-01-27T03:03:03Z,u_000415,sms,heart_health_month,sent
m_000006437,2026-01-28T20:23:32Z,u_000549,sms,new_content_alert,delivered
m_000006438,2026-01-31T04:29:46Z,u_004834,email,weekly_digest,sent
m_000006439,2026-01-31T18:16:57Z,u_000562,email,stress_relief_program,sent
m_000006440,2026-01-28T06:26:50Z,u_003032,email,new_content_alert,sent
m_000006441,2026-01-27T16:53:44Z,u_000235,sms,stress_relief_program,sent
m_000006442,2026-01-28T12:08:00Z,u_002505,sms,stress_relief_program,sent
m_000006443,2026-01-30T16:20:42Z,u_000650,push,stress_relief_program,sent
m_000006444,2026-01-30T22:29:10Z,u_003041,push,sleep_challenge,delivered
m_000006445,2026-01-31T10:33:12Z,u_002826,email,weekly_digest,delivered
m_000006446,2026-01-26T23:13:33Z,u_001401,push,weight_loss_series,sent
m_000006447,2026-01-28T17:01:01Z,u_000866,email,weight_loss_series,sent
m_000006448,2026-01-30T15:01:27Z,u_001280,push,heart_health_month,opened
m_000006449,2026-01-31T02:21:17Z,u_004161,push,weight_loss_series,sent
m_000006450,2026-02-01T16:51:34Z,u_004265,push,heart_health_month,sent
m_000006451,2026-02-02T06:03:44Z,u_004494,sms,sleep_challenge,sent
m_000006452,2026-01-29T17:50:01Z,u_002705,push,sleep_challenge,clicked
m_000006453,2026-02-02T09:14:50Z,u_002405,sms,new_content_alert,opened
m_000006454,2026-02-01T09:33:24Z,u_001659,email,weekly_digest,delivered
m_000006455,2026-01-29T16:10:48Z,u_003321,push,weekly_digest,sent
m_000006456,2026-01-31T02:03:05Z,u_003321,sms,weekly_digest,clicked
m_000006457,2026-01-31T20:45:56Z,u_004016,email,stress_relief_program,delivered
m_000006458,2026-01-31T19:30:15Z,u_002117,email,new_content_alert,sent
m_000006459,2026-01-29T21:09:56Z,u_002158,email,new_content_alert,sent
m_000006460,2026-01-28T15:39:32Z,u_002661,push,sleep_challenge,unsubscribed
m_000006461,2026-01-30T17:41:44Z,u_004784,push,stress_relief_program,delivered
m_000006462,2026-01-29T19:03:07Z,u_003959,push,new_content_alert,sent
m_000006463,2026-02-02T09:47:15Z,u_001197,email,stress_relief_program,sent
m_000006464,2026-02-01T02:14:15Z,u_000365,sms,weekly_digest,opened
m_000006465,2026-02-01T02:36:05Z,u_000010,sms,heart_health_month,sent
m_000006466,2026-01-30T06:12:52Z,u_000740,push,heart_health_month,opened
m_000006467,2026-02-01T13:40:04Z,u_002080,email,stress_relief_program,sent
m_000006468,2026-02-01T18:59:18Z,u_003414,push,new_content_alert,sent
m_000006469,2026-02-01T05:57:35Z,u_000936,sms,new_content_alert,unsubscribed
m_000006470,2026-01-27T13:00:37Z,u_001605,email,new_content_alert,opened
m_000006471,2026-02-01T09:24:11Z,u_000418,push,weekly_digest,delivered
m_000006472,2026-01-30T23:36:17Z,u_001459,email,weekly_digest,delivered
m_000006473,2026-01-31T11:47:04Z,u_001481,email,stress_relief_program,sent
m_000006474,2026-02-02T13:12:12Z,u_001501,sms,sleep_challenge,sent
m_000006475,2026-01-28T22:21:22Z,u_003646,push,weight_loss_series,clicked
m_000006476,2026-01-27T09:10:26Z,u_002467,email,weight_loss_series,sent
m_000006477,2026-01-30T07:01:26Z,u_004753,push,stress_relief_program,opened
m_000006478,2026-01-29T15:00:01Z,u_001926,email,stress_relief_program,delivered
m_000006479,2026-01-26T23:35:32Z,u_000155,push,heart_health_month,sent
m_000006480,2026-02-02T11:55:52Z,u_000375,email,stress_relief_program,opened
m_000006481,2026-01-27T03:54:23Z,u_000211,sms,weight_loss_series,clicked
m_000006482,2026-01-31T02:33:11Z,u_004414,email,new_content_alert,sent
m_000006483,2026-02-01T18:58:45Z,u_003273,email,new_content_alert,clicked
m_000006484,2026-01-29T12:56:34Z,u_001967,email,stress_relief_program,sent
m_000006485,2026-01-29T10:36:32Z,u_001210,push,sleep_challenge,sent
m_000006486,2026-02-02T13:58:05Z,u_002245,push,stress_relief_program,sent
m_000006487,2026-01-30T22:24:58Z,u_000333,sms,sleep_challenge,sent
m_000006488,2026-02-02T03:33:14Z,u_002923,sms,weekly_digest,sent
m_000006489,2026-02-01T21:28:30Z,u_002773,push,sleep_challenge,sent
m_000006490,2026-01-28T01:42:58Z,u_001962,email,heart_health_month,sent
m_000006491,2026-01-30T11:09:58Z,u_002890,sms,stress_relief_program,clicked
m_000006492,2026-01-28T09:05:44Z,u_004480,sms,weight_loss_series,sent
m_000006493,2026-02-02T09:46:17Z,u_000984,email,heart_health_month,sent
m_000006494,2026-01-27T10:10:23Z,u_003987,push,weekly_digest,delivered
m_000006495,2026-01-28T10:21:20Z,u_002640,email,heart_health_month,clicked
m_000006496,2026-02-01T09:01:04Z,u_003146,push,weekly_digest,sent
m_000006497,2026-01-27T13:21:40Z,u_001735,email,new_content_alert,sent
m_000006498,2026-02-01T04:25:30Z,u_003551,email,heart_health_month,delivered
m_000006499,2026-01-30T06:10:49Z,u_001593,push,new_content_alert,sent
m_000006500,2026-01-27T01:00:50Z,u_003250,push,weekly_digest,sent
m_000006501,2026-01-30T10:30:38Z,u_001635,sms,new_content_alert,sent
m_000006502,2026-01-28T13:29:11Z,u_001235,push,stress_relief_program,sent
m_000006503,2026-01-28T05:25:34Z,u_003188,sms,new_content_alert,sent
m_000006504,2026-02-02T04:25:21Z,u_003344,sms,new_content_alert,delivered
m_000006505,2026-01-28T11:59:27Z,u_001149,sms,weekly_digest,sent
m_000006506,2026-01-31T02:29:34Z,u_001332,sms,weight_loss_series,delivered
m_000006507,2026-02-02T11:31:01Z,u_003235,push,stress_relief_program,sent
m_000006508,2026-01-29T14:06:36Z,u_001387,email,heart_health_month,sent
m_000006509,2026-01-27T02:07:47Z,u_003146,sms,new_content_alert,sent
m_000006510,2026-01-31T02:25:48Z,u_003290,email,sleep_challenge,clicked
m_000006511,2026-01-29T20:52:44Z,u_002024,push,weight_loss_series,delivered
m_000006512,2026-01-27T03:16:31Z,u_003152,push,new_content_alert,opened
m_000006513,2026-02-02T09:13:02Z,u_000765,sms,new_content_alert,opened
m_000006514,2026-02-02T10:05:51Z,u_004964,email,sleep_challenge,sent
m_000006515,2026-02-02T12:38:27Z,u_000493,email,sleep_challenge,opened
m_000006516,2026-01-30T05:32:47Z,u_000681,sms,weekly_digest,sent
m_000006517,2026-01-30T23:25:24Z,u_000414,push,weight_loss_series,sent
m_000006518,2026-01-30T21:47:06Z,u_002993,email,weekly_digest,sent
m_000006519,2026-01-31T22:28:03Z,u_002686,email,weight_loss_series,sent
m_000006520,2026-01-28T07:38:26Z,u_000980,email,stress_relief_program,sent
m_000006521,2026-02-02T14:13:42Z,u_003725,sms,sleep_challenge,sent
m_000006522,2026-01-29T12:20:29Z,u_002625,email,new_content_alert,sent
m_000006523,2026-01-29T01:28:58Z,u_004259,sms,weight_loss_series,opened
m_000006524,2026-01-30T18:24:12Z,u_002784,push,weight_loss_series,sent
m_000006525,2026-02-01T16:21:45Z,u_000290,sms,heart_health_month,sent
m_000006526,2026-02-02T18:08:31Z,u_003721,push,stress_relief_program,sent
m_000006527,2026-02-01T05:44:42Z,u_004933,push,stress_relief_program,sent
m_000006528,2026-02-02T16:52:36Z,u_002830,push,sleep_challenge,sent
m_000006529,2026-01-27T21:18:38Z,u_001142,email,new_content_alert,sent
m_000006530,2026-01-30T14:34:16Z,u_004926,push,new_content_alert,delivered
m_000006531,2026-01-27T14:17:19Z,u_000730,push,stress_relief_program,sent
m_000006532,2026-02-01T12:37:59Z,u_001523,email,stress_relief_program,sent
m_000006533,2026-01-28T05:34:11Z,u_000520,push,weekly_digest,delivered
m_000006534,2026-01-31T00:00:36Z,u_003701,email,new_content_alert,sent
m_000006535,2026-01-29T01:26:15Z,u_001285,sms,weekly_digest,delivered
m_000006536,2026-02-01T18:23:12Z,u_000605,push,heart_health_month,sent
m_000006537,2026-02-01T11:58:06Z,u_004588,sms,weight_loss_series,sent
m_000006538,2026-01-30T08:02:59Z,u_002214,sms,new_content_alert,sent
m_000006539,2026-01-30T08:05:47Z,u_001609,push,weekly_digest,unsubscribed
m_000006540,2026-02-01T18:17:15Z,u_002822,sms,weight_loss_series,sent
m_000006541,2026-01-31T07:50:32Z,u_004919,email,weight_loss_series,sent
m_000006542,2026-01-29T09:42:01Z,u_000612,email,weight_loss_series,sent
m_000006543,2026-01-27T19:33:49Z,u_002844,push,heart_health_month,sent
m_000006544,2026-02-01T11:50:43Z,u_001953,email,weight_loss_series,opened
m_000006545,2026-02-01T16:20:20Z,u_004641,sms,stress_relief_program,clicked
m_000006546,2026-01-31T00:48:53Z,u_003919,push,new_content_alert,opened
m_000006547,2026-01-29T04:54:00Z,u_002132,email,weight_loss_series,sent
m_000006548,2026-01-28T10:11:31Z,u_003336,push,heart_health_month,delivered
m_000006549,2026-02-02T02:52:23Z,u_003903,sms,heart_health_month,delivered
m_000006550,2026-01-29T07:19:01Z,u_001403,push,stress_relief_program,sent
m_000006551,2026-01-28T19:31:43Z,u_003350,push,sleep_challenge,sent
m_000006552,2026-01-30T04:43:27Z,u_000871,email,heart_health_month,opened
m_000006553,2026-01-30T15:16:37Z,u_001966,email,stress_relief_program,clicked
m_000006554,2026-01-30T21:04:50Z,u_003019,sms,weekly_digest,opened
m_000006555,2026-01-27T21:23:01Z,u_000266,sms,stress_relief_program,opened
m_000006556,2026-01-30T06:14:58Z,u_002770,email,weekly_digest,sent
m_000006557,2026-02-02T07:58:10Z,u_001844,push,weight_loss_series,opened
m_000006558,2026-02-02T17:52:32Z,u_003178,sms,weight_loss_series,sent
m_000006559,2026-01-27T21:59:43Z,u_001275,push,sleep_challenge,sent
m_000006560,2026-02-01T20:54:13Z,u_002930,email,weight_loss_series,sent
m_000006561,2026-02-02T08:55:29Z,u_003422,email,stress_relief_program,sent
m_000006562,2026-01-29T06:00:28Z,u_004398,email,heart_health_month,delivered
m_000006563,2026-01-31T10:05:52Z,u_002370,email,weekly_digest,delivered
m_000006564,2026-01-31T17:43:53Z,u_000358,email,weight_loss_series,sent
m_000006565,2026-02-01T01:39:36Z,u_000923,email,weekly_digest,sent
m_000006566,2026-01-27T09:19:09Z,u_001444,push,stress_relief_program,sent
m_000006567,2026-01-28T11:32:45Z,u_003579,sms,stress_relief_program,sent
m_000006568,2026-01-30T13:59:54Z,u_000330,email,weekly_digest,delivered
m_000006569,2026-01-31T18:07:51Z,u_002131,sms,new_content_alert,sent
m_000006570,2026-01-30T20:23:50Z,u_000576,sms,weekly_digest,opened
m_000006571,2026-01-28T23:13:15Z,u_000714,push,heart_health_month,delivered
m_000006572,2026-01-28T12:37:44Z,u_002864,push,new_content_alert,opened
m_000006573,2026-01-27T07:33:42Z,u_003875,sms,heart_health_month,delivered
m_000006574,2026-01-31T11:14:13Z,u_003532,push,weight_loss_series,sent
m_000006575,2026-01-29T10:50:16Z,u_001999,push,sleep_challenge,sent
m_000006576,2026-01-31T03:09:52Z,u_002371,email,weight_loss_series,opened
m_000006577,2026-01-27T12:49:14Z,u_004831,push,heart_health_month,delivered
m_000006578,2026-01-30T04:34:13Z,u_001719,push,sleep_challenge,delivered
m_000006579,2026-02-01T16:25:39Z,u_000524,push,new_content_alert,sent
m_000006580,2026-02-01T08:43:03Z,u_002607,push,new_content_alert,opened
m_000006581,2026-01-30T15:57:39Z,u_003102,sms,weight_loss_series,delivered
m_000006582,2026-01-26T21:22:19Z,u_000449,email,sleep_challenge,sent
m_000006583,2026-02-01T08:00:57Z,u_003735,push,heart_health_month,delivered
m_000006584,2026-02-02T15:08:46Z,u_002753,push,heart_health_month,sent
m_000006585,2026-02-02T08:30:59Z,u_004543,sms,weekly_digest,clicked
m_000006586,2026-01-30T16:15:46Z,u_004750,push,stress_relief_program,delivered
m_000006587,2026-01-29T00:36:46Z,u_002735,sms,weight_loss_series,sent
m_000006588,2026-01-29T02:58:06Z,u_000402,sms,weekly_digest,sent
m_000006589,2026-02-02T13:04:13Z,u_002259,email,new_content_alert,delivered
m_000006590,2026-01-29T23:09:35Z,u_001412,email,heart_health_month,sent
m_000006591,2026-02-01T23:37:43Z,u_000262,email,weight_loss_series,sent
m_000006592,2026-01-30T16:09:36Z,u_001038,email,weekly_digest,sent
m_000006593,2026-01-30T16:59:29Z,u_004818,sms,weekly_digest,sent
m_000006594,2026-01-27T22:27:21Z,u_004495,email,weekly_digest,opened
m_000006595,2026-01-31T21:17:36Z,u_003401,sms,weight_loss_series,sent
m_000006596,2026-01-27T15:13:46Z,u_004371,push,heart_health_month,sent
m_000006597,2026-01-27T21:41:41Z,u_003771,push,new_content_alert,opened
m_000006598,2026-01-29T00:10:31Z,u_001773,push,new_content_alert,sent
m_000006599,2026-01-29T19:20:32Z,u_002158,push,weekly_digest,sent
m_000006600,2026-01-27T04:14:41Z,u_001177,email,weekly_digest,sent
m_000006601,2026-01-27T22:43:32Z,u_001203,sms,heart_health_month,sent
m_000006602,2026-01-27T16:07:36Z,u_000781,push,weight_loss_series,opened
m_000006603,2026-02-01T02:55:33Z,u_004607,sms,sleep_challenge,sent
m_000006604,2026-01-29T17:20:53Z,u_004321,push,new_content_alert,delivered
m_000006605,2026-01-30T17:53:14Z,u_003743,sms,stress_relief_program,opened
m_000006606,2026-01-31T23:20:34Z,u_003959,sms,weekly_digest,sent
m_000006607,2026-01-30T12:42:18Z,u_002682,email,weekly_digest,sent
m_000006608,2026-02-02T03:20:17Z,u_001167,push,stress_relief_program,sent
m_000006609,2026-02-02T01:07:06Z,u_004803,sms,sleep_challenge,sent
m_000006610,2026-01-31T00:04:18Z,u_004241,push,heart_health_month,sent
m_000006611,2026-01-30T13:40:14Z,u_001211,push,stress_relief_program,sent
m_000006612,2026-01-28T03:56:40Z,u_002568,email,heart_health_month,sent
m_000006613,2026-01-28T18:01:14Z,u_002529,sms,sleep_challenge,sent
m_000006614,2026-01-29T14:52:11Z,u_003598,push,new_content_alert,sent
m_000006615,2026-01-31T18:37:28Z,u_003940,push,weight_loss_series,delivered
m_000006616,2026-01-30T11:40:59Z,u_001248,push,weight_loss_series,delivered
m_000006617,2026-01-29T13:28:52Z,u_000685,sms,heart_health_month,sent
m_000006618,2026-01-27T23:06:48Z,u_003387,email,new_content_alert,sent
m_000006619,2026-02-01T07:05:05Z,u_001159,sms,weight_loss_series,sent
m_000006620,2026-01-28T09:19:26Z,u_004236,push,weekly_digest,delivered
m_000006621,2026-01-27T05:43:11Z,u_000049,push,stress_relief_program,sent
m_000006622,2026-01-30T17:06:37Z,u_001271,push,heart_health_month,opened
m_000006623,2026-01-30T22:50:43Z,u_003266,push,stress_relief_program,sent
m_000006624,2026-01-31T06:24:41Z,u_004177,email,new_content_alert,sent
m_000006625,2026-01-28T21:17:54Z,u_001317,push,weight_loss_series,delivered
m_000006626,2026-01-29T05:40:58Z,u_000913,push,new_content_alert,sent
m_000006627,2026-01-30T07:44:06Z,u_002578,email,sleep_challenge,sent
m_000006628,2026-02-02T05:53:20Z,u_001644,push,weight_loss_series,delivered
m_000006629,2026-01-30T11:36:10Z,u_002167,push,weight_loss_series,sent
m_000006630,2026-01-29T23:18:36Z,u_002702,email,weight_loss_series,opened
m_000006631,2026-01-27T22:20:14Z,u_004407,email,stress_relief_program,sent
m_000006632,2026-01-30T10:38:54Z,u_002663,push,stress_relief_program,delivered
m_000006633,2026-01-31T19:47:09Z,u_000308,push,weekly_digest,sent
m_000006634,2026-02-02T07:14:20Z,u_002899,push,heart_health_month,delivered
m_000006635,2026-01-27T14:05:02Z,u_002837,email,stress_relief_program,sent
m_000006636,2026-01-29T14:17:56Z,u_003047,sms,new_content_alert,clicked
m_000006637,2026-01-30T04:59:32Z,u_002864,email,weight_loss_series,sent
m_000006638,2026-01-31T01:28:48Z,u_004662,push,weekly_digest,sent
m_000006639,2026-02-01T13:51:46Z,u_003163,email,weekly_digest,delivered
m_000006640,2026-01-31T17:48:14Z,u_003144,sms,heart_health_month,delivered
m_000006641,2026-01-31T17:25:59Z,u_000638,sms,weekly_digest,sent
m_000006642,2026-01-30T17:14:53Z,u_001398,push,heart_health_month,opened
m_000006643,2026-02-01T13:41:19Z,u_001522,push,sleep_challenge,sent
m_000006644,2026-01-30T23:57:10Z,u_003760,push,stress_relief_program,delivered
m_000006645,2026-01-29T16:40:25Z,u_002144,email,heart_health_month,sent
m_000006646,2026-01-28T13:57:56Z,u_003251,push,weight_loss_series,sent
m_000006647,2026-01-27T01:42:16Z,u_002396,push,new_content_alert,delivered
m_000006648,2026-01-28T22:25:57Z,u_001734,sms,new_content_alert,sent
m_000006649,2026-01-27T17:56:09Z,u_004198,push,weekly_digest,sent
m_000006650,2026-01-28T17:29:02Z,u_003918,sms,stress_relief_program,delivered
m_000006651,2026-01-29T04:51:46Z,u_000757,push,weight_loss_series,sent
m_000006652,2026-01-28T09:20:29Z,u_000841,sms,weekly_digest,delivered
m_000006653,2026-01-31T21:16:46Z,u_004600,email,weight_loss_series,sent
m_000006654,2026-01-28T07:21:16Z,u_004288,sms,sleep_challenge,sent
m_000006655,2026-01-30T00:35:47Z,u_001713,push,weekly_digest,sent
m_000006656,2026-02-02T12:05:41Z,u_000101,push,heart_health_month,sent
m_000006657,2026-01-30T08:06:30Z,u_001301,email,new_content_alert,delivered
m_000006658,2026-01-28T00:43:34Z,u_004697,email,heart_health_month,sent
m_000006659,2026-02-01T20:57:07Z,u_004128,sms,weekly_digest,sent
m_000006660,2026-01-27T07:27:52Z,u_004691,sms,weight_loss_series,sent
m_000006661,2026-01-30T23:12:33Z,u_002499,push,stress_relief_program,delivered
m_000006662,2026-01-30T13:36:14Z,u_004537,sms,sleep_challenge,delivered
m_000006663,2026-01-29T14:23:44Z,u_001884,sms,sleep_challenge,unsubscribed
m_000006664,2026-01-31T12:28:48Z,u_002987,sms,stress_relief_program,sent
m_000006665,2026-01-27T01:57:48Z,u_000741,email,weekly_digest,sent
m_000006666,2026-01-26T22:41:31Z,u_002441,email,heart_health_month,sent
m_000006667,2026-02-01T20:25:28Z,u_001207,email,heart_health_month,sent
m_000006668,2026-01-30T01:13:41Z,u_002435,email,weekly_digest,clicked
m_000006669,2026-02-02T12:58:42Z,u_003151,email,new_content_alert,sent
m_000006670,2026-01-28T11:03:32Z,u_001510,sms,sleep_challenge,sent
m_000006671,2026-01-27T21:27:04Z,u_004493,email,sleep_challenge,sent
m_000006672,2026-01-29T09:34:53Z,u_004021,push,sleep_challenge,sent
m_000006673,2026-01-29T11:07:59Z,u_003744,push,sleep_challenge,clicked
m_000006674,2026-02-02T07:07:27Z,u_003878,sms,new_content_alert,opened
m_000006675,2026-01-28T04:58:00Z,u_001197,email,heart_health_month,sent
m_000006676,2026-02-01T12:28:10Z,u_000682,push,stress_relief_program,sent
m_000006677,2026-02-02T16:10:41Z,u_004516,email,heart_health_month,delivered
m_000006678,2026-01-30T12:44:25Z,u_004553,sms,weekly_digest,clicked
m_000006679,2026-01-30T17:18:11Z,u_000049,sms,weekly_digest,delivered
m_000006680,2026-01-29T05:08:42Z,u_001614,sms,weekly_digest,delivered
m_000006681,2026-02-02T18:33:58Z,u_000384,email,sleep_challenge,delivered
m_000006682,2026-01-30T23:52:31Z,u_004211,email,new_content_alert,sent
m_000006683,2026-01-31T21:32:58Z,u_001077,email,stress_relief_program,sent
m_000006684,2026-01-28T07:07:51Z,u_001168,push,stress_relief_program,delivered
m_000006685,2026-01-30T18:35:05Z,u_003846,push,new_content_alert,opened
m_000006686,2026-01-27T20:08:38Z,u_003226,push,weekly_digest,opened
m_000006687,2026-01-28T21:05:20Z,u_003029,email,new_content_alert,sent
m_000006688,2026-02-01T18:12:41Z,u_002878,push,heart_health_month,delivered
m_000006689,2026-01-27T11:42:59Z,u_003802,push,sleep_challenge,sent
m_000006690,2026-01-31T16:09:02Z,u_000901,push,sleep_challenge,opened
m_000006691,2026-02-01T04:38:46Z,u_000213,email,heart_health_month,sent
m_000006692,2026-01-29T01:28:53Z,u_004420,email,weekly_digest,sent
m_000006693,2026-02-01T08:28:33Z,u_000671,sms,sleep_challenge,sent
m_000006694,2026-01-27T23:13:12Z,u_003344,email,sleep_challenge,clicked
m_000006695,2026-01-28T22:57:34Z,u_004898,email,heart_health_month,sent
m_000006696,2026-02-01T15:00:19Z,u_004810,email,sleep_challenge,clicked
m_000006697,2026-01-27T22:18:49Z,u_000286,sms,sleep_challenge,sent
m_000006698,2026-01-28T06:56:45Z,u_003147,push,sleep_challenge,delivered
m_000006699,2026-01-27T06:14:46Z,u_004421,email,weight_loss_series,sent
m_000006700,2026-01-27T06:05:37Z,u_001012,email,stress_relief_program,opened
m_000006701,2026-01-30T18:08:59Z,u_002353,push,weight_loss_series,sent
m_000006702,2026-01-30T21:50:36Z,u_003451,sms,stress_relief_program,opened
m_000006703,2026-01-29T05:28:38Z,u_002371,sms,weight_loss_series,opened
m_000006704,2026-01-31T05:32:28Z,u_003691,sms,weight_loss_series,sent
m_000006705,2026-01-28T06:17:30Z,u_001657,sms,heart_health_month,clicked
m_000006706,2026-01-28T13:38:08Z,u_003035,push,stress_relief_program,clicked
m_000006707,2026-02-01T09:50:47Z,u_004166,push,stress_relief_program,sent
m_000006708,2026-01-31T08:18:59Z,u_004262,push,weight_loss_series,sent
m_000006709,2026-01-27T00:46:52Z,u_002268,email,heart_health_month,sent
m_000006710,2026-02-01T22:41:01Z,u_003468,push,new_content_alert,sent
m_000006711,2026-01-28T19:29:29Z,u_002912,email,weight_loss_series,sent
m_000006712,2026-01-28T22:51:07Z,u_000008,email,stress_relief_program,sent
m_000006713,2026-01-31T02:12:42Z,u_000268,push,weekly_digest,delivered
m_000006714,2026-02-01T23:03:01Z,u_001836,push,stress_relief_program,clicked
m_000006715,2026-01-29T14:18:55Z,u_001754,email,weight_loss_series,sent
m_000006716,2026-01-29T03:43:20Z,u_003404,email,stress_relief_program,sent
m_000006717,2026-02-01T22:07:50Z,u_003947,email,new_content_alert,sent
m_000006718,2026-01-28T00:30:41Z,u_002055,push,sleep_challenge,sent
m_000006719,2026-01-30T19:59:32Z,u_000829,push,sleep_challenge,delivered
m_000006720,2026-01-31T07:50:13Z,u_001233,push,stress_relief_program,opened
m_000006721,2026-01-30T17:40:32Z,u_001687,sms,new_content_alert,opened
m_000006722,2026-02-01T00:50:19Z,u_004372,push,heart_health_month,sent
m_000006723,2026-01-27T15:24:31Z,u_004230,sms,weight_loss_series,sent
m_000006724,2026-01-30T14:25:01Z,u_001268,email,weekly_digest,sent
m_000006725,2026-01-30T14:40:26Z,u_000155,email,heart_health_month,sent
m_000006726,2026-02-01T22:13:44Z,u_000532,email,sleep_challenge,delivered
m_000006727,2026-01-31T11:50:25Z,u_004524,push,stress_relief_program,sent
m_000006728,2026-01-29T03:35:06Z,u_003602,email,weekly_digest,delivered
m_000006729,2026-01-28T14:19:28Z,u_002896,push,weight_loss_series,delivered
m_000006730,2026-01-31T20:05:41Z,u_004748,push,new_content_alert,sent
m_000006731,2026-02-02T09:34:31Z,u_004979,sms,new_content_alert,sent
m_000006732,2026-02-01T13:12:08Z,u_000432,email,stress_relief_program,sent
m_000006733,2026-01-31T15:55:16Z,u_004838,push,weight_loss_series,sent
m_000006734,2026-01-29T00:21:42Z,u_000516,push,sleep_challenge,delivered
m_000006735,2026-01-29T11:06:12Z,u_002731,email,weight_loss_series,sent
m_000006736,2026-01-27T22:22:34Z,u_003332,email,new_content_alert,delivered
m_000006737,2026-01-31T20:38:15Z,u_002972,email,weekly_digest,sent
m_000006738,2026-01-30T21:01:13Z,u_000398,sms,stress_relief_program,delivered
m_000006739,2026-01-27T00:48:33Z,u_004836,email,sleep_challenge,delivered
m_000006740,2026-02-01T18:35:57Z,u_004284,email,weight_loss_series,opened
m_000006741,2026-02-02T17:54:00Z,u_000246,push,weekly_digest,opened
m_000006742,2026-01-29T03:31:38Z,u_001922,push,weekly_digest,sent
m_000006743,2026-02-01T11:35:07Z,u_002970,email,sleep_challenge,sent
m_000006744,2026-02-02T14:08:04Z,u_000752,push,heart_health_month,sent
m_000006745,2026-01-30T03:45:59Z,u_001714,push,heart_health_month,sent
m_000006746,2026-01-31T04:50:17Z,u_003870,push,new_content_alert,clicked
m_000006747,2026-01-27T21:40:00Z,u_003245,email,sleep_challenge,sent
m_000006748,2026-01-28T01:08:51Z,u_004939,push,new_content_alert,opened
m_000006749,2026-01-28T07:28:50Z,u_000643,sms,stress_relief_program,delivered
m_000006750,2026-01-30T13:40:58Z,u_001438,email,stress_relief_program,sent
m_000006751,2026-01-28T19:48:53Z,u_003744,push,sleep_challenge,delivered
m_000006752,2026-01-29T11:07:22Z,u_001988,sms,heart_health_month,sent
m_000006753,2026-01-30T15:57:31Z,u_001369,sms,stress_relief_program,sent
m_000006754,2026-01-31T19:40:24Z,u_002217,email,sleep_challenge,sent
m_000006755,2026-02-01T04:50:47Z,u_000796,email,sleep_challenge,sent
m_000006756,2026-01-31T18:24:58Z,u_000707,push,weekly_digest,clicked
m_000006757,2026-01-27T15:48:00Z,u_002809,push,sleep_challenge,sent
m_000006758,2026-01-29T15:43:41Z,u_003964,push,heart_health_month,sent
m_000006759,2026-01-28T21:23:00Z,u_004539,push,stress_relief_program,delivered
m_000006760,2026-01-28T01:59:35Z,u_001409,sms,weekly_digest,sent
m_000006761,2026-02-01T03:59:07Z,u_003246,push,weight_loss_series,sent
m_000006762,2026-01-27T10:57:45Z,u_003443,sms,weight_loss_series,delivered
m_000006763,2026-02-01T19:51:53Z,u_003789,email,weekly_digest,sent
m_000006764,2026-02-02T08:05:04Z,u_000242,push,heart_health_month,sent
m_000006765,2026-02-02T08:05:13Z,u_002630,sms,weekly_digest,delivered
m_000006766,2026-01-27T02:35:48Z,u_004955,email,weight_loss_series,delivered
m_000006767,2026-01-30T23:53:59Z,u_001629,push,new_content_alert,sent
m_000006768,2026-02-01T21:31:37Z,u_003777,email,sleep_challenge,sent
m_000006769,2026-01-29T11:34:30Z,u_001496,sms,weight_loss_series,delivered
m_000006770,2026-01-28T17:38:03Z,u_000393,push,sleep_challenge,sent
m_000006771,2026-01-28T10:22:36Z,u_002787,push,stress_relief_program,sent
m_000006772,2026-01-28T18:40:18Z,u_001922,push,weekly_digest,sent
m_000006773,2026-01-30T16:27:04Z,u_004821,sms,heart_health_month,opened
m_000006774,2026-01-29T18:15:58Z,u_004102,sms,weight_loss_series,sent
m_000006775,2026-01-30T20:54:51Z,u_000139,push,weekly_digest,delivered
m_000006776,2026-02-02T09:57:50Z,u_004966,email,weight_loss_series,sent
m_000006777,2026-02-01T01:15:33Z,u_004089,sms,heart_health_month,sent
m_000006778,2026-01-29T07:34:19Z,u_001271,sms,stress_relief_program,sent
m_000006779,2026-01-28T01:41:18Z,u_000908,email,new_content_alert,delivered
m_000006780,2026-01-30T06:59:23Z,u_004379,push,sleep_challenge,opened
m_000006781,2026-01-30T17:30:28Z,u_001166,email,weight_loss_series,opened
m_000006782,2026-01-30T14:46:26Z,u_002311,email,stress_relief_program,opened
m_000006783,2026-01-28T12:22:35Z,u_001154,sms,weekly_digest,sent
m_000006784,2026-01-31T14:31:43Z,u_000473,push,weight_loss_series,sent
m_000006785,2026-02-02T19:08:12Z,u_003326,email,new_content_alert,sent
m_000006786,2026-01-29T07:00:17Z,u_003526,push,heart_health_month,delivered
m_000006787,2026-01-26T20:23:16Z,u_002103,email,stress_relief_program,sent
m_000006788,2026-02-02T19:22:17Z,u_004404,email,heart_health_month,sent
m_000006789,2026-02-01T03:45:14Z,u_003007,push,heart_health_month,sent
m_000006790,2026-01-27T04:20:38Z,u_002803,email,heart_health_month,sent
m_000006791,2026-02-01T07:50:49Z,u_002311,email,sleep_challenge,sent
m_000006792,2026-01-28T10:51:27Z,u_001297,push,weight_loss_series,sent
m_000006793,2026-01-30T12:01:57Z,u_003455,push,sleep_challenge,clicked
m_000006794,2026-01-29T19:40:18Z,u_001937,push,stress_relief_program,opened
m_000006795,2026-01-31T23:36:24Z,u_003470,push,weekly_digest,sent
m_000006796,2026-01-30T16:14:39Z,u_002782,push,new_content_alert,sent
m_000006797,2026-02-02T13:24:37Z,u_002686,push,heart_health_month,sent
m_000006798,2026-02-02T08:59:53Z,u_001887,email,weekly_digest,delivered
m_000006799,2026-01-27T06:31:13Z,u_000881,email,sleep_challenge,sent
m_000006800,2026-01-27T19:32:26Z,u_002923,email,new_content_alert,opened
m_000006801,2026-01-28T05:25:46Z,u_004293,push,weekly_digest,sent
m_000006802,2026-01-27T04:43:20Z,u_004731,sms,sleep_challenge,sent
m_000006803,2026-01-31T23:49:11Z,u_000999,sms,weight_loss_series,clicked
m_000006804,2026-01-28T17:48:44Z,u_004301,email,weight_loss_series,sent
m_000006805,2026-01-28T19:43:08Z,u_001884,email,new_content_alert,sent
m_000006806,2026-02-01T17:50:55Z,u_002990,email,sleep_challenge,opened
m_000006807,2026-01-31T15:00:12Z,u_002842,push,stress_relief_program,opened
m_000006808,2026-01-26T23:15:20Z,u_001037,push,weekly_digest,opened
m_000006809,2026-01-27T21:09:25Z,u_001409,push,heart_health_month,delivered
m_000006810,2026-01-29T04:21:13Z,u_004088,push,heart_health_month,sent
m_000006811,2026-01-27T03:04:17Z,u_003046,email,weight_loss_series,opened
m_000006812,2026-01-27T21:25:36Z,u_000146,push,sleep_challenge,sent
m_000006813,2026-02-01T14:06:43Z,u_002536,sms,sleep_challenge,opened
m_000006814,2026-01-28T00:45:38Z,u_004203,sms,weight_loss_series,sent
m_000006815,2026-01-28T02:06:09Z,u_003776,push,new_content_alert,delivered
m_000006816,2026-01-30T17:06:56Z,u_003817,sms,weekly_digest,sent
m_000006817,2026-01-27T13:20:39Z,u_002688,sms,heart_health_month,sent
m_000006818,2026-02-02T19:21:16Z,u_004350,push,stress_relief_program,sent
m_000006819,2026-02-01T18:06:46Z,u_004345,sms,weekly_digest,sent
m_000006820,2026-01-30T12:52:33Z,u_002534,push,weekly_digest,sent
m_000006821,2026-02-02T12:10:03Z,u_000576,sms,weekly_digest,delivered
m_000006822,2026-01-27T00:25:51Z,u_004535,push,heart_health_month,sent
m_000006823,2026-02-01T16:42:17Z,u_002974,email,heart_health_month,clicked
m_000006824,2026-01-30T21:06:36Z,u_001249,sms,heart_health_month,sent
m_000006825,2026-02-02T16:50:40Z,u_000588,email,stress_relief_program,clicked
m_000006826,2026-01-30T06:19:57Z,u_003499,sms,weekly_digest,opened
m_000006827,2026-01-27T08:29:58Z,u_002510,push,stress_relief_program,opened
m_000006828,2026-01-27T09:05:42Z,u_002018,email,weight_loss_series,clicked
m_000006829,2026-01-29T23:25:23Z,u_003972,push,heart_health_month,delivered
m_000006830,2026-01-27T04:45:21Z,u_003576,email,heart_health_month,sent
m_000006831,2026-02-01T10:36:26Z,u_004371,sms,stress_relief_program,sent
m_000006832,2026-01-27T07:19:59Z,u_002292,email,weight_loss_series,sent
m_000006833,2026-01-28T13:51:51Z,u_001229,push,stress_relief_program,sent
m_000006834,2026-01-28T07:22:17Z,u_004313,email,weight_loss_series,sent
m_000006835,2026-02-02T19:59:32Z,u_002410,email,new_content_alert,delivered
m_000006836,2026-01-30T08:31:05Z,u_000064,push,sleep_challenge,sent
m_000006837,2026-01-30T15:08:32Z,u_000329,email,weight_loss_series,sent
m_000006838,2026-02-01T19:37:20Z,u_000308,email,stress_relief_program,sent
m_000006839,2026-01-30T16:10:48Z,u_004261,push,heart_health_month,sent
m_000006840,2026-02-02T05:11:15Z,u_004613,sms,heart_health_month,sent
m_000006841,2026-01-27T15:26:00Z,u_001312,email,weekly_digest,sent
m_000006842,2026-01-27T17:04:24Z,u_004180,email,weight_loss_series,delivered
m_000006843,2026-01-29T16:12:39Z,u_000235,push,weekly_digest,delivered
m_000006844,2026-01-27T18:38:37Z,u_004582,push,stress_relief_program,sent
m_000006845,2026-02-01T07:23:00Z,u_003949,push,stress_relief_program,sent
m_000006846,2026-01-31T10:18:59Z,u_001609,sms,weekly_digest,sent
m_000006847,2026-01-27T08:00:38Z,u_000771,email,sleep_challenge,sent
m_000006848,2026-01-31T23:25:28Z,u_004236,push,sleep_challenge,opened
m_000006849,2026-01-28T18:37:21Z,u_000840,email,sleep_challenge,sent
m_000006850,2026-01-27T04:34:45Z,u_000377,sms,new_content_alert,opened
m_000006851,2026-01-26T20:44:13Z,u_002901,push,heart_health_month,delivered
m_000006852,2026-01-28T23:56:31Z,u_004654,sms,weight_loss_series,sent
m_000006853,2026-01-28T23:15:14Z,u_002666,email,heart_health_month,sent
m_000006854,2026-02-01T07:01:44Z,u_004284,sms,weekly_digest,delivered
m_000006855,2026-01-28T04:31:40Z,u_002784,push,heart_health_month,sent
m_000006856,2026-01-29T14:57:23Z,u_003235,sms,heart_health_month,sent
m_000006857,2026-02-02T02:54:50Z,u_002431,push,new_content_alert,sent
m_000006858,2026-01-29T14:10:18Z,u_003317,sms,new_content_alert,sent
m_000006859,2026-01-31T06:52:54Z,u_004869,sms,sleep_challenge,clicked
m_000006860,2026-01-27T21:49:32Z,u_004575,push,weight_loss_series,delivered
m_000006861,2026-01-27T03:03:07Z,u_004686,email,new_content_alert,delivered
m_000006862,2026-01-29T00:06:54Z,u_002531,sms,new_content_alert,delivered
m_000006863,2026-02-01T11:17:14Z,u_001693,email,sleep_challenge,delivered
m_000006864,2026-01-28T05:38:24Z,u_001381,push,weekly_digest,delivered
m_000006865,2026-01-27T15:09:18Z,u_003293,sms,weekly_digest,sent
m_000006866,2026-01-30T06:45:05Z,u_000289,email,sleep_challenge,sent
m_000006867,2026-01-31T21:23:03Z,u_001932,email,sleep_challenge,opened
m_000006868,2026-01-29T09:47:40Z,u_001338,email,stress_relief_program,sent
m_000006869,2026-01-29T08:11:29Z,u_000875,sms,stress_relief_program,delivered
m_000006870,2026-01-28T14:31:21Z,u_002694,push,weekly_digest,sent
m_000006871,2026-01-30T16:34:31Z,u_004705,sms,heart_health_month,sent
m_000006872,2026-01-29T18:11:35Z,u_003728,email,weight_loss_series,sent
m_000006873,2026-01-27T01:40:36Z,u_003328,push,stress_relief_program,delivered
m_000006874,2026-02-02T01:10:24Z,u_000827,push,stress_relief_program,clicked
m_000006875,2026-01-28T19:07:08Z,u_001203,push,weight_loss_series,sent
m_000006876,2026-02-01T10:12:24Z,u_000806,sms,weight_loss_series,delivered
m_000006877,2026-02-02T14:06:43Z,u_003378,email,weight_loss_series,sent
m_000006878,2026-01-27T05:08:02Z,u_001770,email,new_content_alert,sent
m_000006879,2026-01-28T11:00:49Z,u_001647,push,weight_loss_series,delivered
m_000006880,2026-01-27T14:16:05Z,u_003977,sms,heart_health_month,sent
m_000006881,2026-02-01T02:02:42Z,u_004569,push,weekly_digest,sent
m_000006882,2026-01-28T11:02:38Z,u_004339,email,sleep_challenge,sent
m_000006883,2026-01-29T21:19:04Z,u_003544,push,weight_loss_series,delivered
m_000006884,2026-01-29T09:43:51Z,u_002000,email,sleep_challenge,delivered
m_000006885,2026-01-31T20:36:21Z,u_004266,push,weekly_digest,sent
m_000006886,2026-01-28T14:26:19Z,u_003398,sms,stress_relief_program,sent
m_000006887,2026-02-02T03:21:50Z,u_000038,email,stress_relief_program,sent
m_000006888,2026-01-29T07:29:22Z,u_001819,push,heart_health_month,delivered
m_000006889,2026-01-28T10:46:11Z,u_002750,sms,sleep_challenge,delivered
m_000006890,2026-02-02T07:56:42Z,u_000342,push,weekly_digest,delivered
m_000006891,2026-01-30T07:13:23Z,u_002771,push,weight_loss_series,delivered
m_000006892,2026-01-28T06:21:17Z,u_001815,sms,stress_relief_program,delivered
m_000006893,2026-01-30T21:38:11Z,u_002203,sms,new_content_alert,sent
m_000006894,2026-01-30T16:10:56Z,u_001199,email,heart_health_month,sent
m_000006895,2026-01-30T16:57:33Z,u_002866,sms,heart_health_month,sent
m_000006896,2026-01-29T16:16:28Z,u_001466,email,weekly_digest,sent
m_000006897,2026-02-02T12:06:25Z,u_004707,sms,weight_loss_series,opened
m_000006898,2026-01-27T14:59:18Z,u_003102,sms,new_content_alert,delivered
m_000006899,2026-01-31T11:06:10Z,u_001777,sms,stress_relief_program,sent
m_000006900,2026-02-02T19:01:22Z,u_003573,email,weekly_digest,opened
m_000006901,2026-01-29T10:00:05Z,u_001173,email,new_content_alert,opened
m_000006902,2026-01-31T13:35:20Z,u_000972,sms,stress_relief_program,sent
m_000006903,2026-01-31T19:25:09Z,u_002041,email,weight_loss_series,sent
m_000006904,2026-01-29T09:04:28Z,u_003678,push,weight_loss_series,delivered
m_000006905,2026-01-27T07:37:03Z,u_003830,sms,heart_health_month,delivered
m_000006906,2026-02-01T16:57:05Z,u_003631,push,stress_relief_program,sent
m_000006907,2026-01-30T22:26:01Z,u_003534,email,weekly_digest,sent
m_000006908,2026-01-30T02:53:02Z,u_001732,sms,weekly_digest,sent
m_000006909,2026-01-28T03:01:24Z,u_000464,push,new_content_alert,sent
m_000006910,2026-01-27T01:23:58Z,u_004805,email,stress_relief_program,opened
m_000006911,2026-01-31T21:44:24Z,u_002426,sms,weight_loss_series,delivered
m_000006912,2026-01-31T20:28:40Z,u_001450,push,sleep_challenge,delivered
m_000006913,2026-01-30T15:49:17Z,u_002013,email,stress_relief_program,sent
m_000006914,2026-01-27T21:40:10Z,u_002241,sms,new_content_alert,clicked
m_000006915,2026-01-27T09:33:29Z,u_003777,sms,stress_relief_program,clicked
m_000006916,2026-01-30T17:14:02Z,u_001510,push,weekly_digest,sent
m_000006917,2026-01-28T11:12:25Z,u_003680,push,heart_health_month,opened
m_000006918,2026-01-30T03:11:16Z,u_001836,sms,stress_relief_program,sent
m_000006919,2026-02-02T04:04:47Z,u_003553,email,sleep_challenge,opened
m_000006920,2026-01-29T21:23:06Z,u_004044,email,new_content_alert,sent
m_000006921,2026-02-02T19:27:38Z,u_004188,sms,sleep_challenge,unsubscribed
m_000006922,2026-01-29T03:00:13Z,u_002520,sms,weight_loss_series,sent
m_000006923,2026-01-29T12:55:41Z,u_001244,sms,weight_loss_series,sent
m_000006924,2026-01-30T03:17:18Z,u_004242,push,sleep_challenge,clicked
m_000006925,2026-01-27T04:20:39Z,u_000421,sms,weekly_digest,sent
m_000006926,2026-01-27T00:29:15Z,u_003033,sms,new_content_alert,delivered
m_000006927,2026-01-27T12:26:56Z,u_004599,sms,weekly_digest,sent
m_000006928,2026-01-31T23:55:41Z,u_004484,sms,weekly_digest,opened
m_000006929,2026-01-31T07:23:27Z,u_001433,email,weekly_digest,opened
m_000006930,2026-01-29T14:15:11Z,u_003621,email,stress_relief_program,opened
m_000006931,2026-01-28T00:14:41Z,u_001263,email,weekly_digest,delivered
m_000006932,2026-01-30T03:03:33Z,u_000484,push,sleep_challenge,delivered
m_000006933,2026-01-29T18:01:59Z,u_004674,push,sleep_challenge,sent
m_000006934,2026-01-29T19:51:11Z,u_001737,email,weight_loss_series,sent
m_000006935,2026-02-02T05:51:47Z,u_003380,sms,stress_relief_program,sent
m_000006936,2026-01-31T23:58:07Z,u_003296,push,weekly_digest,sent
m_000006937,2026-01-30T19:06:29Z,u_001228,email,sleep_challenge,sent
m_000006938,2026-01-27T22:04:06Z,u_003856,email,new_content_alert,sent
m_000006939,2026-02-01T01:59:30Z,u_000363,sms,sleep_challenge,sent
m_000006940,2026-02-01T12:54:36Z,u_000049,push,heart_health_month,sent
m_000006941,2026-01-29T18:48:45Z,u_002781,sms,stress_relief_program,delivered
m_000006942,2026-02-02T02:10:30Z,u_004877,sms,new_content_alert,delivered
m_000006943,2026-01-29T15:25:40Z,u_002145,email,heart_health_month,opened
m_000006944,2026-01-27T21:03:32Z,u_002791,sms,weekly_digest,sent
m_000006945,2026-01-28T07:35:30Z,u_001726,email,weight_loss_series,sent
m_000006946,2026-02-01T15:49:25Z,u_003705,sms,sleep_challenge,sent
m_000006947,2026-01-29T13:30:32Z,u_002170,sms,weight_loss_series,sent
m_000006948,2026-02-01T02:44:27Z,u_000492,push,sleep_challenge,sent
m_000006949,2026-01-27T05:45:20Z,u_003723,sms,weight_loss_series,sent
m_000006950,2026-01-29T05:59:42Z,u_000629,sms,stress_relief_program,opened
m_000006951,2026-02-01T11:55:23Z,u_004245,sms,new_content_alert,sent
m_000006952,2026-01-27T08:56:32Z,u_001702,sms,weekly_digest,delivered
m_000006953,2026-01-29T12:06:13Z,u_004440,email,new_content_alert,delivered
m_000006954,2026-01-28T19:42:32Z,u_003514,push,new_content_alert,delivered
m_000006955,2026-02-02T17:17:16Z,u_001770,email,new_content_alert,delivered
m_000006956,2026-02-01T01:37:34Z,u_002312,push,weekly_digest,sent
m_000006957,2026-01-30T07:14:00Z,u_004391,push,heart_health_month,opened
m_000006958,2026-02-02T06:30:11Z,u_004965,push,heart_health_month,sent
m_000006959,2026-02-01T22:48:19Z,u_000946,email,stress_relief_program,sent
m_000006960,2026-01-31T17:22:45Z,u_002598,email,sleep_challenge,sent
m_000006961,2026-01-27T07:01:24Z,u_000105,email,weight_loss_series,delivered
m_000006962,2026-01-30T10:51:01Z,u_001911,email,heart_health_month,sent
m_000006963,2026-01-30T04:57:45Z,u_001105,push,weekly_digest,opened
m_000006964,2026-01-28T20:38:27Z,u_004888,sms,sleep_challenge,sent
m_000006965,2026-01-27T08:41:00Z,u_002070,email,stress_relief_program,sent
m_000006966,2026-01-28T10:17:02Z,u_003824,email,heart_health_month,sent
m_000006967,2026-01-27T11:58:51Z,u_003236,sms,sleep_challenge,delivered
m_000006968,2026-01-29T16:12:26Z,u_004393,email,stress_relief_program,sent
m_000006969,2026-01-31T10:02:03Z,u_001196,email,heart_health_month,opened
m_000006970,2026-01-29T19:24:58Z,u_002573,sms,sleep_challenge,clicked
m_000006971,2026-01-30T09:06:11Z,u_004617,push,weekly_digest,sent
m_000006972,2026-01-29T12:49:52Z,u_000559,email,heart_health_month,sent
m_000006973,2026-01-29T08:23:34Z,u_002158,push,heart_health_month,sent
m_000006974,2026-02-02T05:40:22Z,u_000173,push,stress_relief_program,sent
m_000006975,2026-01-28T22:58:35Z,u_004484,push,heart_health_month,opened
m_000006976,2026-01-28T09:07:47Z,u_003484,sms,weight_loss_series,opened
m_000006977,2026-01-28T03:44:19Z,u_003269,push,heart_health_month,delivered
m_000006978,2026-01-28T05:20:32Z,u_000006,sms,weight_loss_series,opened
m_000006979,2026-02-02T02:52:42Z,u_003162,email,stress_relief_program,sent
m_000006980,2026-02-01T16:48:48Z,u_000323,push,weight_loss_series,sent
m_000006981,2026-01-28T23:47:04Z,u_002770,push,weight_loss_series,delivered
m_000006982,2026-01-27T10:23:26Z,u_002544,sms,heart_health_month,sent
m_000006983,2026-01-31T07:08:17Z,u_001190,sms,heart_health_month,delivered
m_000006984,2026-01-31T21:36:10Z,u_000793,push,stress_relief_program,sent
m_000006985,2026-01-29T01:01:37Z,u_001356,email,new_content_alert,delivered
m_000006986,2026-01-31T15:46:07Z,u_000337,email,stress_relief_program,delivered
m_000006987,2026-01-30T06:07:45Z,u_003095,email,sleep_challenge,sent
m_000006988,2026-02-02T13:07:44Z,u_002616,email,heart_health_month,sent
m_000006989,2026-01-31T20:51:59Z,u_003799,sms,heart_health_month,clicked
m_000006990,2026-01-31T01:15:15Z,u_000815,push,sleep_challenge,sent
m_000006991,2026-01-28T22:39:58Z,u_004033,sms,new_content_alert,sent
m_000006992,2026-02-01T03:08:40Z,u_004323,email,new_content_alert,sent
m_000006993,2026-02-02T15:38:07Z,u_004409,email,sleep_challenge,sent
m_000006994,2026-01-31T07:17:10Z,u_001902,push,sleep_challenge,sent
m_000006995,2026-01-28T07:27:09Z,u_003734,email,heart_health_month,sent
m_000006996,2026-01-30T10:15:46Z,u_004391,sms,weekly_digest,sent
m_000006997,2026-01-27T22:30:41Z,u_002252,sms,weekly_digest,delivered
m_000006998,2026-02-01T07:54:24Z,u_003775,sms,weekly_digest,sent
m_000006999,2026-01-31T12:20:39Z,u_004247,push,weight_loss_series,delivered
m_000007000,2026-02-02T13:12:50Z,u_003366,email,sleep_challenge,opened
m_000007001,2026-01-28T10:22:17Z,u_000146,push,weight_loss_series,sent
m_000007002,2026-01-28T05:50:29Z,u_000303,sms,sleep_challenge,delivered
m_000007003,2026-02-02T13:01:26Z,u_004561,sms,weight_loss_series,sent
m_000007004,2026-02-01T01:55:43Z,u_004415,email,new_content_alert,sent
m_000007005,2026-02-01T17:16:18Z,u_003818,email,sleep_challenge,sent
m_000007006,2026-01-27T12:10:45Z,u_000165,sms,stress_relief_program,sent
m_000007007,2026-01-31T10:02:05Z,u_004184,sms,heart_health_month,sent
m_000007008,2026-02-02T06:16:38Z,u_003906,push,new_content_alert,sent
m_000007009,2026-01-30T15:09:23Z,u_000502,email,new_content_alert,sent
m_000007010,2026-01-28T20:03:30Z,u_000605,email,weight_loss_series,clicked
m_000007011,2026-01-27T11:39:10Z,u_002487,email,stress_relief_program,opened
m_000007012,2026-01-26T23:59:05Z,u_001810,push,sleep_challenge,opened
m_000007013,2026-01-28T04:47:33Z,u_002162,sms,heart_health_month,sent
m_000007014,2026-01-28T09:05:13Z,u_002743,push,stress_relief_program,sent
m_000007015,2026-01-26T22:13:17Z,u_001303,sms,weekly_digest,sent
m_000007016,2026-01-31T22:48:48Z,u_002702,push,weight_loss_series,sent
m_000007017,2026-02-02T11:18:28Z,u_003521,sms,heart_health_month,opened
m_000007018,2026-01-30T03:59:16Z,u_002896,sms,stress_relief_program,delivered
m_000007019,2026-01-31T10:57:38Z,u_000097,sms,new_content_alert,sent
m_000007020,2026-01-30T21:25:06Z,u_003654,push,new_content_alert,sent
m_000007021,2026-02-01T05:35:35Z,u_004160,email,sleep_challenge,sent
m_000007022,2026-02-02T16:01:04Z,u_000270,push,weight_loss_series,sent
m_000007023,2026-01-26T22:13:15Z,u_001865,push,weight_loss_series,sent
m_000007024,2026-01-29T00:52:16Z,u_000806,sms,new_content_alert,sent
m_000007025,2026-01-31T19:34:20Z,u_001776,email,stress_relief_program,clicked
m_000007026,2026-02-01T04:09:18Z,u_003179,email,weekly_digest,sent
m_000007027,2026-01-30T11:34:21Z,u_001402,email,weight_loss_series,sent
m_000007028,2026-01-27T11:44:37Z,u_003304,email,heart_health_month,delivered
m_000007029,2026-01-29T04:24:56Z,u_001426,push,weekly_digest,sent
m_000007030,2026-01-27T05:16:03Z,u_004278,sms,stress_relief_program,sent
m_000007031,2026-01-27T21:39:22Z,u_004269,sms,weight_loss_series,sent
m_000007032,2026-02-01T07:17:20Z,u_002921,sms,heart_health_month,delivered
m_000007033,2026-02-01T19:08:04Z,u_004202,sms,weekly_digest,sent
m_000007034,2026-01-28T20:04:15Z,u_000850,email,sleep_challenge,sent
m_000007035,2026-01-29T14:28:48Z,u_003935,email,new_content_alert,sent
m_000007036,2026-02-01T12:52:26Z,u_004575,sms,weight_loss_series,clicked
m_000007037,2026-02-02T11:25:01Z,u_003149,push,new_content_alert,sent
m_000007038,2026-01-29T11:14:32Z,u_004710,sms,new_content_alert,sent
m_000007039,2026-01-27T07:30:15Z,u_001380,email,new_content_alert,delivered
m_000007040,2026-01-27T19:49:00Z,u_001710,email,heart_health_month,sent
m_000007041,2026-02-01T12:16:10Z,u_003702,sms,sleep_challenge,sent
m_000007042,2026-02-02T17:32:36Z,u_004796,sms,weekly_digest,delivered
m_000007043,2026-01-31T10:54:15Z,u_000901,push,sleep_challenge,sent
m_000007044,2026-01-28T08:31:58Z,u_003979,push,sleep_challenge,sent
m_000007045,2026-02-01T17:22:15Z,u_001799,push,weekly_digest,clicked
m_000007046,2026-01-29T23:50:13Z,u_000953,push,new_content_alert,sent
m_000007047,2026-01-29T09:42:21Z,u_002688,email,sleep_challenge,sent
m_000007048,2026-02-01T02:27:45Z,u_002359,sms,sleep_challenge,sent
m_000007049,2026-02-02T01:42:27Z,u_000684,sms,sleep_challenge,opened
m_000007050,2026-01-29T03:37:15Z,u_001768,sms,weight_loss_series,delivered
m_000007051,2026-01-27T22:06:21Z,u_003088,email,sleep_challenge,sent
m_000007052,2026-02-01T16:55:59Z,u_004984,email,stress_relief_program,sent
m_000007053,2026-01-28T16:33:05Z,u_001815,sms,stress_relief_program,delivered
m_000007054,2026-01-27T08:41:49Z,u_004331,sms,weight_loss_series,opened
m_000007055,2026-01-31T10:28:07Z,u_003645,email,new_content_alert,sent
m_000007056,2026-02-02T09:55:31Z,u_001090,email,weekly_digest,sent
m_000007057,2026-01-27T03:04:36Z,u_004197,email,sleep_challenge,sent
m_000007058,2026-01-30T17:34:23Z,u_004145,push,new_content_alert,delivered
m_000007059,2026-01-31T19:39:26Z,u_004069,email,sleep_challenge,sent
m_000007060,2026-01-29T09:22:02Z,u_000902,push,heart_health_month,sent
m_000007061,2026-02-01T13:55:17Z,u_001941,email,sleep_challenge,sent
m_000007062,2026-01-27T18:22:42Z,u_002140,sms,sleep_challenge,sent
m_000007063,2026-01-27T03:34:22Z,u_003054,sms,heart_health_month,sent
m_000007064,2026-01-31T23:58:34Z,u_000195,email,heart_health_month,delivered
m_000007065,2026-02-02T02:47:23Z,u_000361,email,stress_relief_program,delivered
m_000007066,2026-02-01T06:13:28Z,u_002454,push,weekly_digest,sent
m_000007067,2026-01-28T19:32:01Z,u_003180,email,new_content_alert,delivered
m_000007068,2026-01-30T03:28:29Z,u_003040,push,weekly_digest,sent
m_000007069,2026-02-01T23:01:07Z,u_003673,sms,sleep_challenge,sent
m_000007070,2026-01-31T23:00:07Z,u_000492,email,weight_loss_series,sent
m_000007071,2026-01-27T19:53:40Z,u_004605,email,stress_relief_program,sent
m_000007072,2026-02-02T09:44:48Z,u_002525,push,stress_relief_program,sent
m_000007073,2026-01-29T18:26:22Z,u_002570,push,stress_relief_program,opened
m_000007074,2026-01-28T03:32:42Z,u_004568,push,stress_relief_program,sent
m_000007075,2026-01-29T09:53:16Z,u_002934,push,new_content_alert,clicked
m_000007076,2026-01-29T06:44:08Z,u_001975,email,weekly_digest,delivered
m_000007077,2026-01-27T18:02:29Z,u_000257,push,sleep_challenge,clicked
m_000007078,2026-02-01T04:09:14Z,u_003542,sms,heart_health_month,sent
m_000007079,2026-02-02T10:52:37Z,u_002451,sms,stress_relief_program,opened
m_000007080,2026-01-31T04:16:22Z,u_002169,sms,weight_loss_series,sent
m_000007081,2026-01-28T02:04:21Z,u_003662,push,heart_health_month,sent
m_000007082,2026-01-31T22:38:51Z,u_001894,email,heart_health_month,opened
m_000007083,2026-02-02T18:22:34Z,u_000697,email,heart_health_month,opened
m_000007084,2026-01-27T03:48:40Z,u_001646,email,stress_relief_program,sent
m_000007085,2026-01-27T17:42:51Z,u_002456,sms,new_content_alert,delivered
m_000007086,2026-01-28T10:45:25Z,u_001213,email,sleep_challenge,clicked
m_000007087,2026-01-29T15:27:20Z,u_004743,email,sleep_challenge,delivered
m_000007088,2026-01-31T16:40:05Z,u_000016,push,sleep_challenge,sent
m_000007089,2026-01-30T07:44:00Z,u_002888,push,weekly_digest,sent
m_000007090,2026-01-30T01:36:38Z,u_000042,sms,weight_loss_series,sent
m_000007091,2026-01-30T02:12:42Z,u_001456,email,stress_relief_program,delivered
m_000007092,2026-01-27T06:37:01Z,u_004264,push,heart_health_month,sent
m_000007093,2026-01-30T03:16:15Z,u_002087,email,new_content_alert,opened
m_000007094,2026-01-31T23:16:50Z,u_002125,push,heart_health_month,sent
m_000007095,2026-02-02T05:03:56Z,u_003004,push,new_content_alert,sent
m_000007096,2026-01-28T02:26:13Z,u_001475,sms,new_content_alert,opened
m_000007097,2026-01-30T15:08:03Z,u_004278,email,weight_loss_series,delivered
m_000007098,2026-01-30T04:23:26Z,u_000392,email,heart_health_month,sent
m_000007099,2026-01-29T16:27:08Z,u_003659,push,heart_health_month,sent
m_000007100,2026-02-02T12:45:14Z,u_003920,push,sleep_challenge,delivered
m_000007101,2026-01-31T00:53:35Z,u_000895,sms,heart_health_month,sent
m_000007102,2026-01-27T08:18:56Z,u_003207,sms,heart_health_month,sent
m_000007103,2026-02-01T07:33:09Z,u_000242,push,new_content_alert,delivered
m_000007104,2026-02-01T21:07:12Z,u_001663,push,new_content_alert,delivered
m_000007105,2026-01-28T13:57:13Z,u_001306,email,stress_relief_program,sent
m_000007106,2026-01-29T11:31:00Z,u_004599,sms,new_content_alert,opened
m_000007107,2026-01-31T10:15:11Z,u_002219,push,new_content_alert,sent
m_000007108,2026-01-27T17:06:59Z,u_000432,push,sleep_challenge,delivered
m_000007109,2026-01-30T01:25:05Z,u_002501,email,stress_relief_program,clicked
m_000007110,2026-02-02T06:50:00Z,u_000800,push,weekly_digest,opened
m_000007111,2026-02-02T03:53:53Z,u_001023,email,new_content_alert,sent
m_000007112,2026-02-02T19:18:21Z,u_003678,email,weight_loss_series,sent
m_000007113,2026-01-31T20:27:15Z,u_002105,sms,sleep_challenge,sent
m_000007114,2026-01-31T03:55:37Z,u_000361,sms,weekly_digest,delivered
m_000007115,2026-01-29T01:30:25Z,u_000802,sms,weekly_digest,sent
m_000007116,2026-01-28T06:27:33Z,u_004318,sms,stress_relief_program,delivered
m_000007117,2026-01-27T16:47:13Z,u_004290,sms,new_content_alert,sent
m_000007118,2026-02-01T08:57:51Z,u_003672,email,weight_loss_series,clicked
m_000007119,2026-01-27T08:15:08Z,u_001435,push,sleep_challenge,clicked
m_000007120,2026-01-30T00:13:58Z,u_001663,email,weight_loss_series,sent
m_000007121,2026-01-29T05:21:45Z,u_004526,push,weight_loss_series,sent
m_000007122,2026-02-02T17:12:21Z,u_002867,sms,sleep_challenge,sent
m_000007123,2026-01-30T17:21:28Z,u_001716,sms,stress_relief_program,sent
m_000007124,2026-01-27T23:10:06Z,u_004980,push,weekly_digest,sent
m_000007125,2026-01-30T17:05:03Z,u_000745,sms,weekly_digest,sent
m_000007126,2026-02-01T06:33:34Z,u_004016,email,stress_relief_program,sent
m_000007127,2026-01-31T17:51:01Z,u_000186,push,sleep_challenge,delivered
m_000007128,2026-01-30T07:58:09Z,u_004664,email,sleep_challenge,delivered
m_000007129,2026-01-29T22:33:41Z,u_004965,push,stress_relief_program,opened
m_000007130,2026-01-31T02:17:34Z,u_004556,sms,weekly_digest,sent
m_000007131,2026-01-28T08:10:24Z,u_004289,sms,heart_health_month,delivered
m_000007132,2026-01-29T22:36:27Z,u_002378,sms,weight_loss_series,sent
m_000007133,2026-01-27T10:36:12Z,u_002775,push,new_content_alert,delivered
m_000007134,2026-01-27T21:01:49Z,u_001524,push,stress_relief_program,sent
m_000007135,2026-02-01T14:23:24Z,u_003083,email,stress_relief_program,delivered
m_000007136,2026-02-01T10:32:09Z,u_000721,sms,stress_relief_program,delivered
m_000007137,2026-02-02T14:02:33Z,u_002997,email,sleep_challenge,sent
m_000007138,2026-01-31T12:20:59Z,u_003229,email,stress_relief_program,clicked
m_000007139,2026-01-28T17:05:21Z,u_003318,sms,sleep_challenge,delivered
m_000007140,2026-01-28T11:02:07Z,u_001934,push,weekly_digest,sent
m_000007141,2026-01-31T11:35:28Z,u_003931,push,stress_relief_program,delivered
m_000007142,2026-02-01T19:50:41Z,u_001196,email,heart_health_month,sent
m_000007143,2026-01-27T20:07:11Z,u_001961,push,weight_loss_series,sent
m_000007144,2026-02-01T14:33:44Z,u_002546,push,new_content_alert,delivered
m_000007145,2026-01-27T13:36:11Z,u_000950,email,weight_loss_series,sent
m_000007146,2026-02-02T19:32:20Z,u_002148,sms,weight_loss_series,sent
m_000007147,2026-02-02T18:47:01Z,u_004287,email,weekly_digest,clicked
m_000007148,2026-01-28T02:25:55Z,u_002108,push,weight_loss_series,sent
m_000007149,2026-01-29T04:06:51Z,u_000182,email,new_content_alert,opened
m_000007150,2026-01-30T09:35:21Z,u_004859,email,heart_health_month,sent
m_000007151,2026-02-01T19:54:01Z,u_000411,email,weight_loss_series,sent
m_000007152,2026-02-01T12:28:08Z,u_001898,sms,stress_relief_program,delivered
m_000007153,2026-01-27T01:45:42Z,u_000780,email,stress_relief_program,delivered
m_000007154,2026-01-27T03:28:20Z,u_002462,email,heart_health_month,sent
m_000007155,2026-02-01T02:05:33Z,u_000460,email,heart_health_month,sent
m_000007156,2026-01-29T05:36:34Z,u_001237,sms,weekly_digest,sent
m_000007157,2026-02-02T04:05:43Z,u_003280,email,weekly_digest,sent
m_000007158,2026-02-02T13:02:15Z,u_003401,push,sleep_challenge,sent
m_000007159,2026-01-30T11:26:16Z,u_002804,email,weight_loss_series,sent
m_000007160,2026-01-30T01:41:10Z,u_001954,email,weight_loss_series,sent
m_000007161,2026-01-26T22:44:35Z,u_004670,push,stress_relief_program,opened
m_000007162,2026-01-27T23:33:46Z,u_003548,push,new_content_alert,sent
m_000007163,2026-01-28T21:57:21Z,u_004200,push,weekly_digest,sent
m_000007164,2026-01-30T12:02:34Z,u_003262,sms,stress_relief_program,sent
m_000007165,2026-01-30T10:09:45Z,u_004153,email,heart_health_month,sent
m_000007166,2026-01-28T15:31:33Z,u_002667,sms,heart_health_month,sent
m_000007167,2026-01-30T12:55:39Z,u_002738,sms,stress_relief_program,sent
m_000007168,2026-02-01T21:41:20Z,u_004933,email,sleep_challenge,unsubscribed
m_000007169,2026-01-30T12:13:40Z,u_004953,email,weekly_digest,sent
m_000007170,2026-01-31T00:10:41Z,u_001718,sms,sleep_challenge,delivered
m_000007171,2026-01-27T20:10:21Z,u_003553,sms,new_content_alert,sent
m_000007172,2026-01-30T05:36:47Z,u_004048,email,weekly_digest,sent
m_000007173,2026-01-31T19:10:07Z,u_001588,push,heart_health_month,sent
m_000007174,2026-01-30T05:59:49Z,u_000568,sms,new_content_alert,sent
m_000007175,2026-01-26T21:39:53Z,u_003651,sms,weekly_digest,sent
m_000007176,2026-01-31T05:38:36Z,u_000695,email,weight_loss_series,opened
m_000007177,2026-01-30T09:55:35Z,u_004852,sms,new_content_alert,sent
m_000007178,2026-01-30T19:37:16Z,u_004507,sms,weight_loss_series,delivered
m_000007179,2026-01-30T17:28:13Z,u_003802,sms,heart_health_month,sent
m_000007180,2026-01-29T18:26:47Z,u_003214,push,new_content_alert,sent
m_000007181,2026-01-29T08:50:01Z,u_004248,push,new_content_alert,opened
m_000007182,2026-01-28T20:27:10Z,u_002952,sms,weight_loss_series,sent
m_000007183,2026-01-27T21:48:26Z,u_001238,push,heart_health_month,opened
m_000007184,2026-01-29T15:38:10Z,u_002233,sms,weekly_digest,sent
m_000007185,2026-01-29T03:07:20Z,u_003501,email,weight_loss_series,delivered
m_000007186,2026-01-30T11:33:22Z,u_001482,push,stress_relief_program,sent
m_000007187,2026-02-02T18:53:54Z,u_001076,sms,sleep_challenge,sent
m_000007188,2026-01-29T03:02:57Z,u_004098,email,weight_loss_series,sent
m_000007189,2026-02-02T13:41:00Z,u_000784,sms,weight_loss_series,sent
m_000007190,2026-01-29T04:00:40Z,u_004673,push,heart_health_month,delivered
m_000007191,2026-01-29T01:07:44Z,u_001657,push,sleep_challenge,delivered
m_000007192,2026-01-30T10:59:46Z,u_003795,email,new_content_alert,delivered
m_000007193,2026-01-29T04:13:38Z,u_004056,sms,weekly_digest,delivered
m_000007194,2026-01-28T23:08:57Z,u_004340,email,weight_loss_series,clicked
m_000007195,2026-02-01T15:39:09Z,u_000140,sms,stress_relief_program,sent
m_000007196,2026-01-28T18:31:18Z,u_002188,sms,stress_relief_program,opened
m_000007197,2026-01-31T11:41:44Z,u_002990,push,weight_loss_series,sent
m_000007198,2026-01-30T11:04:28Z,u_002112,push,sleep_challenge,sent
m_000007199,2026-02-02T20:10:48Z,u_000991,email,weekly_digest,delivered
m_000007200,2026-02-02T10:28:00Z,u_003841,email,weekly_digest,sent
m_000007201,2026-01-31T13:57:15Z,u_004123,sms,weight_loss_series,sent
m_000007202,2026-01-28T10:29:39Z,u_001470,push,weekly_digest,opened
m_000007203,2026-02-02T14:28:35Z,u_003086,email,heart_health_month,sent
m_000007204,2026-02-01T06:04:20Z,u_002777,email,sleep_challenge,delivered
m_000007205,2026-02-01T23:57:58Z,u_004152,sms,sleep_challenge,delivered
m_000007206,2026-01-30T14:53:07Z,u_002882,email,sleep_challenge,sent
m_000007207,2026-02-02T03:02:04Z,u_000879,sms,weight_loss_series,sent
m_000007208,2026-01-27T18:24:05Z,u_004063,sms,weekly_digest,sent
m_000007209,2026-02-02T17:17:37Z,u_003407,email,weight_loss_series,clicked
m_000007210,2026-01-28T10:46:51Z,u_004759,email,weekly_digest,sent
m_000007211,2026-02-01T18:36:08Z,u_001805,push,heart_health_month,sent
m_000007212,2026-01-31T07:54:40Z,u_002982,email,weight_loss_series,sent
m_000007213,2026-02-02T17:24:43Z,u_001476,email,weekly_digest,sent
m_000007214,2026-01-30T06:40:43Z,u_001910,push,stress_relief_program,sent
m_000007215,2026-01-28T00:07:53Z,u_004882,sms,stress_relief_program,sent
m_000007216,2026-01-30T17:29:56Z,u_004134,email,weekly_digest,unsubscribed
m_000007217,2026-02-02T13:50:10Z,u_000296,sms,heart_health_month,sent
m_000007218,2026-01-28T07:23:28Z,u_001425,push,stress_relief_program,sent
m_000007219,2026-01-26T21:03:03Z,u_003143,push,sleep_challenge,sent
m_000007220,2026-01-28T14:00:12Z,u_001555,email,weight_loss_series,delivered
m_000007221,2026-01-28T02:21:00Z,u_004488,sms,sleep_challenge,sent
m_000007222,2026-01-31T19:40:01Z,u_000319,email,sleep_challenge,sent
m_000007223,2026-01-30T08:44:12Z,u_004007,sms,weekly_digest,delivered
m_000007224,2026-02-02T19:34:41Z,u_003302,email,new_content_alert,sent
m_000007225,2026-01-28T02:16:48Z,u_001984,push,weekly_digest,delivered
m_000007226,2026-01-30T07:35:16Z,u_003233,sms,sleep_challenge,opened
m_000007227,2026-01-31T11:18:28Z,u_002167,push,sleep_challenge,sent
m_000007228,2026-02-02T19:46:00Z,u_002100,sms,weekly_digest,sent
m_000007229,2026-01-30T15:35:22Z,u_000149,push,stress_relief_program,sent
m_000007230,2026-01-28T05:50:23Z,u_001128,push,stress_relief_program,sent
m_000007231,2026-01-29T06:51:42Z,u_003029,email,sleep_challenge,opened
m_000007232,2026-01-28T03:02:12Z,u_001759,sms,heart_health_month,sent
m_000007233,2026-01-30T17:48:07Z,u_001208,sms,sleep_challenge,sent
m_000007234,2026-01-28T02:19:16Z,u_004137,push,heart_health_month,sent
m_000007235,2026-02-02T16:51:53Z,u_003099,email,stress_relief_program,sent
m_000007236,2026-01-29T09:01:14Z,u_003497,push,new_content_alert,clicked
m_000007237,2026-01-29T01:07:20Z,u_001689,sms,weight_loss_series,delivered
m_000007238,2026-01-27T12:08:08Z,u_002241,email,new_content_alert,sent
m_000007239,2026-01-28T16:00:38Z,u_002847,sms,heart_health_month,sent
m_000007240,2026-01-28T18:48:48Z,u_003037,email,stress_relief_program,sent
m_000007241,2026-01-29T12:34:56Z,u_002004,push,stress_relief_program,delivered
m_000007242,2026-01-29T04:42:57Z,u_004597,email,weekly_digest,sent
m_000007243,2026-01-27T04:52:26Z,u_001311,push,heart_health_month,delivered
m_000007244,2026-01-28T14:03:21Z,u_002151,sms,weight_loss_series,sent
m_000007245,2026-01-30T17:23:19Z,u_001918,push,heart_health_month,opened
m_000007246,2026-02-02T09:19:56Z,u_002916,email,new_content_alert,sent
m_000007247,2026-01-30T23:44:47Z,u_001448,email,sleep_challenge,sent
m_000007248,2026-01-27T08:41:58Z,u_004174,email,weight_loss_series,sent
m_000007249,2026-01-29T22:59:40Z,u_004041,sms,sleep_challenge,sent
m_000007250,2026-01-28T20:41:30Z,u_000971,email,sleep_challenge,sent
m_000007251,2026-01-27T13:13:24Z,u_001088,email,weight_loss_series,sent
m_000007252,2026-01-30T23:10:52Z,u_003502,email,new_content_alert,unsubscribed
m_000007253,2026-01-28T21:24:25Z,u_000159,push,heart_health_month,delivered
m_000007254,2026-01-27T04:14:41Z,u_003042,push,heart_health_month,sent
m_000007255,2026-01-29T07:45:43Z,u_001134,email,new_content_alert,sent
m_000007256,2026-02-02T02:58:48Z,u_003268,push,heart_health_month,sent
m_000007257,2026-01-31T09:56:59Z,u_001405,sms,weekly_digest,sent
m_000007258,2026-01-31T07:51:35Z,u_000838,email,weight_loss_series,sent
m_000007259,2026-01-28T13:46:29Z,u_000559,push,weekly_digest,sent
m_000007260,2026-01-30T14:07:08Z,u_002829,email,new_content_alert,sent
m_000007261,2026-01-29T08:10:42Z,u_000669,sms,stress_relief_program,sent
m_000007262,2026-01-26T21:56:00Z,u_001417,push,weekly_digest,sent
m_000007263,2026-01-31T02:51:35Z,u_003030,push,weight_loss_series,clicked
m_000007264,2026-02-02T08:57:59Z,u_002650,push,heart_health_month,sent
m_000007265,2026-01-27T10:22:34Z,u_003269,sms,stress_relief_program,sent
m_000007266,2026-01-28T19:56:14Z,u_000404,email,new_content_alert,sent
m_000007267,2026-01-28T02:14:29Z,u_000515,email,weight_loss_series,delivered
m_000007268,2026-01-27T07:17:54Z,u_003154,email,weight_loss_series,sent
m_000007269,2026-02-02T02:33:03Z,u_001384,sms,new_content_alert,sent
m_000007270,2026-01-30T02:10:50Z,u_000883,sms,weekly_digest,sent
m_000007271,2026-01-28T22:10:05Z,u_004895,email,weekly_digest,sent
m_000007272,2026-02-01T08:42:27Z,u_004442,email,sleep_challenge,sent
m_000007273,2026-01-27T22:28:21Z,u_004176,push,new_content_alert,sent
m_000007274,2026-01-31T06:07:47Z,u_001679,push,weekly_digest,sent
m_000007275,2026-01-28T12:34:43Z,u_001598,push,weight_loss_series,sent
m_000007276,2026-01-30T10:39:09Z,u_001489,sms,weight_loss_series,clicked
m_000007277,2026-01-30T07:50:04Z,u_003197,sms,stress_relief_program,sent
m_000007278,2026-01-27T12:41:31Z,u_004416,sms,weight_loss_series,sent
m_000007279,2026-01-29T12:12:18Z,u_002015,sms,new_content_alert,sent
m_000007280,2026-01-31T18:57:44Z,u_001984,email,weight_loss_series,delivered
m_000007281,2026-02-02T06:37:05Z,u_004409,email,weekly_digest,sent
m_000007282,2026-01-28T07:54:46Z,u_002088,sms,weight_loss_series,sent
m_000007283,2026-01-29T00:03:13Z,u_002826,sms,sleep_challenge,sent
m_000007284,2026-02-01T09:55:06Z,u_003984,email,weekly_digest,sent
m_000007285,2026-01-29T17:29:51Z,u_000656,sms,weight_loss_series,opened
m_000007286,2026-01-28T20:00:13Z,u_000370,email,new_content_alert,sent
m_000007287,2026-01-28T07:38:28Z,u_001071,sms,weight_loss_series,delivered
m_000007288,2026-01-30T14:15:21Z,u_003668,email,weight_loss_series,sent
m_000007289,2026-01-28T23:09:45Z,u_004766,push,heart_health_month,sent
m_000007290,2026-01-27T08:02:27Z,u_003543,email,sleep_challenge,sent
m_000007291,2026-01-27T14:31:32Z,u_003977,push,weight_loss_series,opened
m_000007292,2026-02-02T16:26:50Z,u_002979,sms,heart_health_month,clicked
m_000007293,2026-01-31T11:59:48Z,u_000465,push,weekly_digest,sent
m_000007294,2026-01-28T18:15:35Z,u_003183,push,new_content_alert,delivered
m_000007295,2026-01-29T19:08:33Z,u_001065,email,stress_relief_program,sent
m_000007296,2026-02-02T12:32:31Z,u_004983,sms,heart_health_month,sent
m_000007297,2026-01-30T19:50:24Z,u_002069,email,new_content_alert,unsubscribed
m_000007298,2026-02-01T13:57:11Z,u_002971,email,heart_health_month,sent
m_000007299,2026-01-27T18:23:31Z,u_002049,sms,weekly_digest,sent
m_000007300,2026-01-28T08:17:06Z,u_001451,email,weekly_digest,delivered
m_000007301,2026-02-01T18:19:14Z,u_003107,push,heart_health_month,sent
m_000007302,2026-01-29T03:48:45Z,u_001665,sms,sleep_challenge,sent
m_000007303,2026-01-27T22:01:20Z,u_001779,push,new_content_alert,sent
m_000007304,2026-01-27T23:44:45Z,u_002419,sms,heart_health_month,opened
m_000007305,2026-01-28T07:37:43Z,u_001260,sms,sleep_challenge,clicked
m_000007306,2026-01-29T14:47:40Z,u_001675,email,heart_health_month,opened
m_000007307,2026-01-27T16:38:10Z,u_004825,email,new_content_alert,delivered
m_000007308,2026-01-30T09:45:30Z,u_002857,sms,weight_loss_series,sent
m_000007309,2026-02-01T19:04:32Z,u_000235,email,new_content_alert,sent
m_000007310,2026-01-30T17:50:02Z,u_004388,email,heart_health_month,sent
m_000007311,2026-01-29T19:29:19Z,u_004931,sms,weight_loss_series,delivered
m_000007312,2026-01-27T14:43:43Z,u_004306,sms,heart_health_month,opened
m_000007313,2026-01-29T20:49:55Z,u_001550,email,heart_health_month,delivered
m_000007314,2026-01-30T13:17:13Z,u_003307,sms,weekly_digest,delivered
m_000007315,2026-02-02T03:55:42Z,u_000614,push,weekly_digest,sent
m_000007316,2026-02-01T08:44:49Z,u_003307,push,sleep_challenge,sent
m_000007317,2026-02-01T10:18:07Z,u_002123,sms,heart_health_month,unsubscribed
m_000007318,2026-01-28T13:37:44Z,u_001546,push,weight_loss_series,sent
m_000007319,2026-01-27T16:04:48Z,u_001073,email,new_content_alert,delivered
m_000007320,2026-01-29T00:23:11Z,u_001022,push,weight_loss_series,sent
m_000007321,2026-01-28T14:53:56Z,u_004527,push,weekly_digest,sent
m_000007322,2026-01-30T00:33:37Z,u_001934,email,sleep_challenge,clicked
m_000007323,2026-01-29T21:26:50Z,u_001037,email,weight_loss_series,sent
m_000007324,2026-01-31T04:15:23Z,u_004048,push,sleep_challenge,sent
m_000007325,2026-01-29T01:44:06Z,u_004973,sms,weight_loss_series,sent
m_000007326,2026-01-31T14:35:09Z,u_001690,email,heart_health_month,opened
m_000007327,2026-02-01T16:22:58Z,u_000835,email,new_content_alert,sent
m_000007328,2026-01-31T01:28:39Z,u_004542,push,new_content_alert,sent
m_000007329,2026-01-28T19:26:13Z,u_001841,sms,weekly_digest,sent
m_000007330,2026-02-01T19:48:55Z,u_004035,email,stress_relief_program,delivered
m_000007331,2026-02-01T10:03:53Z,u_003782,push,heart_health_month,sent
m_000007332,2026-01-30T08:00:12Z,u_002078,push,weekly_digest,delivered
m_000007333,2026-01-31T08:15:45Z,u_004160,sms,sleep_challenge,opened
m_000007334,2026-02-02T00:58:06Z,u_002774,push,weekly_digest,opened
m_000007335,2026-01-27T00:12:08Z,u_004877,sms,new_content_alert,delivered
m_000007336,2026-02-02T06:35:01Z,u_004193,push,weekly_digest,sent
m_000007337,2026-01-27T16:01:50Z,u_003793,email,stress_relief_program,sent
m_000007338,2026-01-28T02:39:51Z,u_002240,sms,weight_loss_series,sent
m_000007339,2026-01-28T02:18:01Z,u_002316,sms,new_content_alert,sent
m_000007340,2026-01-31T12:39:59Z,u_001527,push,heart_health_month,sent
m_000007341,2026-01-28T18:54:49Z,u_004835,push,weight_loss_series,sent
m_000007342,2026-02-01T16:55:04Z,u_002868,email,stress_relief_program,sent
m_000007343,2026-01-30T23:56:24Z,u_004088,sms,sleep_challenge,opened
m_000007344,2026-01-29T09:36:55Z,u_000856,push,stress_relief_program,sent
m_000007345,2026-02-02T06:57:42Z,u_003759,push,heart_health_month,sent
m_000007346,2026-01-30T00:03:29Z,u_000083,push,stress_relief_program,sent
m_000007347,2026-01-30T07:12:29Z,u_003463,email,weight_loss_series,sent
m_000007348,2026-02-02T05:10:37Z,u_003719,push,heart_health_month,sent
m_000007349,2026-02-02T00:16:57Z,u_000490,email,stress_relief_program,sent
m_000007350,2026-01-28T02:45:08Z,u_004745,push,heart_health_month,sent
m_000007351,2026-02-01T20:14:50Z,u_004704,sms,new_content_alert,sent
m_000007352,2026-02-02T05:54:14Z,u_001331,email,weight_loss_series,opened
m_000007353,2026-02-01T05:56:41Z,u_002565,push,heart_health_month,sent
m_000007354,2026-01-29T18:14:41Z,u_002388,sms,weight_loss_series,opened
m_000007355,2026-01-27T16:45:04Z,u_001540,sms,new_content_alert,delivered
m_000007356,2026-02-01T09:43:19Z,u_001652,email,stress_relief_program,opened
m_000007357,2026-01-27T17:18:08Z,u_002790,sms,new_content_alert,sent
m_000007358,2026-01-27T23:25:59Z,u_000458,email,weekly_digest,delivered
m_000007359,2026-01-29T23:41:30Z,u_002767,email,weight_loss_series,sent
m_000007360,2026-02-02T09:33:53Z,u_002920,push,stress_relief_program,delivered
m_000007361,2026-02-01T00:50:29Z,u_001464,sms,heart_health_month,delivered
m_000007362,2026-01-30T13:51:42Z,u_001629,sms,heart_health_month,delivered
m_000007363,2026-01-28T01:21:43Z,u_003760,sms,weekly_digest,sent
m_000007364,2026-01-29T19:21:01Z,u_002958,sms,new_content_alert,sent
m_000007365,2026-01-29T18:28:03Z,u_001217,sms,heart_health_month,delivered
m_000007366,2026-01-30T13:02:28Z,u_000529,push,new_content_alert,clicked
m_000007367,2026-01-27T13:30:23Z,u_004581,sms,stress_relief_program,delivered
m_000007368,2026-01-31T03:45:02Z,u_001349,sms,heart_health_month,sent
m_000007369,2026-01-30T13:11:34Z,u_004564,email,new_content_alert,sent
m_000007370,2026-01-30T02:04:14Z,u_000015,push,weight_loss_series,sent
m_000007371,2026-01-29T17:54:18Z,u_004560,push,weekly_digest,sent
m_000007372,2026-01-29T21:29:55Z,u_004886,push,new_content_alert,sent
m_000007373,2026-01-28T11:36:21Z,u_001677,email,stress_relief_program,delivered
m_000007374,2026-02-01T12:39:53Z,u_003676,email,weekly_digest,delivered
m_000007375,2026-02-01T22:05:47Z,u_003415,email,sleep_challenge,sent
m_000007376,2026-01-26T22:39:04Z,u_001721,sms,sleep_challenge,sent
m_000007377,2026-01-29T17:19:40Z,u_003594,push,heart_health_month,delivered
m_000007378,2026-01-30T16:24:23Z,u_004764,email,sleep_challenge,sent
m_000007379,2026-01-27T08:49:49Z,u_000298,email,heart_health_month,sent
m_000007380,2026-01-30T11:58:09Z,u_000054,sms,stress_relief_program,sent
m_000007381,2026-01-27T19:03:24Z,u_003918,push,new_content_alert,opened
m_000007382,2026-01-28T07:26:25Z,u_000897,sms,heart_health_month,sent
m_000007383,2026-01-28T16:50:31Z,u_004964,push,weight_loss_series,sent
m_000007384,2026-01-30T06:00:48Z,u_003529,sms,sleep_challenge,sent
m_000007385,2026-01-29T07:07:26Z,u_000821,sms,new_content_alert,delivered
m_000007386,2026-01-31T15:22:49Z,u_003283,sms,new_content_alert,sent
m_000007387,2026-01-30T16:47:41Z,u_003719,push,stress_relief_program,sent
m_000007388,2026-01-30T18:13:34Z,u_004938,email,sleep_challenge,delivered
m_000007389,2026-02-01T01:56:59Z,u_002078,email,weekly_digest,sent
m_000007390,2026-01-29T06:24:11Z,u_002153,email,stress_relief_program,sent
m_000007391,2026-01-29T09:57:42Z,u_002360,sms,stress_relief_program,sent
m_000007392,2026-02-01T15:03:55Z,u_004406,sms,weight_loss_series,sent
m_000007393,2026-01-28T11:46:23Z,u_002251,email,heart_health_month,delivered
m_000007394,2026-01-29T13:40:51Z,u_002681,push,stress_relief_program,delivered
m_000007395,2026-02-02T06:08:30Z,u_004831,email,heart_health_month,sent
m_000007396,2026-01-29T15:48:34Z,u_003510,email,weight_loss_series,delivered
m_000007397,2026-01-27T16:00:42Z,u_003612,sms,sleep_challenge,sent
m_000007398,2026-01-28T07:54:42Z,u_002305,email,heart_health_month,delivered
m_000007399,2026-01-31T15:39:15Z,u_003819,push,heart_health_month,delivered
m_000007400,2026-01-29T14:40:16Z,u_003152,push,stress_relief_program,sent
m_000007401,2026-01-29T04:41:57Z,u_002450,sms,weekly_digest,sent
m_000007402,2026-02-01T22:02:04Z,u_003792,sms,sleep_challenge,delivered
m_000007403,2026-02-02T15:41:24Z,u_003563,sms,stress_relief_program,sent
m_000007404,2026-01-30T04:39:25Z,u_000355,sms,weight_loss_series,sent
m_000007405,2026-01-27T08:30:11Z,u_004683,push,heart_health_month,sent
m_000007406,2026-01-31T09:13:27Z,u_001731,push,sleep_challenge,clicked
m_000007407,2026-02-01T05:58:45Z,u_000802,email,weekly_digest,delivered
m_000007408,2026-01-26T21:55:17Z,u_000376,email,stress_relief_program,sent
m_000007409,2026-01-28T17:46:45Z,u_000721,email,weight_loss_series,sent
m_000007410,2026-01-31T22:50:17Z,u_004042,sms,weekly_digest,sent
m_000007411,2026-01-29T02:35:34Z,u_000515,push,weight_loss_series,sent
m_000007412,2026-01-27T15:09:01Z,u_003700,sms,stress_relief_program,sent
m_000007413,2026-01-27T08:37:37Z,u_002647,email,sleep_challenge,sent
m_000007414,2026-01-29T00:24:36Z,u_000579,push,weekly_digest,opened
m_000007415,2026-01-28T23:01:52Z,u_004948,email,heart_health_month,sent
m_000007416,2026-02-02T10:17:03Z,u_004843,email,weight_loss_series,unsubscribed
m_000007417,2026-01-29T21:08:44Z,u_002931,email,weekly_digest,delivered
m_000007418,2026-01-30T03:52:34Z,u_004807,push,sleep_challenge,delivered
m_000007419,2026-02-01T01:40:14Z,u_004653,sms,new_content_alert,sent
m_000007420,2026-01-28T05:18:49Z,u_001609,email,new_content_alert,sent
m_000007421,2026-01-31T23:11:04Z,u_000220,email,weekly_digest,delivered
m_000007422,2026-02-02T12:33:22Z,u_004133,push,sleep_challenge,opened
m_000007423,2026-01-31T00:07:15Z,u_002698,sms,weekly_digest,opened
m_000007424,2026-02-02T20:03:53Z,u_000142,email,weight_loss_series,opened
m_000007425,2026-01-31T05:51:20Z,u_000668,sms,heart_health_month,sent
m_000007426,2026-01-31T06:25:58Z,u_004194,push,weight_loss_series,sent
m_000007427,2026-01-30T13:39:02Z,u_003736,sms,new_content_alert,opened
m_000007428,2026-01-30T16:03:12Z,u_001890,push,heart_health_month,sent
m_000007429,2026-01-31T16:33:42Z,u_002758,sms,sleep_challenge,sent
m_000007430,2026-01-31T04:14:30Z,u_004441,push,weight_loss_series,sent
m_000007431,2026-02-01T13:25:21Z,u_000660,email,heart_health_month,sent
m_000007432,2026-01-29T04:17:05Z,u_001254,email,heart_health_month,sent
m_000007433,2026-01-27T04:42:49Z,u_003636,push,weekly_digest,delivered
m_000007434,2026-01-28T05:23:18Z,u_003069,sms,sleep_challenge,clicked
m_000007435,2026-02-02T02:12:04Z,u_001432,sms,stress_relief_program,sent
m_000007436,2026-01-28T00:58:57Z,u_002928,push,new_content_alert,sent
m_000007437,2026-01-30T05:11:06Z,u_002855,email,weekly_digest,sent
m_000007438,2026-01-29T17:25:28Z,u_003780,email,weekly_digest,unsubscribed
m_000007439,2026-01-29T21:56:16Z,u_004915,email,weight_loss_series,delivered
m_000007440,2026-02-02T06:17:23Z,u_003442,sms,weight_loss_series,sent
m_000007441,2026-01-28T10:47:50Z,u_003725,push,weekly_digest,sent
m_000007442,2026-01-28T18:37:23Z,u_002370,push,heart_health_month,sent
m_000007443,2026-01-27T02:25:19Z,u_004844,push,stress_relief_program,opened
m_000007444,2026-02-01T13:23:42Z,u_004850,sms,stress_relief_program,sent
m_000007445,2026-01-29T20:38:56Z,u_001727,sms,weight_loss_series,sent
m_000007446,2026-02-02T07:22:00Z,u_003861,email,stress_relief_program,delivered
m_000007447,2026-01-31T23:11:11Z,u_002608,sms,new_content_alert,delivered
m_000007448,2026-01-29T08:34:18Z,u_000151,sms,weight_loss_series,sent
m_000007449,2026-01-29T06:35:51Z,u_001016,push,sleep_challenge,delivered
m_000007450,2026-01-31T12:43:24Z,u_001442,email,weekly_digest,sent
m_000007451,2026-01-27T04:02:01Z,u_003909,sms,new_content_alert,delivered
m_000007452,2026-01-26T22:06:57Z,u_000395,push,heart_health_month,delivered
m_000007453,2026-01-27T18:20:25Z,u_004858,push,weight_loss_series,sent
m_000007454,2026-01-28T21:59:58Z,u_001079,email,new_content_alert,opened
m_000007455,2026-01-27T03:01:40Z,u_004248,push,new_content_alert,delivered
m_000007456,2026-01-29T22:57:35Z,u_004826,sms,heart_health_month,sent
m_000007457,2026-02-02T10:54:00Z,u_004972,push,sleep_challenge,sent
m_000007458,2026-01-29T08:08:08Z,u_004828,email,new_content_alert,delivered
m_000007459,2026-01-31T02:47:12Z,u_004190,push,weekly_digest,delivered
m_000007460,2026-02-02T14:41:11Z,u_001986,sms,weight_loss_series,sent
m_000007461,2026-02-02T02:14:25Z,u_001765,sms,sleep_challenge,opened
m_000007462,2026-01-27T03:39:21Z,u_004488,push,heart_health_month,sent
m_000007463,2026-02-01T19:43:27Z,u_004388,email,new_content_alert,sent
m_000007464,2026-01-29T19:25:33Z,u_004707,email,stress_relief_program,delivered
m_000007465,2026-02-02T19:13:37Z,u_003387,sms,stress_relief_program,sent
m_000007466,2026-02-01T02:09:41Z,u_004164,push,weekly_digest,sent
m_000007467,2026-02-01T00:36:25Z,u_003573,sms,heart_health_month,sent
m_000007468,2026-01-29T21:22:07Z,u_001036,push,stress_relief_program,sent
m_000007469,2026-02-01T06:21:31Z,u_002286,email,weight_loss_series,delivered
m_000007470,2026-02-02T16:28:01Z,u_000130,sms,weight_loss_series,sent
m_000007471,2026-01-31T08:02:45Z,u_001677,push,weekly_digest,delivered
m_000007472,2026-01-28T20:45:01Z,u_002485,email,new_content_alert,sent
m_000007473,2026-02-02T04:53:33Z,u_004468,sms,new_content_alert,clicked
m_000007474,2026-01-27T13:34:08Z,u_003090,push,new_content_alert,opened
m_000007475,2026-01-29T14:14:24Z,u_003036,email,weight_loss_series,sent
m_000007476,2026-01-31T03:10:08Z,u_001861,email,weekly_digest,clicked
m_000007477,2026-01-30T00:29:12Z,u_003377,push,weekly_digest,delivered
m_000007478,2026-01-30T08:20:25Z,u_002448,sms,new_content_alert,delivered
m_000007479,2026-01-28T00:54:44Z,u_000119,sms,stress_relief_program,opened
m_000007480,2026-01-30T18:26:04Z,u_004502,push,weekly_digest,sent
m_000007481,2026-01-28T10:57:55Z,u_004438,sms,stress_relief_program,delivered
m_000007482,2026-01-28T06:09:34Z,u_001755,sms,weight_loss_series,unsubscribed
m_000007483,2026-01-28T01:48:24Z,u_001853,sms,weekly_digest,sent
m_000007484,2026-01-29T07:35:44Z,u_003818,sms,stress_relief_program,sent
m_000007485,2026-01-30T22:22:34Z,u_004340,push,heart_health_month,sent
m_000007486,2026-01-29T03:26:54Z,u_003623,sms,sleep_challenge,sent
m_000007487,2026-01-28T13:17:48Z,u_002064,sms,heart_health_month,sent
m_000007488,2026-02-02T15:22:00Z,u_004349,push,weekly_digest,sent
m_000007489,2026-01-30T09:09:12Z,u_001819,email,stress_relief_program,sent
m_000007490,2026-01-27T08:06:54Z,u_000733,push,heart_health_month,opened
m_000007491,2026-01-28T21:23:11Z,u_001838,sms,stress_relief_program,opened
m_000007492,2026-01-29T17:44:45Z,u_003029,sms,sleep_challenge,sent
m_000007493,2026-01-31T21:14:05Z,u_004812,sms,stress_relief_program,sent
m_000007494,2026-01-30T04:56:56Z,u_000184,sms,weekly_digest,sent
m_000007495,2026-02-02T00:32:13Z,u_002097,email,heart_health_month,sent
m_000007496,2026-01-27T03:54:46Z,u_002794,sms,stress_relief_program,sent
m_000007497,2026-01-28T23:15:36Z,u_001273,email,weekly_digest,sent
m_000007498,2026-01-30T04:40:24Z,u_003001,email,stress_relief_program,sent
m_000007499,2026-01-31T13:48:55Z,u_002398,sms,weekly_digest,delivered
m_000007500,2026-01-29T02:11:50Z,u_003162,sms,new_content_alert,delivered
m_000007501,2026-01-30T13:29:06Z,u_002766,email,heart_health_month,sent
m_000007502,2026-01-30T09:22:06Z,u_000610,email,sleep_challenge,clicked
m_000007503,2026-02-01T13:04:43Z,u_003502,sms,weight_loss_series,opened
m_000007504,2026-01-29T03:19:40Z,u_001996,email,sleep_challenge,delivered
m_000007505,2026-01-27T17:38:16Z,u_000512,sms,weekly_digest,clicked
m_000007506,2026-01-30T20:20:56Z,u_001589,push,weekly_digest,sent
m_000007507,2026-01-31T08:18:27Z,u_003265,push,weight_loss_series,sent
m_000007508,2026-02-02T02:42:49Z,u_003826,email,stress_relief_program,sent
m_000007509,2026-01-28T08:27:32Z,u_003473,push,weekly_digest,delivered
m_000007510,2026-01-30T05:30:47Z,u_001047,push,stress_relief_program,sent
m_000007511,2026-01-27T14:49:34Z,u_004462,email,heart_health_month,delivered
m_000007512,2026-01-30T08:35:02Z,u_002002,email,heart_health_month,sent
m_000007513,2026-01-30T21:54:55Z,u_002028,sms,weekly_digest,opened
m_000007514,2026-01-27T09:09:55Z,u_001852,sms,weight_loss_series,sent
m_000007515,2026-01-29T09:03:39Z,u_004909,sms,heart_health_month,opened
m_000007516,2026-01-27T13:52:07Z,u_002183,email,stress_relief_program,sent
m_000007517,2026-01-28T17:04:25Z,u_003774,email,weekly_digest,sent
m_000007518,2026-02-01T08:36:04Z,u_004418,push,weekly_digest,delivered
m_000007519,2026-01-29T20:37:05Z,u_004586,sms,new_content_alert,opened
m_000007520,2026-01-31T10:51:37Z,u_001502,email,new_content_alert,sent
m_000007521,2026-01-31T00:09:29Z,u_000598,sms,weight_loss_series,sent
m_000007522,2026-01-29T14:00:55Z,u_002805,email,sleep_challenge,sent
m_000007523,2026-02-02T10:12:45Z,u_002287,sms,weight_loss_series,sent
m_000007524,2026-01-30T17:09:31Z,u_001432,sms,weekly_digest,sent
m_000007525,2026-01-31T01:52:12Z,u_003351,sms,heart_health_month,opened
m_000007526,2026-02-01T13:59:15Z,u_003015,email,new_content_alert,sent
m_000007527,2026-01-31T11:58:26Z,u_002687,email,heart_health_month,sent
m_000007528,2026-01-27T12:38:21Z,u_001435,push,heart_health_month,sent
m_000007529,2026-02-01T20:12:44Z,u_001788,push,new_content_alert,sent
m_000007530,2026-02-02T08:56:17Z,u_004985,email,weekly_digest,sent
m_000007531,2026-01-28T09:43:35Z,u_002512,push,stress_relief_program,sent
m_000007532,2026-02-01T08:41:45Z,u_002029,email,new_content_alert,sent
m_000007533,2026-01-30T06:06:53Z,u_001762,email,heart_health_month,delivered
m_000007534,2026-01-29T03:06:05Z,u_004906,sms,new_content_alert,sent
m_000007535,2026-01-30T07:21:47Z,u_000347,email,weekly_digest,sent
m_000007536,2026-01-27T03:50:40Z,u_001957,sms,stress_relief_program,sent
m_000007537,2026-01-30T11:06:06Z,u_003013,sms,new_content_alert,sent
m_000007538,2026-02-01T03:10:13Z,u_002669,push,new_content_alert,opened
m_000007539,2026-02-02T08:39:35Z,u_003767,push,new_content_alert,sent
m_000007540,2026-01-30T13:27:49Z,u_002652,push,weight_loss_series,sent
m_000007541,2026-01-31T07:21:48Z,u_002534,push,heart_health_month,delivered
m_000007542,2026-02-02T17:57:32Z,u_004755,email,weekly_digest,sent
m_000007543,2026-01-29T11:15:43Z,u_004074,sms,heart_health_month,sent
m_000007544,2026-01-31T04:52:52Z,u_004398,sms,weekly_digest,sent
m_000007545,2026-02-02T04:08:21Z,u_004247,push,stress_relief_program,sent
m_000007546,2026-01-30T11:09:46Z,u_004293,email,stress_relief_program,sent
m_000007547,2026-01-29T07:05:53Z,u_003395,sms,stress_relief_program,delivered
m_000007548,2026-01-27T11:00:59Z,u_004109,sms,weight_loss_series,sent
m_000007549,2026-02-02T10:00:07Z,u_001335,push,new_content_alert,sent
m_000007550,2026-01-30T14:55:28Z,u_000416,sms,stress_relief_program,sent
m_000007551,2026-01-31T13:51:23Z,u_000486,email,stress_relief_program,opened
m_000007552,2026-01-27T18:43:31Z,u_003645,push,weight_loss_series,opened
m_000007553,2026-01-27T14:28:57Z,u_000912,sms,heart_health_month,sent
m_000007554,2026-02-02T14:38:58Z,u_003380,sms,weekly_digest,delivered
m_000007555,2026-01-28T04:15:51Z,u_003775,push,weight_loss_series,sent
m_000007556,2026-01-30T02:16:42Z,u_002601,push,weight_loss_series,sent
m_000007557,2026-01-29T17:56:09Z,u_000905,push,weight_loss_series,opened
m_000007558,2026-01-30T04:01:43Z,u_000090,email,weekly_digest,sent
m_000007559,2026-01-27T01:15:58Z,u_001872,sms,sleep_challenge,sent
m_000007560,2026-01-30T17:52:57Z,u_004087,email,new_content_alert,sent
m_000007561,2026-02-01T15:02:02Z,u_004746,email,weight_loss_series,sent
m_000007562,2026-01-31T23:30:11Z,u_001099,email,weekly_digest,delivered
m_000007563,2026-01-30T03:06:13Z,u_000372,email,new_content_alert,delivered
m_000007564,2026-01-27T16:03:26Z,u_000697,email,sleep_challenge,opened
m_000007565,2026-01-31T18:43:32Z,u_003113,sms,heart_health_month,sent
m_000007566,2026-01-27T00:13:51Z,u_002217,sms,heart_health_month,delivered
m_000007567,2026-01-29T17:14:28Z,u_001692,sms,weight_loss_series,opened
m_000007568,2026-02-02T17:27:55Z,u_004078,sms,weekly_digest,clicked
m_000007569,2026-01-27T20:36:06Z,u_004512,sms,weight_loss_series,delivered
m_000007570,2026-02-01T21:14:43Z,u_001766,push,new_content_alert,sent
m_000007571,2026-02-01T16:19:59Z,u_001824,email,heart_health_month,sent
m_000007572,2026-02-02T16:39:01Z,u_001187,email,stress_relief_program,sent
m_000007573,2026-01-30T21:39:05Z,u_001631,push,weekly_digest,sent
m_000007574,2026-01-28T10:26:28Z,u_004276,sms,new_content_alert,opened
m_000007575,2026-01-30T23:18:24Z,u_003006,push,stress_relief_program,sent
m_000007576,2026-01-27T12:29:23Z,u_001034,email,new_content_alert,sent
m_000007577,2026-01-29T04:43:59Z,u_002937,push,weight_loss_series,delivered
m_000007578,2026-01-27T16:44:52Z,u_004189,email,weight_loss_series,sent
m_000007579,2026-02-01T00:51:38Z,u_003488,sms,weight_loss_series,sent
m_000007580,2026-01-27T20:32:55Z,u_000807,push,weight_loss_series,sent
m_000007581,2026-02-01T23:23:45Z,u_002026,sms,stress_relief_program,sent
m_000007582,2026-01-27T18:44:09Z,u_002414,email,new_content_alert,sent
m_000007583,2026-01-30T12:54:20Z,u_003797,email,stress_relief_program,opened
m_000007584,2026-01-27T23:23:02Z,u_000047,sms,new_content_alert,sent
m_000007585,2026-01-26T22:37:35Z,u_003190,email,new_content_alert,sent
m_000007586,2026-01-26T20:33:28Z,u_003884,email,heart_health_month,sent
m_000007587,2026-01-27T17:48:11Z,u_004110,sms,weight_loss_series,sent
m_000007588,2026-01-28T03:52:58Z,u_004870,sms,weekly_digest,sent
m_000007589,2026-01-30T12:04:19Z,u_003392,email,stress_relief_program,delivered
m_000007590,2026-01-27T19:00:24Z,u_004155,push,weight_loss_series,sent
m_000007591,2026-01-28T07:30:53Z,u_001127,email,stress_relief_program,delivered
m_000007592,2026-01-27T13:51:20Z,u_001159,sms,weight_loss_series,sent
m_000007593,2026-01-30T10:25:58Z,u_001070,push,sleep_challenge,sent
m_000007594,2026-02-01T01:28:32Z,u_002800,sms,heart_health_month,sent
m_000007595,2026-01-28T11:32:34Z,u_002578,email,weight_loss_series,clicked
m_000007596,2026-01-29T19:27:53Z,u_000313,push,stress_relief_program,sent
m_000007597,2026-02-02T07:03:36Z,u_000160,email,sleep_challenge,sent
m_000007598,2026-02-01T16:44:59Z,u_004287,push,weight_loss_series,delivered
m_000007599,2026-01-26T23:58:38Z,u_002231,sms,sleep_challenge,opened
m_000007600,2026-01-28T19:02:24Z,u_003704,push,weight_loss_series,sent
m_000007601,2026-02-02T03:44:18Z,u_002846,push,sleep_challenge,sent
m_000007602,2026-01-28T23:14:11Z,u_000972,push,heart_health_month,sent
m_000007603,2026-02-01T21:08:10Z,u_000239,sms,weight_loss_series,opened
m_000007604,2026-02-02T07:56:55Z,u_001208,sms,stress_relief_program,opened
m_000007605,2026-01-31T03:43:08Z,u_003300,push,sleep_challenge,sent
m_000007606,2026-02-01T18:11:55Z,u_004697,sms,heart_health_month,clicked
m_000007607,2026-01-31T08:17:47Z,u_000366,email,new_content_alert,clicked
m_000007608,2026-01-29T00:12:01Z,u_002956,push,weight_loss_series,sent
m_000007609,2026-01-30T23:39:09Z,u_003376,sms,weekly_digest,sent
m_000007610,2026-01-29T13:31:43Z,u_001306,push,heart_health_month,delivered
m_000007611,2026-02-02T12:35:51Z,u_000907,email,new_content_alert,delivered
m_000007612,2026-01-29T02:18:03Z,u_002047,push,weekly_digest,clicked
m_000007613,2026-01-30T12:51:12Z,u_000981,sms,weight_loss_series,sent
m_000007614,2026-01-30T03:55:22Z,u_004651,email,new_content_alert,delivered
m_000007615,2026-01-30T02:38:33Z,u_000335,push,weekly_digest,opened
m_000007616,2026-01-27T10:10:41Z,u_002568,push,weekly_digest,sent
m_000007617,2026-01-31T04:26:14Z,u_004394,email,new_content_alert,delivered
m_000007618,2026-01-26T20:21:33Z,u_000591,push,new_content_alert,sent
m_000007619,2026-02-01T23:02:53Z,u_003057,email,weight_loss_series,sent
m_000007620,2026-01-29T13:01:37Z,u_003575,push,sleep_challenge,sent
m_000007621,2026-02-01T10:32:26Z,u_002579,email,weekly_digest,sent
m_000007622,2026-02-02T18:34:28Z,u_000605,email,weight_loss_series,sent
m_000007623,2026-01-28T17:24:24Z,u_003592,sms,sleep_challenge,opened
m_000007624,2026-02-02T14:32:59Z,u_000829,push,weight_loss_series,sent
m_000007625,2026-01-31T02:44:34Z,u_001774,push,heart_health_month,delivered
m_000007626,2026-01-30T16:14:30Z,u_004308,push,stress_relief_program,delivered
m_000007627,2026-01-30T17:05:02Z,u_004249,push,heart_health_month,delivered
m_000007628,2026-01-30T21:50:53Z,u_002490,email,heart_health_month,sent
m_000007629,2026-01-28T21:24:14Z,u_003191,push,weekly_digest,delivered
m_000007630,2026-01-29T20:59:38Z,u_004649,email,new_content_alert,sent
m_000007631,2026-01-29T19:24:18Z,u_004870,push,weekly_digest,sent
m_000007632,2026-01-29T04:43:16Z,u_003134,sms,stress_relief_program,sent
m_000007633,2026-01-31T08:51:15Z,u_002170,push,new_content_alert,sent
m_000007634,2026-01-31T18:10:14Z,u_004823,email,new_content_alert,sent
m_000007635,2026-01-27T11:16:20Z,u_000113,sms,new_content_alert,sent
m_000007636,2026-02-01T18:49:39Z,u_000822,push,sleep_challenge,sent
m_000007637,2026-01-27T13:28:43Z,u_000464,email,weight_loss_series,delivered
m_000007638,2026-02-02T17:13:26Z,u_004068,email,weekly_digest,sent
m_000007639,2026-01-29T08:59:56Z,u_000815,sms,weekly_digest,sent
m_000007640,2026-02-02T09:32:02Z,u_001938,push,stress_relief_program,delivered
m_000007641,2026-02-01T01:09:05Z,u_004086,sms,new_content_alert,opened
m_000007642,2026-01-27T12:05:39Z,u_004645,sms,new_content_alert,delivered
m_000007643,2026-01-29T12:08:35Z,u_003510,push,stress_relief_program,sent
m_000007644,2026-01-27T00:20:50Z,u_004067,sms,new_content_alert,delivered
m_000007645,2026-01-30T00:47:32Z,u_004442,email,weight_loss_series,delivered
m_000007646,2026-02-02T10:05:46Z,u_001590,sms,heart_health_month,sent
m_000007647,2026-01-28T01:43:56Z,u_004068,sms,weight_loss_series,sent
m_000007648,2026-01-29T06:53:22Z,u_004486,sms,weekly_digest,delivered
m_000007649,2026-01-29T00:44:15Z,u_002984,email,sleep_challenge,delivered
m_000007650,2026-01-30T21:47:42Z,u_002349,email,new_content_alert,sent
m_000007651,2026-01-30T14:46:26Z,u_000783,push,weight_loss_series,sent
m_000007652,2026-02-01T08:27:39Z,u_001081,email,weekly_digest,sent
m_000007653,2026-02-01T03:05:24Z,u_003928,email,heart_health_month,sent
m_000007654,2026-01-31T15:13:51Z,u_003526,push,heart_health_month,sent
m_000007655,2026-01-29T21:29:57Z,u_004147,email,stress_relief_program,sent
m_000007656,2026-01-28T22:57:28Z,u_001321,push,heart_health_month,delivered
m_000007657,2026-02-01T04:35:33Z,u_004524,sms,stress_relief_program,delivered
m_000007658,2026-01-29T13:23:55Z,u_003402,push,heart_health_month,sent
m_000007659,2026-02-02T09:06:58Z,u_002768,push,heart_health_month,opened
m_000007660,2026-02-01T01:37:24Z,u_000808,sms,weekly_digest,opened
m_000007661,2026-02-01T09:34:15Z,u_001526,push,weekly_digest,delivered
m_000007662,2026-01-28T17:06:43Z,u_002613,push,weekly_digest,delivered
m_000007663,2026-01-30T17:14:20Z,u_000322,email,weight_loss_series,sent
m_000007664,2026-01-31T21:11:26Z,u_003275,sms,new_content_alert,sent
m_000007665,2026-02-01T09:42:18Z,u_004043,email,weight_loss_series,delivered
m_000007666,2026-02-01T01:05:50Z,u_003725,push,heart_health_month,delivered
m_000007667,2026-01-27T19:15:27Z,u_003066,email,new_content_alert,sent
m_000007668,2026-01-27T12:47:21Z,u_002647,push,stress_relief_program,sent
m_000007669,2026-02-01T19:18:22Z,u_001966,sms,heart_health_month,delivered
m_000007670,2026-02-02T06:22:33Z,u_003801,push,weight_loss_series,opened
m_000007671,2026-01-30T09:24:34Z,u_000997,push,heart_health_month,unsubscribed
m_000007672,2026-01-31T15:11:47Z,u_003735,sms,stress_relief_program,opened
m_000007673,2026-01-31T03:53:59Z,u_003789,sms,new_content_alert,sent
m_000007674,2026-02-01T11:38:37Z,u_003363,email,sleep_challenge,sent
m_000007675,2026-01-30T15:53:17Z,u_003515,email,new_content_alert,sent
m_000007676,2026-01-30T18:49:08Z,u_000426,sms,sleep_challenge,sent
m_000007677,2026-02-01T13:45:53Z,u_003663,sms,sleep_challenge,delivered
m_000007678,2026-01-31T22:52:42Z,u_004662,email,stress_relief_program,sent
m_000007679,2026-02-01T00:59:46Z,u_002102,email,heart_health_month,sent
m_000007680,2026-01-31T17:32:42Z,u_002232,push,sleep_challenge,sent
m_000007681,2026-01-29T06:13:21Z,u_002261,push,heart_health_month,delivered
m_000007682,2026-01-26T21:50:43Z,u_000763,sms,weight_loss_series,sent
m_000007683,2026-01-27T07:32:26Z,u_002888,sms,heart_health_month,sent
m_000007684,2026-02-01T14:46:15Z,u_003015,email,weekly_digest,delivered
m_000007685,2026-01-29T14:52:38Z,u_000147,email,heart_health_month,opened
m_000007686,2026-01-29T15:11:40Z,u_002426,sms,weight_loss_series,clicked
m_000007687,2026-02-02T04:49:47Z,u_003050,email,weight_loss_series,unsubscribed
m_000007688,2026-01-28T01:27:43Z,u_003090,sms,sleep_challenge,sent
m_000007689,2026-01-29T02:09:04Z,u_004532,sms,new_content_alert,opened
m_000007690,2026-01-31T03:45:40Z,u_001518,push,sleep_challenge,sent
m_000007691,2026-01-29T13:11:32Z,u_003541,push,weekly_digest,sent
m_000007692,2026-01-28T15:42:14Z,u_003011,push,sleep_challenge,opened
m_000007693,2026-02-02T02:33:56Z,u_001669,sms,weekly_digest,opened
m_000007694,2026-02-01T20:09:32Z,u_001773,sms,weekly_digest,clicked
m_000007695,2026-01-27T15:18:14Z,u_000467,email,new_content_alert,sent
m_000007696,2026-01-28T17:07:56Z,u_003951,sms,new_content_alert,sent
m_000007697,2026-02-02T13:59:27Z,u_002491,email,stress_relief_program,sent
m_000007698,2026-01-29T18:20:36Z,u_002925,email,stress_relief_program,delivered
m_000007699,2026-01-31T17:12:14Z,u_003014,email,heart_health_month,sent
m_000007700,2026-02-02T08:37:46Z,u_004456,push,heart_health_month,opened
m_000007701,2026-02-01T16:49:40Z,u_001820,sms,sleep_challenge,delivered
m_000007702,2026-01-30T21:37:47Z,u_001966,email,new_content_alert,sent
m_000007703,2026-02-02T18:37:15Z,u_004045,sms,new_content_alert,delivered
m_000007704,2026-01-28T19:34:28Z,u_002129,sms,weekly_digest,delivered
m_000007705,2026-01-30T07:50:38Z,u_002501,push,new_content_alert,sent
m_000007706,2026-01-27T09:41:30Z,u_000138,push,weekly_digest,clicked
m_000007707,2026-01-28T02:14:16Z,u_004909,push,weekly_digest,delivered
m_000007708,2026-01-31T14:04:14Z,u_004143,sms,sleep_challenge,sent
m_000007709,2026-01-27T14:39:42Z,u_004790,email,weekly_digest,sent
m_000007710,2026-01-27T16:25:30Z,u_001519,sms,heart_health_month,delivered
m_000007711,2026-01-29T21:41:51Z,u_002203,push,stress_relief_program,clicked
m_000007712,2026-02-01T11:01:55Z,u_002177,push,heart_health_month,sent
m_000007713,2026-01-27T15:06:15Z,u_003107,sms,weekly_digest,sent
m_000007714,2026-01-31T03:01:12Z,u_004016,push,weekly_digest,sent
m_000007715,2026-01-31T13:53:01Z,u_004851,sms,weekly_digest,delivered
m_000007716,2026-01-29T08:56:39Z,u_004063,sms,weekly_digest,sent
m_000007717,2026-01-29T19:17:13Z,u_000046,email,stress_relief_program,sent
m_000007718,2026-01-28T11:39:34Z,u_002554,email,heart_health_month,delivered
m_000007719,2026-01-28T00:44:32Z,u_000296,sms,sleep_challenge,sent
m_000007720,2026-02-02T05:32:37Z,u_002562,push,stress_relief_program,delivered
m_000007721,2026-01-28T14:28:59Z,u_001710,push,stress_relief_program,sent
m_000007722,2026-01-30T10:45:40Z,u_002040,sms,new_content_alert,sent
m_000007723,2026-01-28T06:44:11Z,u_003208,email,new_content_alert,unsubscribed
m_000007724,2026-01-27T06:53:45Z,u_002790,push,new_content_alert,clicked
m_000007725,2026-01-28T20:27:18Z,u_003199,email,stress_relief_program,opened
m_000007726,2026-01-30T09:45:25Z,u_004429,push,stress_relief_program,delivered
m_000007727,2026-01-29T11:55:31Z,u_003000,sms,sleep_challenge,opened
m_000007728,2026-02-02T08:24:13Z,u_003308,push,weekly_digest,opened
m_000007729,2026-02-01T18:39:11Z,u_000053,push,heart_health_month,opened
m_000007730,2026-01-30T17:48:16Z,u_002311,email,heart_health_month,delivered
m_000007731,2026-01-30T13:44:18Z,u_000766,sms,weekly_digest,clicked
m_000007732,2026-02-02T10:06:52Z,u_002364,sms,sleep_challenge,sent
m_000007733,2026-02-02T08:36:06Z,u_003552,email,new_content_alert,sent
m_000007734,2026-01-28T22:59:29Z,u_001833,sms,heart_health_month,sent
m_000007735,2026-02-01T11:31:33Z,u_004639,email,stress_relief_program,sent
m_000007736,2026-02-01T23:04:08Z,u_001085,email,stress_relief_program,sent
m_000007737,2026-01-27T05:44:57Z,u_000823,email,sleep_challenge,delivered
m_000007738,2026-01-30T11:57:33Z,u_000583,sms,new_content_alert,sent
m_000007739,2026-02-01T07:20:28Z,u_001896,sms,weekly_digest,clicked
m_000007740,2026-01-27T07:13:11Z,u_001446,email,weight_loss_series,sent
m_000007741,2026-01-27T11:40:06Z,u_000981,sms,weight_loss_series,sent
m_000007742,2026-01-27T01:55:37Z,u_000783,email,sleep_challenge,sent
m_000007743,2026-01-30T09:43:21Z,u_001636,email,sleep_challenge,sent
m_000007744,2026-01-28T18:25:49Z,u_003124,email,new_content_alert,sent
m_000007745,2026-01-30T20:52:51Z,u_004538,email,new_content_alert,sent
m_000007746,2026-01-27T04:57:13Z,u_004385,push,new_content_alert,sent
m_000007747,2026-01-31T11:24:20Z,u_001628,sms,new_content_alert,delivered
m_000007748,2026-01-31T02:04:19Z,u_004737,push,new_content_alert,opened
m_000007749,2026-02-01T13:36:28Z,u_001998,sms,sleep_challenge,sent
m_000007750,2026-01-27T21:38:53Z,u_004834,sms,sleep_challenge,clicked
m_000007751,2026-01-28T06:17:09Z,u_004378,push,weekly_digest,sent
m_000007752,2026-01-27T19:15:38Z,u_004884,sms,weight_loss_series,sent
m_000007753,2026-02-01T05:54:26Z,u_004081,email,new_content_alert,sent
m_000007754,2026-02-01T19:10:21Z,u_004327,sms,sleep_challenge,sent
m_000007755,2026-01-26T22:44:03Z,u_000629,sms,weight_loss_series,sent
m_000007756,2026-01-31T19:20:17Z,u_002195,push,new_content_alert,delivered
m_000007757,2026-02-01T17:59:44Z,u_000549,email,heart_health_month,sent
m_000007758,2026-01-29T23:53:39Z,u_002084,sms,weight_loss_series,sent
m_000007759,2026-01-29T15:17:57Z,u_000662,push,heart_health_month,delivered
m_000007760,2026-01-28T23:24:04Z,u_004169,push,weekly_digest,sent
m_000007761,2026-01-29T01:20:40Z,u_003565,sms,weekly_digest,sent
m_000007762,2026-01-29T20:17:04Z,u_002913,sms,heart_health_month,opened
m_000007763,2026-01-31T02:25:35Z,u_002957,email,weight_loss_series,sent
m_000007764,2026-01-27T16:42:29Z,u_004880,email,heart_health_month,sent
m_000007765,2026-01-27T04:18:51Z,u_003075,email,weight_loss_series,delivered
m_000007766,2026-02-01T12:42:08Z,u_004410,email,weekly_digest,sent
m_000007767,2026-01-31T04:12:53Z,u_000175,email,new_content_alert,clicked
m_000007768,2026-02-02T19:42:34Z,u_000103,email,sleep_challenge,sent
m_000007769,2026-01-31T22:32:53Z,u_001471,push,weekly_digest,sent
m_000007770,2026-01-28T12:34:29Z,u_003091,email,weekly_digest,sent
m_000007771,2026-02-02T16:12:35Z,u_002241,push,stress_relief_program,opened
m_000007772,2026-01-31T01:24:30Z,u_002392,push,heart_health_month,sent
m_000007773,2026-02-02T11:03:19Z,u_003179,sms,weight_loss_series,sent
m_000007774,2026-02-02T04:01:53Z,u_004275,sms,stress_relief_program,sent
m_000007775,2026-02-02T19:15:59Z,u_004632,email,heart_health_month,delivered
m_000007776,2026-01-31T19:00:59Z,u_001861,push,weight_loss_series,sent
m_000007777,2026-01-27T15:59:28Z,u_000994,sms,new_content_alert,sent
m_000007778,2026-01-29T15:52:27Z,u_003692,email,new_content_alert,sent
m_000007779,2026-01-30T16:05:06Z,u_004544,sms,heart_health_month,opened
m_000007780,2026-01-29T17:22:05Z,u_001661,push,heart_health_month,opened
m_000007781,2026-02-02T12:39:58Z,u_003412,sms,stress_relief_program,delivered
m_000007782,2026-01-28T20:44:10Z,u_000755,sms,sleep_challenge,sent
m_000007783,2026-01-27T06:06:02Z,u_003613,push,weight_loss_series,delivered
m_000007784,2026-02-01T16:04:32Z,u_003469,push,heart_health_month,delivered
m_000007785,2026-02-02T20:10:14Z,u_000103,push,heart_health_month,opened
m_000007786,2026-01-29T13:11:43Z,u_002145,email,new_content_alert,sent
m_000007787,2026-02-01T07:42:05Z,u_004743,email,weight_loss_series,sent
m_000007788,2026-01-29T17:04:49Z,u_002462,sms,sleep_challenge,sent
m_000007789,2026-01-29T05:44:08Z,u_000663,sms,sleep_challenge,sent
m_000007790,2026-01-31T00:47:57Z,u_002687,email,stress_relief_program,delivered
m_000007791,2026-01-27T02:00:36Z,u_004010,push,weight_loss_series,sent
m_000007792,2026-02-02T17:27:15Z,u_003133,sms,weekly_digest,sent
m_000007793,2026-01-28T02:06:40Z,u_001524,sms,weight_loss_series,opened
m_000007794,2026-02-01T21:16:41Z,u_000851,sms,sleep_challenge,sent
m_000007795,2026-02-02T09:44:03Z,u_004135,email,sleep_challenge,delivered
m_000007796,2026-01-28T18:40:55Z,u_002250,push,new_content_alert,sent
m_000007797,2026-01-29T12:38:20Z,u_000267,email,sleep_challenge,sent
m_000007798,2026-02-01T03:20:14Z,u_002927,email,sleep_challenge,delivered
m_000007799,2026-01-29T22:44:01Z,u_003515,email,new_content_alert,opened
m_000007800,2026-01-29T17:30:18Z,u_000371,sms,sleep_challenge,delivered
m_000007801,2026-01-26T23:18:26Z,u_000641,push,sleep_challenge,sent
m_000007802,2026-01-27T11:06:48Z,u_000075,email,weight_loss_series,opened
m_000007803,2026-01-28T21:13:13Z,u_000041,sms,sleep_challenge,sent
m_000007804,2026-01-28T11:00:39Z,u_000912,sms,sleep_challenge,delivered
m_000007805,2026-01-27T04:07:38Z,u_002609,push,sleep_challenge,sent
m_000007806,2026-02-01T13:29:54Z,u_000049,push,sleep_challenge,sent
m_000007807,2026-01-26T21:02:29Z,u_000361,email,stress_relief_program,delivered
m_000007808,2026-01-26T21:41:51Z,u_002340,sms,heart_health_month,opened
m_000007809,2026-01-28T13:42:31Z,u_003460,push,weekly_digest,sent
m_000007810,2026-01-29T22:00:06Z,u_002949,email,sleep_challenge,opened
m_000007811,2026-01-27T23:20:27Z,u_004628,sms,weight_loss_series,sent
m_000007812,2026-02-01T15:10:44Z,u_004403,email,new_content_alert,sent
m_000007813,2026-01-28T07:58:06Z,u_003200,sms,sleep_challenge,sent
m_000007814,2026-01-29T21:41:10Z,u_000508,email,sleep_challenge,delivered
m_000007815,2026-02-01T00:07:49Z,u_000804,sms,weight_loss_series,sent
m_000007816,2026-01-28T08:29:51Z,u_002154,sms,stress_relief_program,sent
m_000007817,2026-01-29T16:21:35Z,u_002446,email,weight_loss_series,delivered
m_000007818,2026-01-28T04:56:18Z,u_002859,sms,stress_relief_program,sent
m_000007819,2026-02-02T01:19:21Z,u_002816,push,stress_relief_program,opened
m_000007820,2026-01-29T23:56:58Z,u_001198,sms,heart_health_month,sent
m_000007821,2026-02-01T02:29:07Z,u_004858,email,new_content_alert,sent
m_000007822,2026-01-30T21:43:47Z,u_002939,sms,weekly_digest,sent
m_000007823,2026-01-28T13:10:10Z,u_001004,sms,stress_relief_program,sent
m_000007824,2026-01-29T17:51:27Z,u_002534,push,heart_health_month,delivered
m_000007825,2026-01-29T02:15:54Z,u_002399,push,sleep_challenge,sent
m_000007826,2026-02-01T03:25:21Z,u_001665,email,weekly_digest,delivered
m_000007827,2026-01-31T07:41:03Z,u_002022,push,new_content_alert,delivered
m_000007828,2026-02-02T08:02:35Z,u_003849,sms,stress_relief_program,sent
m_000007829,2026-02-02T09:42:33Z,u_004442,sms,stress_relief_program,sent
m_000007830,2026-02-02T15:28:54Z,u_000925,push,sleep_challenge,delivered
m_000007831,2026-01-31T05:25:08Z,u_003813,sms,weekly_digest,opened
m_000007832,2026-01-31T18:04:31Z,u_000897,email,weight_loss_series,sent
m_000007833,2026-01-30T05:12:08Z,u_004282,sms,sleep_challenge,unsubscribed
m_000007834,2026-02-01T21:50:20Z,u_000240,email,sleep_challenge,sent
m_000007835,2026-01-31T07:02:23Z,u_000276,sms,heart_health_month,delivered
m_000007836,2026-02-02T03:11:16Z,u_002736,sms,new_content_alert,sent
m_000007837,2026-01-30T18:52:01Z,u_003762,push,weekly_digest,delivered
m_000007838,2026-01-27T01:29:32Z,u_004069,sms,heart_health_month,sent
m_000007839,2026-01-31T20:13:24Z,u_000331,push,heart_health_month,sent
m_000007840,2026-02-01T23:27:03Z,u_004676,email,new_content_alert,delivered
m_000007841,2026-01-27T23:52:14Z,u_002292,push,weekly_digest,sent
m_000007842,2026-01-27T00:40:36Z,u_004375,email,weight_loss_series,delivered
m_000007843,2026-01-30T01:50:37Z,u_000225,push,new_content_alert,sent
m_000007844,2026-02-02T10:34:34Z,u_004054,sms,weight_loss_series,sent
m_000007845,2026-01-30T00:24:15Z,u_002702,email,weekly_digest,sent
m_000007846,2026-02-01T15:31:58Z,u_001577,sms,weekly_digest,sent
m_000007847,2026-01-30T02:10:19Z,u_001647,email,weekly_digest,delivered
m_000007848,2026-01-27T11:33:21Z,u_000279,push,weekly_digest,clicked
m_000007849,2026-01-31T07:11:23Z,u_002429,email,heart_health_month,sent
m_000007850,2026-01-31T21:19:39Z,u_001114,sms,heart_health_month,sent
m_000007851,2026-01-31T18:50:23Z,u_003764,push,weekly_digest,delivered
m_000007852,2026-02-02T15:14:26Z,u_001267,sms,sleep_challenge,sent
m_000007853,2026-01-26T21:47:31Z,u_004736,push,heart_health_month,sent
m_000007854,2026-02-02T13:52:12Z,u_004783,email,stress_relief_program,clicked
m_000007855,2026-02-01T22:51:02Z,u_003662,sms,heart_health_month,sent
m_000007856,2026-01-27T05:13:50Z,u_000190,push,weight_loss_series,delivered
m_000007857,2026-01-29T01:15:37Z,u_002983,push,weekly_digest,sent
m_000007858,2026-01-31T22:17:57Z,u_001794,sms,sleep_challenge,sent
m_000007859,2026-01-28T02:30:43Z,u_004988,sms,weight_loss_series,sent
m_000007860,2026-01-30T16:43:55Z,u_004085,sms,new_content_alert,sent
m_000007861,2026-02-02T01:10:23Z,u_004375,push,heart_health_month,opened
m_000007862,2026-01-27T02:09:24Z,u_000369,push,heart_health_month,delivered
m_000007863,2026-02-01T22:58:43Z,u_002583,sms,heart_health_month,delivered
m_000007864,2026-01-27T10:57:20Z,u_003846,email,sleep_challenge,sent
m_000007865,2026-01-31T23:18:45Z,u_002956,push,weight_loss_series,clicked
m_000007866,2026-01-29T16:08:27Z,u_003643,sms,stress_relief_program,sent
m_000007867,2026-01-28T06:31:16Z,u_001365,sms,new_content_alert,clicked
m_000007868,2026-01-27T02:17:04Z,u_002698,push,new_content_alert,sent
m_000007869,2026-01-29T00:38:13Z,u_003437,email,heart_health_month,clicked
m_000007870,2026-02-01T02:24:31Z,u_004605,email,weekly_digest,clicked
m_000007871,2026-01-28T01:42:03Z,u_001502,push,heart_health_month,delivered
m_000007872,2026-01-30T08:22:36Z,u_000788,push,new_content_alert,sent
m_000007873,2026-01-27T21:42:38Z,u_003607,sms,weekly_digest,delivered
m_000007874,2026-01-27T09:01:20Z,u_003304,push,weekly_digest,sent
m_000007875,2026-01-30T21:05:51Z,u_001664,push,heart_health_month,sent
m_000007876,2026-02-02T16:44:13Z,u_000279,email,weight_loss_series,sent
m_000007877,2026-01-30T04:01:57Z,u_000485,push,new_content_alert,sent
m_000007878,2026-01-28T08:32:24Z,u_004978,email,weight_loss_series,clicked
m_000007879,2026-01-28T23:29:51Z,u_001215,email,stress_relief_program,delivered
m_000007880,2026-01-27T06:25:17Z,u_001460,sms,sleep_challenge,sent
m_000007881,2026-01-27T20:39:24Z,u_004370,email,weekly_digest,sent
m_000007882,2026-01-29T14:15:48Z,u_001654,sms,sleep_challenge,sent
m_000007883,2026-01-29T15:05:23Z,u_004915,push,sleep_challenge,sent
m_000007884,2026-01-27T16:30:07Z,u_003821,email,sleep_challenge,sent
m_000007885,2026-01-31T12:17:04Z,u_001014,email,stress_relief_program,sent
m_000007886,2026-01-30T10:42:49Z,u_003228,email,sleep_challenge,sent
m_000007887,2026-02-02T10:05:35Z,u_000353,push,heart_health_month,opened
m_000007888,2026-01-29T18:52:17Z,u_003466,email,heart_health_month,sent
m_000007889,2026-01-31T06:16:19Z,u_001717,sms,weight_loss_series,sent
m_000007890,2026-01-29T01:29:16Z,u_002798,sms,heart_health_month,delivered
m_000007891,2026-02-01T11:45:36Z,u_001818,sms,stress_relief_program,delivered
m_000007892,2026-02-02T19:16:10Z,u_000603,push,new_content_alert,delivered
m_000007893,2026-02-01T23:04:55Z,u_002056,email,heart_health_month,delivered
m_000007894,2026-02-01T12:08:56Z,u_000762,sms,weight_loss_series,delivered
m_000007895,2026-01-27T09:54:01Z,u_000184,email,weight_loss_series,delivered
m_000007896,2026-02-02T18:15:49Z,u_001412,push,weight_loss_series,opened
m_000007897,2026-01-30T18:21:07Z,u_002945,push,sleep_challenge,delivered
m_000007898,2026-01-29T01:56:10Z,u_000503,push,new_content_alert,sent
m_000007899,2026-01-31T13:33:15Z,u_004714,email,sleep_challenge,clicked
m_000007900,2026-01-27T19:53:28Z,u_002582,email,heart_health_month,clicked
m_000007901,2026-01-30T10:54:10Z,u_002971,sms,weekly_digest,sent
m_000007902,2026-01-27T04:51:18Z,u_003987,email,weight_loss_series,opened
m_000007903,2026-01-31T04:06:33Z,u_003540,sms,weight_loss_series,delivered
m_000007904,2026-01-28T02:15:11Z,u_001554,sms,stress_relief_program,opened
m_000007905,2026-02-01T13:15:07Z,u_003287,push,weight_loss_series,delivered
m_000007906,2026-01-31T07:41:38Z,u_003373,email,new_content_alert,sent
m_000007907,2026-02-01T05:45:30Z,u_004266,sms,new_content_alert,sent
m_000007908,2026-02-01T15:50:22Z,u_003125,email,stress_relief_program,opened
m_000007909,2026-02-01T17:16:01Z,u_001985,push,heart_health_month,opened
m_000007910,2026-01-29T13:53:52Z,u_001365,email,sleep_challenge,sent
m_000007911,2026-01-31T14:29:24Z,u_001974,email,sleep_challenge,sent
m_000007912,2026-02-01T12:53:56Z,u_002294,push,heart_health_month,delivered
m_000007913,2026-02-02T00:34:51Z,u_002948,email,stress_relief_program,sent
m_000007914,2026-01-31T20:02:15Z,u_003964,sms,heart_health_month,sent
m_000007915,2026-01-29T20:56:14Z,u_004054,sms,new_content_alert,sent
m_000007916,2026-01-30T23:13:30Z,u_003784,email,weight_loss_series,sent
m_000007917,2026-01-28T11:37:10Z,u_004972,sms,new_content_alert,sent
m_000007918,2026-01-31T01:14:19Z,u_001459,sms,stress_relief_program,sent
m_000007919,2026-02-02T17:00:16Z,u_000532,email,weight_loss_series,sent
m_000007920,2026-01-30T18:57:29Z,u_001472,sms,weight_loss_series,sent
m_000007921,2026-01-27T00:40:43Z,u_001299,sms,heart_health_month,delivered
m_000007922,2026-01-29T00:06:14Z,u_004429,email,new_content_alert,delivered
m_000007923,2026-01-29T19:58:40Z,u_000072,push,weight_loss_series,sent
m_000007924,2026-01-28T15:40:40Z,u_004445,email,weight_loss_series,delivered
m_000007925,2026-01-28T11:49:32Z,u_002266,email,sleep_challenge,sent
m_000007926,2026-02-01T08:27:41Z,u_001720,sms,sleep_challenge,clicked
m_000007927,2026-01-29T18:13:43Z,u_002046,push,sleep_challenge,delivered
m_000007928,2026-01-28T20:10:20Z,u_002510,email,sleep_challenge,delivered
m_000007929,2026-01-30T19:00:53Z,u_001951,push,sleep_challenge,sent
m_000007930,2026-01-31T16:42:47Z,u_001327,email,weight_loss_series,opened
m_000007931,2026-01-31T02:41:39Z,u_001147,email,new_content_alert,sent
m_000007932,2026-01-27T14:15:11Z,u_004479,sms,weight_loss_series,sent
m_000007933,2026-01-30T05:22:39Z,u_003395,sms,new_content_alert,delivered
m_000007934,2026-01-27T05:21:32Z,u_001471,push,heart_health_month,sent
m_000007935,2026-01-26T22:10:58Z,u_004142,email,sleep_challenge,opened
m_000007936,2026-02-01T02:57:08Z,u_000630,email,sleep_challenge,sent
m_000007937,2026-02-02T19:28:55Z,u_003800,push,sleep_challenge,sent
m_000007938,2026-01-29T22:59:06Z,u_003849,email,weekly_digest,sent
m_000007939,2026-01-27T13:33:25Z,u_000744,sms,weight_loss_series,opened
m_000007940,2026-01-30T00:36:57Z,u_000345,email,weight_loss_series,sent
m_000007941,2026-01-28T13:40:56Z,u_000067,sms,stress_relief_program,sent
m_000007942,2026-01-28T05:29:14Z,u_000782,sms,stress_relief_program,sent
m_000007943,2026-02-02T04:45:54Z,u_000852,sms,sleep_challenge,sent
m_000007944,2026-01-27T14:48:08Z,u_000362,email,weekly_digest,opened
m_000007945,2026-01-27T21:52:37Z,u_002938,email,weekly_digest,delivered
m_000007946,2026-02-02T06:35:20Z,u_003463,push,weight_loss_series,unsubscribed
m_000007947,2026-01-31T22:31:46Z,u_002947,email,heart_health_month,sent
m_000007948,2026-01-27T11:23:14Z,u_002772,sms,new_content_alert,opened
m_000007949,2026-01-31T05:54:07Z,u_000442,push,weekly_digest,sent
m_000007950,2026-01-29T08:46:17Z,u_002627,sms,heart_health_month,delivered
m_000007951,2026-01-29T03:43:12Z,u_004184,push,heart_health_month,sent
m_000007952,2026-01-29T23:41:43Z,u_002496,sms,sleep_challenge,sent
m_000007953,2026-01-27T15:30:51Z,u_001448,sms,stress_relief_program,sent
m_000007954,2026-02-01T08:14:45Z,u_004403,email,heart_health_month,sent
m_000007955,2026-01-30T01:58:21Z,u_001462,sms,sleep_challenge,delivered
m_000007956,2026-01-30T11:51:49Z,u_001985,push,weekly_digest,sent
m_000007957,2026-01-27T17:32:14Z,u_004199,email,weight_loss_series,sent
m_000007958,2026-01-27T19:28:49Z,u_000590,sms,new_content_alert,delivered
m_000007959,2026-01-28T07:02:44Z,u_001070,sms,new_content_alert,delivered
m_000007960,2026-01-27T01:25:37Z,u_003180,sms,new_content_alert,sent
m_000007961,2026-01-28T03:20:08Z,u_003977,email,new_content_alert,sent
m_000007962,2026-02-02T09:37:23Z,u_000195,email,weekly_digest,delivered
m_000007963,2026-01-26T22:26:38Z,u_000689,email,sleep_challenge,clicked
m_000007964,2026-01-29T05:08:33Z,u_003818,push,sleep_challenge,sent
m_000007965,2026-01-31T22:35:15Z,u_000291,sms,weight_loss_series,sent
m_000007966,2026-02-01T19:37:38Z,u_004364,email,sleep_challenge,sent
m_000007967,2026-01-27T21:46:43Z,u_003223,push,heart_health_month,sent
m_000007968,2026-01-29T03:21:33Z,u_003954,sms,sleep_challenge,delivered
m_000007969,2026-01-31T05:23:58Z,u_000539,push,new_content_alert,sent
m_000007970,2026-01-29T09:07:45Z,u_003681,push,weight_loss_series,sent
m_000007971,2026-01-28T20:23:50Z,u_001787,push,sleep_challenge,sent
m_000007972,2026-02-01T01:41:27Z,u_004682,push,weight_loss_series,sent
m_000007973,2026-02-01T04:43:39Z,u_000912,push,weight_loss_series,clicked
m_000007974,2026-01-29T21:20:36Z,u_002200,sms,weight_loss_series,sent
m_000007975,2026-01-29T15:17:03Z,u_002943,push,weight_loss_series,sent
m_000007976,2026-01-27T13:37:20Z,u_002203,push,weekly_digest,sent
m_000007977,2026-01-29T16:10:23Z,u_002673,email,heart_health_month,sent
m_000007978,2026-01-27T18:38:18Z,u_002347,push,sleep_challenge,sent
m_000007979,2026-01-31T11:36:54Z,u_002686,sms,weekly_digest,sent
m_000007980,2026-01-29T04:09:47Z,u_000868,sms,weight_loss_series,sent
m_000007981,2026-01-29T13:58:18Z,u_000409,push,weekly_digest,opened
m_000007982,2026-02-01T00:11:34Z,u_004542,sms,new_content_alert,delivered
m_000007983,2026-02-02T04:36:25Z,u_002672,sms,heart_health_month,delivered
m_000007984,2026-01-29T08:37:00Z,u_002530,sms,stress_relief_program,delivered
m_000007985,2026-01-30T07:07:35Z,u_001502,sms,sleep_challenge,delivered
m_000007986,2026-01-28T07:00:51Z,u_003341,push,stress_relief_program,sent
m_000007987,2026-01-30T07:59:51Z,u_002266,email,weight_loss_series,sent
m_000007988,2026-01-29T19:33:48Z,u_001557,email,new_content_alert,clicked
m_000007989,2026-01-28T13:58:22Z,u_004181,push,stress_relief_program,opened
m_000007990,2026-01-27T23:43:21Z,u_003621,push,heart_health_month,sent
m_000007991,2026-02-01T21:41:42Z,u_000446,push,heart_health_month,clicked
m_000007992,2026-01-31T09:03:12Z,u_002230,push,sleep_challenge,sent
m_000007993,2026-02-01T07:13:43Z,u_000314,push,heart_health_month,sent
m_000007994,2026-01-28T22:54:21Z,u_002962,push,stress_relief_program,sent
m_000007995,2026-01-30T16:08:16Z,u_002700,email,heart_health_month,sent
m_000007996,2026-02-01T18:44:06Z,u_003644,push,sleep_challenge,delivered
m_000007997,2026-01-27T00:03:51Z,u_001625,sms,stress_relief_program,sent
m_000007998,2026-02-02T04:56:55Z,u_002429,push,new_content_alert,sent
m_000007999,2026-01-28T18:00:28Z,u_003912,push,new_content_alert,sent
m_000008000,2026-01-31T10:30:40Z,u_001621,sms,weekly_digest,opened
m_000008001,2026-01-26T21:02:24Z,u_000862,push,sleep_challenge,sent
m_000008002,2026-01-31T17:03:32Z,u_001496,email,stress_relief_program,sent
m_000008003,2026-01-27T19:49:49Z,u_002170,push,stress_relief_program,sent
m_000008004,2026-01-26T20:48:20Z,u_004316,email,sleep_challenge,sent
m_000008005,2026-01-31T12:23:51Z,u_001953,sms,heart_health_month,clicked
m_000008006,2026-01-27T05:58:07Z,u_000680,sms,weight_loss_series,delivered
m_000008007,2026-01-30T04:24:49Z,u_000423,sms,new_content_alert,delivered
m_000008008,2026-01-28T09:43:16Z,u_004616,push,stress_relief_program,sent
m_000008009,2026-01-28T21:26:09Z,u_003409,email,stress_relief_program,sent
m_000008010,2026-01-27T22:18:59Z,u_003936,push,sleep_challenge,sent
m_000008011,2026-02-02T00:03:50Z,u_001431,email,weekly_digest,sent
m_000008012,2026-02-01T21:19:51Z,u_003154,sms,stress_relief_program,sent
m_000008013,2026-01-29T17:09:12Z,u_004278,email,stress_relief_program,sent
m_000008014,2026-01-30T12:54:24Z,u_004184,sms,heart_health_month,sent
m_000008015,2026-01-26T20:35:31Z,u_001874,push,weight_loss_series,sent
m_000008016,2026-01-31T09:03:09Z,u_004287,sms,new_content_alert,sent
m_000008017,2026-01-30T20:27:00Z,u_002708,push,weight_loss_series,opened
m_000008018,2026-01-27T06:04:06Z,u_001275,sms,weight_loss_series,sent
m_000008019,2026-01-29T23:01:12Z,u_000951,email,sleep_challenge,opened
m_000008020,2026-01-28T13:09:00Z,u_004762,sms,weight_loss_series,sent
m_000008021,2026-01-29T06:00:36Z,u_000315,sms,stress_relief_program,delivered
m_000008022,2026-01-31T16:09:18Z,u_002042,sms,weight_loss_series,sent
m_000008023,2026-01-26T23:23:50Z,u_001212,sms,heart_health_month,delivered
m_000008024,2026-01-30T22:47:27Z,u_004269,push,new_content_alert,sent
m_000008025,2026-01-30T19:59:04Z,u_002873,email,weekly_digest,opened
m_000008026,2026-01-30T20:46:12Z,u_000107,email,weekly_digest,sent
m_000008027,2026-01-28T13:01:49Z,u_004697,email,heart_health_month,sent
m_000008028,2026-01-27T05:37:36Z,u_004085,push,weight_loss_series,sent
m_000008029,2026-01-29T08:58:39Z,u_002592,sms,new_content_alert,sent
m_000008030,2026-01-31T17:33:04Z,u_001170,push,heart_health_month,sent
m_000008031,2026-01-29T06:51:33Z,u_004668,push,weekly_digest,sent
m_000008032,2026-02-02T11:09:35Z,u_000086,sms,stress_relief_program,sent
m_000008033,2026-02-01T11:15:04Z,u_004247,sms,weekly_digest,delivered
m_000008034,2026-01-29T19:38:47Z,u_003671,push,heart_health_month,sent
m_000008035,2026-01-31T10:51:07Z,u_004318,email,weight_loss_series,delivered
m_000008036,2026-01-27T18:28:38Z,u_001062,sms,stress_relief_program,unsubscribed
m_000008037,2026-01-29T13:34:34Z,u_002493,email,new_content_alert,delivered
m_000008038,2026-01-27T09:12:37Z,u_001107,sms,heart_health_month,opened
m_000008039,2026-01-29T14:23:01Z,u_003752,sms,heart_health_month,sent
m_000008040,2026-02-01T20:35:46Z,u_004577,sms,weight_loss_series,sent
m_000008041,2026-02-01T02:55:08Z,u_000313,push,new_content_alert,sent
m_000008042,2026-01-28T14:22:11Z,u_004200,sms,new_content_alert,delivered
m_000008043,2026-02-01T07:54:31Z,u_004016,push,weight_loss_series,delivered
m_000008044,2026-02-02T12:22:43Z,u_004427,sms,weight_loss_series,clicked
m_000008045,2026-01-27T05:16:27Z,u_002509,email,stress_relief_program,sent
m_000008046,2026-01-30T17:55:25Z,u_003400,push,weight_loss_series,opened
m_000008047,2026-01-31T06:23:14Z,u_002271,email,weekly_digest,delivered
m_000008048,2026-01-30T07:01:40Z,u_003998,sms,weight_loss_series,sent
m_000008049,2026-01-29T20:26:47Z,u_003125,push,stress_relief_program,sent
m_000008050,2026-01-30T07:11:52Z,u_001735,email,new_content_alert,sent
m_000008051,2026-01-29T17:59:05Z,u_003558,sms,weight_loss_series,sent
m_000008052,2026-01-28T18:27:32Z,u_001019,email,heart_health_month,sent
m_000008053,2026-01-31T11:37:54Z,u_001414,email,weight_loss_series,sent
m_000008054,2026-01-29T17:15:00Z,u_003788,push,weekly_digest,sent
m_000008055,2026-02-01T06:48:57Z,u_001366,push,stress_relief_program,sent
m_000008056,2026-01-27T21:13:40Z,u_003557,sms,sleep_challenge,sent
m_000008057,2026-02-01T16:31:16Z,u_000748,email,heart_health_month,clicked
m_000008058,2026-02-02T02:32:29Z,u_000331,email,heart_health_month,sent
m_000008059,2026-01-31T05:50:31Z,u_003847,email,new_content_alert,sent
m_000008060,2026-01-29T01:13:10Z,u_004237,email,heart_health_month,delivered
m_000008061,2026-01-28T16:34:38Z,u_003189,push,stress_relief_program,delivered
m_000008062,2026-01-29T03:11:13Z,u_003662,sms,sleep_challenge,delivered
m_000008063,2026-01-31T20:44:03Z,u_000565,email,stress_relief_program,sent
m_000008064,2026-01-31T12:27:35Z,u_003630,push,sleep_challenge,sent
m_000008065,2026-01-27T05:50:01Z,u_001075,sms,weekly_digest,sent
m_000008066,2026-01-30T03:40:14Z,u_003043,push,sleep_challenge,delivered
m_000008067,2026-02-02T19:47:45Z,u_004356,sms,weekly_digest,delivered
m_000008068,2026-01-30T07:31:46Z,u_000301,push,new_content_alert,sent
m_000008069,2026-02-01T07:18:16Z,u_002078,sms,new_content_alert,sent
m_000008070,2026-01-27T02:46:52Z,u_000164,email,sleep_challenge,sent
m_000008071,2026-02-02T01:36:37Z,u_002144,email,weekly_digest,delivered
m_000008072,2026-01-30T15:33:50Z,u_004671,email,new_content_alert,sent
m_000008073,2026-01-29T08:36:37Z,u_003514,email,new_content_alert,sent
m_000008074,2026-01-31T02:49:46Z,u_003028,email,weekly_digest,sent
m_000008075,2026-01-29T12:46:18Z,u_004671,sms,weekly_digest,sent
m_000008076,2026-01-31T21:48:27Z,u_000960,push,stress_relief_program,delivered
m_000008077,2026-01-29T03:51:11Z,u_002945,sms,new_content_alert,delivered
m_000008078,2026-01-27T03:53:16Z,u_000006,push,sleep_challenge,sent
m_000008079,2026-01-31T17:55:33Z,u_002859,push,heart_health_month,delivered
m_000008080,2026-01-27T09:23:37Z,u_001655,email,weekly_digest,sent
m_000008081,2026-01-30T12:29:05Z,u_000943,sms,weight_loss_series,opened
m_000008082,2026-02-02T05:03:46Z,u_003302,sms,weight_loss_series,sent
m_000008083,2026-01-30T20:56:11Z,u_000225,push,new_content_alert,opened
m_000008084,2026-01-29T11:39:23Z,u_003762,email,weekly_digest,sent
m_000008085,2026-01-29T11:26:25Z,u_001434,push,stress_relief_program,sent
m_000008086,2026-01-30T02:47:31Z,u_003770,push,weekly_digest,sent
m_000008087,2026-01-31T00:57:12Z,u_004650,sms,heart_health_month,sent
m_000008088,2026-02-02T02:20:43Z,u_003112,push,stress_relief_program,sent
m_000008089,2026-02-02T19:30:52Z,u_004418,email,sleep_challenge,sent
m_000008090,2026-02-01T21:36:50Z,u_001969,sms,stress_relief_program,sent
m_000008091,2026-01-27T16:19:42Z,u_000930,sms,weekly_digest,clicked
m_000008092,2026-01-31T03:33:30Z,u_004822,push,weight_loss_series,sent
m_000008093,2026-01-30T12:09:20Z,u_004015,push,sleep_challenge,sent
m_000008094,2026-02-01T02:59:38Z,u_004175,sms,stress_relief_program,unsubscribed
m_000008095,2026-01-31T00:43:48Z,u_004291,sms,weight_loss_series,sent
m_000008096,2026-01-29T14:13:01Z,u_001514,email,heart_health_month,delivered
m_000008097,2026-01-28T06:13:38Z,u_002298,sms,new_content_alert,delivered
m_000008098,2026-01-29T21:11:20Z,u_003307,email,stress_relief_program,opened
m_000008099,2026-01-28T01:34:15Z,u_003569,email,weekly_digest,delivered
m_000008100,2026-01-28T23:26:10Z,u_002596,sms,heart_health_month,sent
m_000008101,2026-02-01T10:03:49Z,u_003784,sms,stress_relief_program,clicked
m_000008102,2026-01-28T23:51:46Z,u_004491,email,new_content_alert,opened
m_000008103,2026-02-02T00:08:32Z,u_002629,email,stress_relief_program,delivered
m_000008104,2026-01-31T06:28:59Z,u_002118,sms,new_content_alert,sent
m_000008105,2026-01-27T10:20:05Z,u_004597,sms,heart_health_month,sent
m_000008106,2026-02-01T14:52:27Z,u_003104,email,sleep_challenge,opened
m_000008107,2026-02-01T05:48:17Z,u_001519,email,sleep_challenge,sent
m_000008108,2026-02-01T01:02:15Z,u_000870,email,weekly_digest,sent
m_000008109,2026-01-27T03:56:35Z,u_004613,email,new_content_alert,sent
m_000008110,2026-01-29T15:49:15Z,u_000101,push,heart_health_month,sent
m_000008111,2026-01-31T22:02:05Z,u_002246,email,heart_health_month,sent
m_000008112,2026-02-01T05:36:12Z,u_002553,sms,weekly_digest,sent
m_000008113,2026-02-02T02:19:27Z,u_002154,email,weight_loss_series,opened
m_000008114,2026-01-30T04:03:38Z,u_001174,sms,stress_relief_program,sent
m_000008115,2026-01-28T01:07:16Z,u_004149,sms,sleep_challenge,delivered
m_000008116,2026-01-27T18:53:26Z,u_001908,email,heart_health_month,opened
m_000008117,2026-01-27T12:34:17Z,u_003191,sms,weekly_digest,delivered
m_000008118,2026-01-31T17:01:22Z,u_000845,sms,heart_health_month,sent
m_000008119,2026-01-31T11:25:08Z,u_004896,email,weight_loss_series,sent
m_000008120,2026-01-27T10:00:34Z,u_004497,email,new_content_alert,sent
m_000008121,2026-01-27T03:34:13Z,u_004386,email,weight_loss_series,sent
m_000008122,2026-01-31T13:27:28Z,u_004572,sms,stress_relief_program,delivered
m_000008123,2026-01-31T03:24:57Z,u_001664,push,heart_health_month,sent
m_000008124,2026-01-29T07:23:51Z,u_003985,push,stress_relief_program,sent
m_000008125,2026-01-28T02:40:45Z,u_003581,email,heart_health_month,opened
m_000008126,2026-01-31T15:37:56Z,u_004145,email,heart_health_month,sent
m_000008127,2026-01-27T18:04:52Z,u_000479,email,weekly_digest,sent
m_000008128,2026-01-30T17:46:30Z,u_002792,email,sleep_challenge,delivered
m_000008129,2026-01-27T04:12:55Z,u_001870,sms,sleep_challenge,opened
m_000008130,2026-01-30T05:27:12Z,u_003925,sms,heart_health_month,clicked
m_000008131,2026-01-27T03:27:13Z,u_003263,email,stress_relief_program,sent
m_000008132,2026-02-01T12:30:53Z,u_001026,sms,new_content_alert,delivered
m_000008133,2026-02-01T08:17:44Z,u_004827,sms,weight_loss_series,sent
m_000008134,2026-01-31T07:06:04Z,u_001646,sms,sleep_challenge,delivered
m_000008135,2026-01-29T03:35:50Z,u_003291,sms,sleep_challenge,clicked
m_000008136,2026-01-29T16:55:34Z,u_000677,email,heart_health_month,sent
m_000008137,2026-02-02T01:12:50Z,u_001238,sms,heart_health_month,clicked
m_000008138,2026-01-29T15:41:42Z,u_003607,push,stress_relief_program,sent
m_000008139,2026-02-02T18:45:28Z,u_003152,email,weekly_digest,clicked
m_000008140,2026-01-27T00:50:55Z,u_000344,email,stress_relief_program,sent
m_000008141,2026-01-31T13:10:57Z,u_001248,push,new_content_alert,clicked
m_000008142,2026-01-31T18:15:10Z,u_001058,sms,weight_loss_series,delivered
m_000008143,2026-01-31T02:58:47Z,u_000868,push,weight_loss_series,sent
m_000008144,2026-01-31T23:06:59Z,u_001418,push,stress_relief_program,sent
m_000008145,2026-02-01T03:48:26Z,u_001105,push,heart_health_month,opened
m_000008146,2026-01-29T04:34:15Z,u_000092,email,weekly_digest,sent
m_000008147,2026-01-27T08:50:40Z,u_001998,push,sleep_challenge,sent
m_000008148,2026-01-27T21:49:34Z,u_001185,sms,stress_relief_program,sent
m_000008149,2026-01-31T18:58:02Z,u_000824,email,weight_loss_series,delivered
m_000008150,2026-01-29T04:58:08Z,u_000463,sms,weekly_digest,sent
m_000008151,2026-02-01T11:21:03Z,u_003252,email,stress_relief_program,sent
m_000008152,2026-01-28T12:55:10Z,u_003555,email,weekly_digest,opened
m_000008153,2026-01-27T17:16:25Z,u_001948,sms,weekly_digest,delivered
m_000008154,2026-01-30T03:43:20Z,u_000944,email,sleep_challenge,sent
m_000008155,2026-02-01T16:05:50Z,u_001352,push,heart_health_month,sent
m_000008156,2026-02-02T07:30:46Z,u_004182,sms,sleep_challenge,delivered
m_000008157,2026-02-01T09:53:42Z,u_000861,push,sleep_challenge,sent
m_000008158,2026-01-31T14:18:30Z,u_003488,sms,new_content_alert,sent
m_000008159,2026-01-30T19:27:45Z,u_004751,email,heart_health_month,delivered
m_000008160,2026-02-01T19:58:45Z,u_000273,sms,heart_health_month,delivered
m_000008161,2026-01-27T08:49:07Z,u_000584,sms,weight_loss_series,sent
m_000008162,2026-01-31T06:52:20Z,u_003398,push,stress_relief_program,opened
m_000008163,2026-01-29T22:08:16Z,u_002408,push,weight_loss_series,sent
m_000008164,2026-01-31T01:45:22Z,u_001439,push,weight_loss_series,opened
m_000008165,2026-01-30T16:33:24Z,u_003578,email,stress_relief_program,sent
m_000008166,2026-01-28T05:49:08Z,u_001617,email,stress_relief_program,sent
m_000008167,2026-01-29T09:15:19Z,u_001637,sms,heart_health_month,delivered
m_000008168,2026-01-31T19:34:02Z,u_001339,push,heart_health_month,sent
m_000008169,2026-01-29T09:50:10Z,u_002463,sms,heart_health_month,sent
m_000008170,2026-02-01T22:55:47Z,u_004251,email,new_content_alert,delivered
m_000008171,2026-02-01T15:44:49Z,u_000647,push,sleep_challenge,delivered
m_000008172,2026-01-27T17:28:59Z,u_002718,email,new_content_alert,sent
m_000008173,2026-02-02T02:45:50Z,u_000445,push,weekly_digest,sent
m_000008174,2026-01-28T23:20:15Z,u_000541,sms,new_content_alert,sent
m_000008175,2026-01-28T12:27:04Z,u_003575,push,weight_loss_series,sent
m_000008176,2026-01-27T15:33:55Z,u_001957,sms,sleep_challenge,delivered
m_000008177,2026-01-29T15:51:30Z,u_000345,push,heart_health_month,opened
m_000008178,2026-01-28T16:46:40Z,u_002877,sms,sleep_challenge,sent
m_000008179,2026-01-30T02:48:39Z,u_000430,email,weekly_digest,sent
m_000008180,2026-01-31T09:19:33Z,u_001193,push,sleep_challenge,sent
m_000008181,2026-01-28T18:30:57Z,u_000538,email,new_content_alert,clicked
m_000008182,2026-01-30T21:09:03Z,u_000228,email,heart_health_month,sent
m_000008183,2026-02-02T00:54:01Z,u_003982,sms,sleep_challenge,sent
m_000008184,2026-01-28T00:43:37Z,u_003383,sms,stress_relief_program,clicked
m_000008185,2026-01-28T02:04:25Z,u_000884,push,stress_relief_program,clicked
m_000008186,2026-01-30T18:52:31Z,u_002710,email,new_content_alert,sent
m_000008187,2026-02-01T05:31:13Z,u_000145,email,stress_relief_program,opened
m_000008188,2026-01-30T08:06:01Z,u_001790,push,weekly_digest,delivered
m_000008189,2026-02-01T16:35:12Z,u_001288,sms,sleep_challenge,sent
m_000008190,2026-02-02T03:05:43Z,u_004863,sms,weekly_digest,sent
m_000008191,2026-02-02T15:34:44Z,u_000160,sms,stress_relief_program,opened
m_000008192,2026-01-30T19:47:17Z,u_003578,email,heart_health_month,delivered
m_000008193,2026-02-01T04:11:03Z,u_002428,push,weight_loss_series,delivered
m_000008194,2026-01-27T06:53:01Z,u_000214,sms,heart_health_month,sent
m_000008195,2026-02-02T17:47:58Z,u_002246,push,heart_health_month,delivered
m_000008196,2026-01-31T21:17:44Z,u_003301,push,stress_relief_program,opened
m_000008197,2026-01-31T10:50:42Z,u_002843,push,stress_relief_program,sent
m_000008198,2026-01-31T08:34:56Z,u_004657,push,heart_health_month,delivered
m_000008199,2026-01-29T14:46:48Z,u_002648,push,stress_relief_program,sent
m_000008200,2026-02-02T01:18:13Z,u_004279,email,new_content_alert,sent
m_000008201,2026-01-29T04:14:06Z,u_001966,sms,heart_health_month,sent
m_000008202,2026-01-29T16:41:23Z,u_002788,email,weight_loss_series,sent
m_000008203,2026-02-02T05:40:48Z,u_002462,email,stress_relief_program,sent
m_000008204,2026-01-31T02:06:08Z,u_000557,push,stress_relief_program,delivered
m_000008205,2026-01-27T10:30:09Z,u_004800,push,weekly_digest,sent
m_000008206,2026-02-02T14:42:27Z,u_000478,push,new_content_alert,delivered
m_000008207,2026-02-01T02:26:17Z,u_001918,push,sleep_challenge,sent
m_000008208,2026-01-31T21:05:18Z,u_004970,sms,weekly_digest,sent
m_000008209,2026-01-29T10:58:55Z,u_002898,email,sleep_challenge,unsubscribed
m_000008210,2026-01-28T01:37:26Z,u_002716,sms,stress_relief_program,sent
m_000008211,2026-02-02T17:47:19Z,u_004630,sms,heart_health_month,sent
m_000008212,2026-02-02T19:40:08Z,u_002831,push,new_content_alert,sent
m_000008213,2026-02-01T02:47:07Z,u_004844,email,weight_loss_series,sent
m_000008214,2026-01-31T22:03:31Z,u_004126,push,sleep_challenge,opened
m_000008215,2026-01-30T08:26:01Z,u_002326,sms,stress_relief_program,sent
m_000008216,2026-02-01T21:39:16Z,u_001584,push,new_content_alert,sent
m_000008217,2026-01-30T15:57:58Z,u_002425,email,weekly_digest,sent
m_000008218,2026-01-27T09:01:52Z,u_001214,push,stress_relief_program,sent
m_000008219,2026-02-02T05:47:06Z,u_002672,sms,stress_relief_program,sent
m_000008220,2026-01-31T02:18:44Z,u_001821,email,sleep_challenge,sent
m_000008221,2026-01-28T06:21:17Z,u_000730,email,stress_relief_program,delivered
m_000008222,2026-01-26T23:35:33Z,u_000216,push,stress_relief_program,sent
m_000008223,2026-01-27T00:52:27Z,u_003459,push,weight_loss_series,sent
m_000008224,2026-01-28T20:07:51Z,u_001377,sms,stress_relief_program,sent
m_000008225,2026-01-27T02:00:55Z,u_003312,email,stress_relief_program,sent
m_000008226,2026-01-31T21:07:11Z,u_003893,push,new_content_alert,sent
m_000008227,2026-01-27T15:20:59Z,u_002218,sms,sleep_challenge,delivered
m_000008228,2026-01-28T12:02:29Z,u_000511,sms,new_content_alert,sent
m_000008229,2026-01-27T15:11:37Z,u_004054,push,heart_health_month,sent
m_000008230,2026-02-01T16:36:18Z,u_003215,email,stress_relief_program,sent
m_000008231,2026-01-26T21:57:17Z,u_000804,email,heart_health_month,sent
m_000008232,2026-02-02T01:44:55Z,u_004346,push,new_content_alert,sent
m_000008233,2026-01-27T09:26:52Z,u_003939,sms,weekly_digest,opened
m_000008234,2026-01-27T21:54:33Z,u_002144,sms,weekly_digest,sent
m_000008235,2026-01-31T03:42:24Z,u_001322,email,sleep_challenge,sent
m_000008236,2026-02-02T05:40:07Z,u_001978,sms,weight_loss_series,delivered
m_000008237,2026-01-30T05:17:25Z,u_000467,sms,stress_relief_program,delivered
m_000008238,2026-01-31T22:03:23Z,u_000137,email,stress_relief_program,sent
m_000008239,2026-01-27T21:45:39Z,u_000238,sms,weight_loss_series,sent
m_000008240,2026-02-01T12:03:10Z,u_002456,push,sleep_challenge,sent
m_000008241,2026-01-29T18:27:07Z,u_004572,sms,weekly_digest,delivered
m_000008242,2026-01-29T11:37:36Z,u_004871,email,new_content_alert,opened
m_000008243,2026-01-27T11:24:57Z,u_003521,email,new_content_alert,sent
m_000008244,2026-02-01T16:27:00Z,u_004551,sms,heart_health_month,sent
m_000008245,2026-02-02T05:48:40Z,u_004290,push,new_content_alert,sent
m_000008246,2026-01-31T05:58:17Z,u_002266,push,heart_health_month,sent
m_000008247,2026-01-30T08:48:40Z,u_000338,push,weight_loss_series,delivered
m_000008248,2026-01-26T21:55:46Z,u_001247,push,weekly_digest,sent
m_000008249,2026-01-29T02:21:46Z,u_004501,email,weekly_digest,sent
m_000008250,2026-01-30T19:17:23Z,u_003511,sms,stress_relief_program,opened
m_000008251,2026-01-27T08:36:33Z,u_004987,email,weight_loss_series,delivered
m_000008252,2026-01-27T04:53:21Z,u_000617,sms,heart_health_month,sent
m_000008253,2026-01-30T16:45:10Z,u_002861,push,heart_health_month,sent
m_000008254,2026-02-02T00:23:43Z,u_001129,sms,stress_relief_program,opened
m_000008255,2026-01-27T13:31:25Z,u_001173,email,weekly_digest,opened
m_000008256,2026-02-01T16:33:45Z,u_004834,push,weekly_digest,delivered
m_000008257,2026-01-28T05:59:59Z,u_000198,email,sleep_challenge,sent
m_000008258,2026-01-27T09:02:33Z,u_000758,sms,new_content_alert,sent
m_000008259,2026-01-27T03:15:13Z,u_004730,push,weekly_digest,sent
m_000008260,2026-01-27T22:24:51Z,u_004682,email,new_content_alert,sent
m_000008261,2026-01-29T04:51:00Z,u_001921,email,heart_health_month,sent
m_000008262,2026-01-26T20:36:10Z,u_001226,push,weight_loss_series,sent
m_000008263,2026-01-31T07:22:17Z,u_000827,email,new_content_alert,delivered
m_000008264,2026-01-30T16:53:28Z,u_002418,email,stress_relief_program,clicked
m_000008265,2026-01-30T06:33:40Z,u_003228,email,new_content_alert,sent
m_000008266,2026-01-30T05:22:23Z,u_002532,sms,weekly_digest,sent
m_000008267,2026-01-30T08:42:01Z,u_004714,sms,sleep_challenge,sent
m_000008268,2026-01-27T23:23:18Z,u_000036,email,stress_relief_program,sent
m_000008269,2026-01-27T06:19:11Z,u_003289,push,new_content_alert,sent
m_000008270,2026-01-27T18:18:01Z,u_003726,sms,new_content_alert,delivered
m_000008271,2026-01-30T19:01:41Z,u_000808,sms,weight_loss_series,sent
m_000008272,2026-01-31T02:55:10Z,u_000685,email,heart_health_month,sent
m_000008273,2026-02-01T17:46:54Z,u_003867,email,heart_health_month,sent
m_000008274,2026-01-29T16:31:53Z,u_003805,sms,heart_health_month,sent
m_000008275,2026-01-28T13:47:56Z,u_000919,sms,weekly_digest,sent
m_000008276,2026-01-31T16:30:22Z,u_004423,push,stress_relief_program,sent
m_000008277,2026-01-29T09:19:11Z,u_000288,email,weekly_digest,sent
m_000008278,2026-01-30T17:27:04Z,u_004747,email,weekly_digest,sent
m_000008279,2026-01-31T14:55:25Z,u_001097,push,sleep_challenge,sent
m_000008280,2026-02-01T16:16:04Z,u_003483,email,sleep_challenge,sent
m_000008281,2026-01-31T03:15:49Z,u_002931,sms,stress_relief_program,sent
m_000008282,2026-01-27T06:00:01Z,u_001493,email,weekly_digest,sent
m_000008283,2026-01-30T10:06:58Z,u_004783,sms,sleep_challenge,sent
m_000008284,2026-01-30T19:43:56Z,u_004509,sms,heart_health_month,sent
m_000008285,2026-01-29T14:06:10Z,u_001208,push,weekly_digest,sent
m_000008286,2026-01-27T14:17:53Z,u_003331,email,weekly_digest,sent
m_000008287,2026-01-27T23:12:49Z,u_001250,email,stress_relief_program,delivered
m_000008288,2026-02-01T12:24:36Z,u_002380,sms,new_content_alert,sent
m_000008289,2026-02-02T06:22:37Z,u_002566,sms,sleep_challenge,opened
m_000008290,2026-02-02T19:57:41Z,u_000423,push,stress_relief_program,sent
m_000008291,2026-02-01T13:19:01Z,u_000235,sms,weekly_digest,delivered
m_000008292,2026-01-30T01:51:20Z,u_004555,email,stress_relief_program,sent
m_000008293,2026-01-30T10:05:33Z,u_004274,email,sleep_challenge,delivered
m_000008294,2026-01-29T16:01:23Z,u_001595,sms,weight_loss_series,opened
m_000008295,2026-02-02T01:28:38Z,u_003550,push,weekly_digest,sent
m_000008296,2026-02-02T08:44:15Z,u_001391,sms,stress_relief_program,sent
m_000008297,2026-01-27T03:44:56Z,u_001801,push,heart_health_month,opened
m_000008298,2026-01-27T11:15:02Z,u_004930,email,stress_relief_program,sent
m_000008299,2026-02-02T12:39:42Z,u_003931,push,new_content_alert,sent
m_000008300,2026-02-02T02:55:38Z,u_000310,email,stress_relief_program,clicked
m_000008301,2026-01-27T19:56:28Z,u_004100,sms,heart_health_month,sent
m_000008302,2026-01-28T11:48:24Z,u_004335,sms,new_content_alert,opened
m_000008303,2026-02-02T13:40:08Z,u_004623,push,new_content_alert,sent
m_000008304,2026-02-01T01:21:45Z,u_000058,push,stress_relief_program,delivered
m_000008305,2026-01-29T20:26:46Z,u_000078,push,heart_health_month,delivered
m_000008306,2026-01-26T21:02:13Z,u_001983,push,sleep_challenge,clicked
m_000008307,2026-01-29T12:56:38Z,u_001681,email,weekly_digest,sent
m_000008308,2026-01-31T04:33:50Z,u_003671,email,weight_loss_series,delivered
m_000008309,2026-01-28T00:03:26Z,u_002772,push,heart_health_month,sent
m_000008310,2026-01-30T05:04:18Z,u_000479,sms,new_content_alert,sent
m_000008311,2026-01-27T00:58:03Z,u_004597,push,sleep_challenge,clicked
m_000008312,2026-02-01T11:35:36Z,u_002574,sms,new_content_alert,sent
m_000008313,2026-01-31T08:37:31Z,u_000363,sms,weight_loss_series,delivered
m_000008314,2026-01-30T15:08:34Z,u_001926,email,sleep_challenge,opened
m_000008315,2026-01-31T19:59:32Z,u_002572,email,weight_loss_series,sent
m_000008316,2026-01-29T13:11:04Z,u_004661,email,heart_health_month,sent
m_000008317,2026-01-31T19:37:50Z,u_002429,email,heart_health_month,sent
m_000008318,2026-01-30T19:09:37Z,u_002978,email,weight_loss_series,sent
m_000008319,2026-02-01T09:48:47Z,u_004480,push,sleep_challenge,opened
m_000008320,2026-01-29T22:55:54Z,u_003050,sms,new_content_alert,sent
m_000008321,2026-01-30T10:40:48Z,u_000970,sms,heart_health_month,sent
m_000008322,2026-02-01T16:03:40Z,u_001841,push,weight_loss_series,sent
m_000008323,2026-02-02T12:29:51Z,u_004920,email,weekly_digest,sent
m_000008324,2026-01-30T13:07:17Z,u_004709,push,weekly_digest,sent
m_000008325,2026-02-01T03:09:29Z,u_002191,email,weight_loss_series,sent
m_000008326,2026-02-02T05:02:29Z,u_004419,sms,weight_loss_series,sent
m_000008327,2026-01-28T03:25:07Z,u_004547,sms,weekly_digest,sent
m_000008328,2026-01-27T06:22:55Z,u_001118,sms,sleep_challenge,sent
m_000008329,2026-02-02T08:57:44Z,u_002140,email,heart_health_month,delivered
m_000008330,2026-01-28T23:56:11Z,u_002916,email,stress_relief_program,sent
m_000008331,2026-02-02T04:34:32Z,u_004596,push,heart_health_month,sent
m_000008332,2026-01-28T15:53:59Z,u_000154,push,weekly_digest,delivered
m_000008333,2026-01-31T05:51:08Z,u_003845,push,weight_loss_series,delivered
m_000008334,2026-01-29T10:20:44Z,u_002975,sms,weekly_digest,sent
m_000008335,2026-02-01T16:12:22Z,u_002077,push,new_content_alert,opened
m_000008336,2026-01-27T08:53:21Z,u_003433,push,sleep_challenge,sent
m_000008337,2026-01-29T12:32:11Z,u_000136,push,sleep_challenge,sent
m_000008338,2026-01-27T05:36:52Z,u_000033,email,heart_health_month,opened
m_000008339,2026-02-01T07:16:07Z,u_003178,push,stress_relief_program,sent
m_000008340,2026-01-29T06:20:57Z,u_004678,email,sleep_challenge,sent
m_000008341,2026-01-31T04:59:37Z,u_003624,sms,new_content_alert,sent
m_000008342,2026-01-30T14:24:52Z,u_003746,push,weekly_digest,sent
m_000008343,2026-01-30T12:39:21Z,u_002446,push,weekly_digest,clicked
m_000008344,2026-02-01T04:13:03Z,u_002745,sms,new_content_alert,sent
m_000008345,2026-02-01T18:05:53Z,u_000817,sms,weekly_digest,sent
m_000008346,2026-01-27T09:57:05Z,u_004068,email,new_content_alert,sent
m_000008347,2026-01-28T21:12:59Z,u_004998,sms,weekly_digest,opened
m_000008348,2026-01-27T20:41:22Z,u_002049,sms,weight_loss_series,sent
m_000008349,2026-01-29T11:29:27Z,u_002879,push,heart_health_month,sent
m_000008350,2026-02-02T03:10:15Z,u_002245,push,weekly_digest,sent
m_000008351,2026-01-31T14:22:42Z,u_000995,push,new_content_alert,sent
m_000008352,2026-01-31T08:57:46Z,u_003231,sms,weekly_digest,sent
m_000008353,2026-01-27T02:49:30Z,u_004648,sms,new_content_alert,sent
m_000008354,2026-01-27T11:41:31Z,u_000253,push,sleep_challenge,delivered
m_000008355,2026-01-27T14:57:16Z,u_003630,push,weight_loss_series,sent
m_000008356,2026-01-28T03:30:35Z,u_004683,push,stress_relief_program,delivered
m_000008357,2026-01-28T01:42:57Z,u_000448,push,sleep_challenge,sent
m_000008358,2026-01-30T10:37:31Z,u_001437,email,new_content_alert,sent
m_000008359,2026-01-29T18:10:34Z,u_004576,sms,stress_relief_program,opened
m_000008360,2026-01-28T16:29:17Z,u_002507,push,heart_health_month,sent
m_000008361,2026-01-28T15:04:29Z,u_004284,sms,sleep_challenge,delivered
m_000008362,2026-01-29T19:57:37Z,u_004120,push,stress_relief_program,opened
m_000008363,2026-02-02T00:11:27Z,u_002117,email,weekly_digest,delivered
m_000008364,2026-01-27T09:16:17Z,u_000882,push,sleep_challenge,sent
m_000008365,2026-02-02T15:48:50Z,u_000208,push,sleep_challenge,delivered
m_000008366,2026-01-27T10:25:47Z,u_001808,email,weekly_digest,sent
m_000008367,2026-01-30T16:31:11Z,u_004818,sms,new_content_alert,sent
m_000008368,2026-01-31T18:49:31Z,u_003577,push,stress_relief_program,sent
m_000008369,2026-01-30T16:46:04Z,u_003417,sms,weekly_digest,sent
m_000008370,2026-01-31T01:59:18Z,u_003244,sms,sleep_challenge,sent
m_000008371,2026-02-02T01:47:44Z,u_004969,sms,new_content_alert,delivered
m_000008372,2026-01-27T22:59:02Z,u_002263,email,sleep_challenge,sent
m_000008373,2026-01-27T06:01:03Z,u_004715,push,heart_health_month,sent
m_000008374,2026-02-01T23:04:22Z,u_002280,push,heart_health_month,sent
m_000008375,2026-01-28T19:56:34Z,u_001254,sms,stress_relief_program,unsubscribed
m_000008376,2026-01-27T20:50:36Z,u_001458,email,new_content_alert,delivered
m_000008377,2026-01-28T09:23:12Z,u_000024,sms,stress_relief_program,opened
m_000008378,2026-01-29T23:34:27Z,u_001534,push,heart_health_month,delivered
m_000008379,2026-01-30T07:20:45Z,u_001025,push,new_content_alert,sent
m_000008380,2026-01-28T13:22:03Z,u_001258,sms,heart_health_month,delivered
m_000008381,2026-01-30T12:49:40Z,u_000985,push,weight_loss_series,sent
m_000008382,2026-01-31T22:16:43Z,u_002810,sms,stress_relief_program,sent
m_000008383,2026-01-28T22:39:58Z,u_004449,sms,heart_health_month,opened
m_000008384,2026-02-01T19:48:34Z,u_002697,email,sleep_challenge,sent
m_000008385,2026-02-02T05:14:00Z,u_000549,sms,new_content_alert,sent
m_000008386,2026-01-29T09:32:04Z,u_000202,sms,new_content_alert,sent
m_000008387,2026-02-01T05:44:29Z,u_002529,push,stress_relief_program,sent
m_000008388,2026-02-02T12:49:24Z,u_002089,push,new_content_alert,sent
m_000008389,2026-01-31T10:36:09Z,u_001255,sms,heart_health_month,sent
m_000008390,2026-02-02T01:18:52Z,u_004145,email,heart_health_month,sent
m_000008391,2026-01-29T00:50:28Z,u_000988,push,stress_relief_program,sent
m_000008392,2026-01-31T06:18:40Z,u_002597,push,weight_loss_series,sent
m_000008393,2026-01-29T20:24:46Z,u_003270,email,heart_health_month,sent
m_000008394,2026-01-28T08:05:14Z,u_001642,email,stress_relief_program,sent
m_000008395,2026-01-28T20:41:28Z,u_004874,push,weekly_digest,opened
m_000008396,2026-01-28T05:34:58Z,u_004224,email,heart_health_month,sent
m_000008397,2026-01-31T04:49:56Z,u_001667,email,weekly_digest,delivered
m_000008398,2026-01-27T21:43:48Z,u_004873,push,heart_health_month,delivered
m_000008399,2026-01-31T11:06:30Z,u_000070,push,sleep_challenge,clicked
m_000008400,2026-02-02T02:36:06Z,u_001840,email,new_content_alert,delivered
m_000008401,2026-01-31T09:11:10Z,u_004698,push,stress_relief_program,opened
m_000008402,2026-01-28T17:51:29Z,u_004187,sms,weekly_digest,delivered
m_000008403,2026-02-01T12:30:31Z,u_002420,email,weight_loss_series,sent
m_000008404,2026-01-31T15:27:36Z,u_000451,sms,stress_relief_program,sent
m_000008405,2026-01-29T11:13:00Z,u_001406,email,heart_health_month,sent
m_000008406,2026-01-26T22:25:46Z,u_000153,push,weight_loss_series,delivered
m_000008407,2026-01-28T10:07:19Z,u_003019,email,stress_relief_program,delivered
m_000008408,2026-02-01T15:38:59Z,u_003939,push,sleep_challenge,sent
m_000008409,2026-01-29T19:11:10Z,u_001372,email,weight_loss_series,unsubscribed
m_000008410,2026-02-02T05:53:21Z,u_001174,sms,heart_health_month,sent
m_000008411,2026-02-01T06:42:26Z,u_004319,email,sleep_challenge,sent
m_000008412,2026-02-01T22:49:56Z,u_004343,email,weekly_digest,opened
m_000008413,2026-02-01T01:55:37Z,u_000886,sms,weight_loss_series,sent
m_000008414,2026-01-27T03:49:38Z,u_000078,email,new_content_alert,sent
m_000008415,2026-02-02T07:21:15Z,u_001360,push,weight_loss_series,delivered
m_000008416,2026-01-28T21:52:49Z,u_002303,sms,stress_relief_program,opened
m_000008417,2026-01-27T14:37:14Z,u_004994,push,weekly_digest,delivered
m_000008418,2026-01-30T03:34:07Z,u_004862,email,weight_loss_series,opened
m_000008419,2026-02-02T05:12:19Z,u_003482,sms,heart_health_month,sent
m_000008420,2026-02-02T01:13:35Z,u_002004,push,heart_health_month,delivered
m_000008421,2026-01-28T15:35:06Z,u_002633,email,stress_relief_program,sent
m_000008422,2026-01-28T23:38:35Z,u_004467,push,sleep_challenge,opened
m_000008423,2026-01-31T04:34:59Z,u_000060,push,sleep_challenge,sent
m_000008424,2026-01-27T04:02:27Z,u_001266,sms,stress_relief_program,sent
m_000008425,2026-01-29T04:30:48Z,u_003732,push,heart_health_month,sent
m_000008426,2026-02-01T14:09:51Z,u_002135,push,weekly_digest,sent
m_000008427,2026-01-26T23:57:17Z,u_001540,email,heart_health_month,sent
m_000008428,2026-02-01T21:29:06Z,u_003890,sms,heart_health_month,clicked
m_000008429,2026-01-28T08:26:11Z,u_003880,push,new_content_alert,sent
m_000008430,2026-02-01T17:17:50Z,u_000894,email,heart_health_month,sent
m_000008431,2026-01-29T03:58:38Z,u_003098,sms,stress_relief_program,sent
m_000008432,2026-01-31T02:57:04Z,u_001921,sms,new_content_alert,sent
m_000008433,2026-02-02T11:40:49Z,u_000082,email,weekly_digest,delivered
m_000008434,2026-01-27T01:54:21Z,u_001068,email,stress_relief_program,sent
m_000008435,2026-01-27T07:07:35Z,u_003551,push,heart_health_month,clicked
m_000008436,2026-01-31T13:20:17Z,u_004470,email,sleep_challenge,sent
m_000008437,2026-01-27T20:34:28Z,u_001626,sms,sleep_challenge,sent
m_000008438,2026-02-02T00:46:59Z,u_003987,email,new_content_alert,sent
m_000008439,2026-01-29T17:27:47Z,u_001742,email,stress_relief_program,sent
m_000008440,2026-01-28T02:14:52Z,u_000634,sms,sleep_challenge,opened
m_000008441,2026-01-31T16:58:12Z,u_002370,sms,sleep_challenge,sent
m_000008442,2026-02-01T04:46:29Z,u_003030,push,weight_loss_series,opened
m_000008443,2026-01-29T01:39:40Z,u_003586,email,stress_relief_program,sent
m_000008444,2026-01-28T21:55:27Z,u_000603,email,new_content_alert,sent
m_000008445,2026-01-29T03:06:14Z,u_002499,email,sleep_challenge,opened
m_000008446,2026-01-30T12:35:23Z,u_002647,email,weekly_digest,opened
m_000008447,2026-02-02T04:05:33Z,u_001589,sms,weight_loss_series,sent
m_000008448,2026-01-27T19:53:37Z,u_001191,push,weight_loss_series,delivered
m_000008449,2026-01-26T23:53:37Z,u_004712,sms,sleep_challenge,opened
m_000008450,2026-01-27T21:12:16Z,u_001051,email,sleep_challenge,opened
m_000008451,2026-02-01T15:15:52Z,u_004119,push,weight_loss_series,delivered
m_000008452,2026-01-28T23:03:38Z,u_000946,push,new_content_alert,delivered
m_000008453,2026-02-01T08:49:50Z,u_003826,sms,new_content_alert,sent
m_000008454,2026-02-01T14:01:05Z,u_002725,push,sleep_challenge,sent
m_000008455,2026-01-29T11:51:53Z,u_004422,email,weekly_digest,delivered
m_000008456,2026-01-28T09:15:56Z,u_003174,email,stress_relief_program,sent
m_000008457,2026-01-31T19:47:50Z,u_001421,email,weekly_digest,delivered
m_000008458,2026-01-26T22:32:31Z,u_004644,email,weight_loss_series,sent
m_000008459,2026-02-02T12:49:13Z,u_004137,email,weight_loss_series,sent
m_000008460,2026-01-30T04:56:25Z,u_004657,push,stress_relief_program,sent
m_000008461,2026-01-28T23:53:11Z,u_000331,sms,sleep_challenge,sent
m_000008462,2026-02-01T12:51:38Z,u_000515,sms,heart_health_month,sent
m_000008463,2026-02-01T00:57:33Z,u_001081,sms,weekly_digest,delivered
m_000008464,2026-02-02T13:38:42Z,u_002005,push,weekly_digest,delivered
m_000008465,2026-01-29T01:43:48Z,u_000450,push,sleep_challenge,sent
m_000008466,2026-02-02T19:01:37Z,u_000241,sms,new_content_alert,clicked
m_000008467,2026-01-29T05:56:55Z,u_000667,sms,stress_relief_program,sent
m_000008468,2026-02-02T06:37:47Z,u_004305,email,stress_relief_program,sent
m_000008469,2026-01-30T16:43:56Z,u_004993,email,sleep_challenge,sent
m_000008470,2026-01-29T22:32:48Z,u_004939,sms,heart_health_month,sent
m_000008471,2026-01-29T14:51:33Z,u_001036,push,stress_relief_program,sent
m_000008472,2026-01-28T22:03:53Z,u_003557,push,new_content_alert,sent
m_000008473,2026-01-27T11:17:18Z,u_001179,email,weight_loss_series,sent
m_000008474,2026-01-31T13:25:58Z,u_001904,sms,sleep_challenge,delivered
m_000008475,2026-02-01T20:58:59Z,u_004319,sms,weekly_digest,sent
m_000008476,2026-01-30T19:56:34Z,u_002855,email,sleep_challenge,sent
m_000008477,2026-01-28T14:06:51Z,u_003342,email,stress_relief_program,sent
m_000008478,2026-01-27T23:31:41Z,u_003553,push,new_content_alert,delivered
m_000008479,2026-01-29T08:26:38Z,u_000280,email,stress_relief_program,delivered
m_000008480,2026-01-26T22:57:05Z,u_000989,sms,sleep_challenge,sent
m_000008481,2026-01-31T12:08:43Z,u_001046,email,weight_loss_series,sent
m_000008482,2026-02-02T19:26:39Z,u_000223,sms,weekly_digest,unsubscribed
m_000008483,2026-01-31T04:34:55Z,u_001001,sms,new_content_alert,delivered
m_000008484,2026-02-01T06:12:12Z,u_003897,push,heart_health_month,sent
m_000008485,2026-01-28T00:35:32Z,u_001155,email,heart_health_month,sent
m_000008486,2026-01-27T19:59:14Z,u_004119,push,new_content_alert,sent
m_000008487,2026-01-30T08:28:20Z,u_000026,email,stress_relief_program,sent
m_000008488,2026-02-02T09:23:43Z,u_001193,push,weekly_digest,delivered
m_000008489,2026-01-28T14:06:03Z,u_004374,email,heart_health_month,sent
m_000008490,2026-02-02T00:59:40Z,u_004535,push,stress_relief_program,sent
m_000008491,2026-02-01T02:50:41Z,u_002574,push,new_content_alert,sent
m_000008492,2026-01-30T05:10:23Z,u_003165,email,weekly_digest,opened
m_000008493,2026-01-29T01:47:42Z,u_002021,email,weekly_digest,sent
m_000008494,2026-01-27T11:29:31Z,u_001258,email,heart_health_month,delivered
m_000008495,2026-02-01T06:13:08Z,u_003505,sms,weight_loss_series,sent
m_000008496,2026-01-31T06:31:12Z,u_001119,sms,weight_loss_series,sent
m_000008497,2026-01-31T09:21:14Z,u_001752,email,weight_loss_series,sent
m_000008498,2026-02-01T22:50:32Z,u_000474,email,sleep_challenge,sent
m_000008499,2026-02-02T00:38:29Z,u_004882,push,weight_loss_series,opened
m_000008500,2026-01-28T14:05:09Z,u_002044,push,stress_relief_program,sent
m_000008501,2026-01-29T22:12:26Z,u_004466,email,weekly_digest,sent
m_000008502,2026-01-30T03:18:26Z,u_002347,sms,weight_loss_series,sent
m_000008503,2026-01-29T21:04:14Z,u_001584,sms,weekly_digest,sent
m_000008504,2026-02-02T10:51:28Z,u_004505,sms,new_content_alert,opened
m_000008505,2026-02-02T12:51:58Z,u_002205,push,sleep_challenge,sent
m_000008506,2026-01-29T16:06:36Z,u_004818,sms,weight_loss_series,sent
m_000008507,2026-01-31T14:53:34Z,u_001470,push,new_content_alert,delivered
m_000008508,2026-01-27T06:56:18Z,u_002043,email,weight_loss_series,clicked
m_000008509,2026-02-01T00:48:38Z,u_002019,push,weight_loss_series,sent
m_000008510,2026-01-30T21:53:27Z,u_004991,push,new_content_alert,sent
m_000008511,2026-01-31T07:35:51Z,u_000227,email,stress_relief_program,opened
m_000008512,2026-01-27T09:02:17Z,u_000194,push,weight_loss_series,sent
m_000008513,2026-01-28T10:03:21Z,u_003874,sms,sleep_challenge,sent
m_000008514,2026-01-29T02:18:27Z,u_004923,email,stress_relief_program,opened
m_000008515,2026-01-28T20:15:32Z,u_001097,push,new_content_alert,sent
m_000008516,2026-01-28T18:11:08Z,u_003725,push,weight_loss_series,opened
m_000008517,2026-01-28T14:46:43Z,u_000476,sms,weekly_digest,sent
m_000008518,2026-01-28T17:46:54Z,u_003726,email,sleep_challenge,delivered
m_000008519,2026-01-31T19:22:15Z,u_002989,email,heart_health_month,sent
m_000008520,2026-01-31T08:17:19Z,u_001139,push,new_content_alert,sent
m_000008521,2026-02-02T13:21:23Z,u_001723,email,weekly_digest,sent
m_000008522,2026-01-31T19:58:02Z,u_000714,sms,weight_loss_series,sent
m_000008523,2026-02-02T16:10:17Z,u_004537,sms,weekly_digest,clicked
m_000008524,2026-01-30T05:01:54Z,u_000499,email,heart_health_month,opened
m_000008525,2026-01-31T17:37:25Z,u_004022,sms,weekly_digest,delivered
m_000008526,2026-01-27T00:51:58Z,u_001593,sms,heart_health_month,sent
m_000008527,2026-01-27T11:02:42Z,u_004489,sms,sleep_challenge,delivered
m_000008528,2026-02-01T06:32:11Z,u_003063,sms,weight_loss_series,sent
m_000008529,2026-01-29T15:19:55Z,u_004499,push,weight_loss_series,sent
m_000008530,2026-01-27T06:13:39Z,u_004470,push,sleep_challenge,sent
m_000008531,2026-01-30T07:59:34Z,u_003097,push,sleep_challenge,sent
m_000008532,2026-01-31T21:21:09Z,u_003437,email,weight_loss_series,sent
m_000008533,2026-01-30T09:12:10Z,u_004022,sms,heart_health_month,sent
m_000008534,2026-01-27T13:34:07Z,u_001218,email,weekly_digest,sent
m_000008535,2026-01-29T13:57:38Z,u_002361,email,heart_health_month,sent
m_000008536,2026-02-02T14:56:24Z,u_000043,push,sleep_challenge,sent
m_000008537,2026-01-27T11:56:47Z,u_002087,push,sleep_challenge,delivered
m_000008538,2026-01-30T00:05:39Z,u_001087,push,new_content_alert,clicked
m_000008539,2026-01-29T17:13:49Z,u_004142,email,weight_loss_series,sent
m_000008540,2026-01-30T20:22:22Z,u_002043,sms,new_content_alert,opened
m_000008541,2026-01-30T10:39:28Z,u_001711,sms,stress_relief_program,opened
m_000008542,2026-01-28T23:38:34Z,u_000705,sms,sleep_challenge,sent
m_000008543,2026-02-02T07:31:01Z,u_001364,email,new_content_alert,sent
m_000008544,2026-01-31T00:49:04Z,u_003256,email,new_content_alert,delivered
m_000008545,2026-01-29T20:31:41Z,u_003636,email,new_content_alert,sent
m_000008546,2026-01-29T14:38:10Z,u_003986,email,weight_loss_series,sent
m_000008547,2026-01-31T11:20:51Z,u_002728,push,sleep_challenge,opened
m_000008548,2026-01-27T12:35:12Z,u_000562,sms,heart_health_month,sent
m_000008549,2026-01-31T08:08:24Z,u_003642,push,heart_health_month,sent
m_000008550,2026-01-30T04:55:40Z,u_003304,push,stress_relief_program,opened
m_000008551,2026-02-01T03:33:28Z,u_000355,sms,sleep_challenge,opened
m_000008552,2026-01-30T23:35:49Z,u_000701,email,new_content_alert,sent
m_000008553,2026-01-29T23:07:42Z,u_003249,push,stress_relief_program,sent
m_000008554,2026-01-28T23:17:45Z,u_002367,sms,heart_health_month,delivered
m_000008555,2026-01-30T09:12:53Z,u_002340,push,new_content_alert,sent
m_000008556,2026-01-29T20:06:58Z,u_003259,sms,weekly_digest,opened
m_000008557,2026-01-29T01:48:49Z,u_001464,push,new_content_alert,sent
m_000008558,2026-01-26T21:59:32Z,u_004021,sms,new_content_alert,sent
m_000008559,2026-01-31T06:43:50Z,u_004620,sms,heart_health_month,sent
m_000008560,2026-01-30T02:23:14Z,u_004909,email,sleep_challenge,sent
m_000008561,2026-01-30T10:15:32Z,u_003394,sms,heart_health_month,delivered
m_000008562,2026-01-28T20:13:31Z,u_004199,push,weekly_digest,sent
m_000008563,2026-02-02T01:58:47Z,u_003271,sms,sleep_challenge,sent
m_000008564,2026-01-27T08:02:19Z,u_000838,push,new_content_alert,opened
m_000008565,2026-01-26T23:22:50Z,u_000430,sms,new_content_alert,clicked
m_000008566,2026-01-29T08:04:23Z,u_001591,push,weight_loss_series,clicked
m_000008567,2026-01-28T16:20:43Z,u_000630,sms,weekly_digest,opened
m_000008568,2026-01-28T08:25:13Z,u_002681,email,new_content_alert,opened
m_000008569,2026-02-01T15:10:13Z,u_000593,email,weight_loss_series,delivered
m_000008570,2026-01-30T03:04:53Z,u_000678,push,weekly_digest,clicked
m_000008571,2026-01-27T09:12:46Z,u_004311,email,sleep_challenge,delivered
m_000008572,2026-01-30T15:00:02Z,u_002444,email,weight_loss_series,delivered
m_000008573,2026-01-29T15:50:52Z,u_003199,push,stress_relief_program,delivered
m_000008574,2026-02-02T04:00:39Z,u_000313,sms,weight_loss_series,delivered
m_000008575,2026-01-30T00:11:36Z,u_003625,sms,weekly_digest,opened
m_000008576,2026-01-29T02:17:01Z,u_002872,email,weekly_digest,delivered
m_000008577,2026-01-29T16:58:33Z,u_004352,sms,weekly_digest,sent
m_000008578,2026-01-31T09:57:53Z,u_001075,push,sleep_challenge,sent
m_000008579,2026-01-31T08:40:33Z,u_002411,email,weight_loss_series,delivered
m_000008580,2026-01-27T23:13:23Z,u_003896,sms,weight_loss_series,sent
m_000008581,2026-01-30T10:34:00Z,u_002440,email,heart_health_month,sent
m_000008582,2026-02-02T11:01:19Z,u_000686,push,sleep_challenge,delivered
m_000008583,2026-01-27T07:31:51Z,u_002293,push,new_content_alert,sent
m_000008584,2026-01-29T09:28:41Z,u_003022,email,sleep_challenge,sent
m_000008585,2026-01-30T14:29:41Z,u_001626,sms,heart_health_month,sent
m_000008586,2026-01-30T02:21:40Z,u_001577,email,weight_loss_series,sent
m_000008587,2026-01-31T22:37:15Z,u_000832,email,new_content_alert,clicked
m_000008588,2026-01-30T20:31:50Z,u_001632,email,weekly_digest,delivered
m_000008589,2026-01-28T12:11:25Z,u_000977,push,stress_relief_program,delivered
m_000008590,2026-01-31T19:10:03Z,u_000206,push,stress_relief_program,sent
m_000008591,2026-01-28T07:39:54Z,u_003906,email,stress_relief_program,sent
m_000008592,2026-01-28T22:44:24Z,u_000610,push,weekly_digest,sent
m_000008593,2026-01-30T16:17:08Z,u_003973,push,sleep_challenge,sent
m_000008594,2026-01-27T05:34:59Z,u_001368,sms,weekly_digest,opened
m_000008595,2026-01-28T10:29:16Z,u_004248,sms,heart_health_month,delivered
m_000008596,2026-01-27T23:40:44Z,u_000262,push,heart_health_month,opened
m_000008597,2026-02-02T17:02:16Z,u_004913,email,stress_relief_program,sent
m_000008598,2026-02-01T00:27:03Z,u_000269,sms,sleep_challenge,sent
m_000008599,2026-02-01T03:26:22Z,u_001621,sms,new_content_alert,sent
m_000008600,2026-01-29T02:59:03Z,u_001562,push,weight_loss_series,sent
m_000008601,2026-01-27T22:58:27Z,u_000146,email,weight_loss_series,opened
m_000008602,2026-02-02T03:16:32Z,u_004825,push,weight_loss_series,opened
m_000008603,2026-01-31T04:32:11Z,u_004379,email,sleep_challenge,sent
m_000008604,2026-01-30T14:00:37Z,u_000106,push,stress_relief_program,sent
m_000008605,2026-02-01T00:13:33Z,u_002803,sms,weight_loss_series,delivered
m_000008606,2026-01-31T17:33:40Z,u_001507,sms,heart_health_month,delivered
m_000008607,2026-02-01T07:06:23Z,u_002247,email,weight_loss_series,sent
m_000008608,2026-01-28T19:17:30Z,u_002528,push,sleep_challenge,delivered
m_000008609,2026-01-27T22:00:12Z,u_004260,email,heart_health_month,sent
m_000008610,2026-01-27T15:56:30Z,u_000975,sms,weekly_digest,sent
m_000008611,2026-01-30T13:30:28Z,u_002809,email,weekly_digest,sent
m_000008612,2026-02-01T00:16:39Z,u_004144,push,sleep_challenge,sent
m_000008613,2026-01-28T00:08:35Z,u_000013,sms,stress_relief_program,sent
m_000008614,2026-01-27T22:47:46Z,u_001581,email,weekly_digest,sent
m_000008615,2026-01-29T19:39:20Z,u_001225,email,new_content_alert,delivered
m_000008616,2026-01-27T09:58:23Z,u_000497,push,weight_loss_series,sent
m_000008617,2026-02-02T12:46:30Z,u_003585,email,stress_relief_program,opened
m_000008618,2026-02-02T18:32:19Z,u_001442,push,weight_loss_series,sent
m_000008619,2026-01-27T14:47:23Z,u_000791,push,sleep_challenge,sent
m_000008620,2026-01-29T03:57:00Z,u_002349,email,weight_loss_series,sent
m_000008621,2026-01-30T15:03:37Z,u_003703,sms,heart_health_month,sent
m_000008622,2026-01-28T23:02:35Z,u_004108,push,weight_loss_series,sent
m_000008623,2026-01-30T22:37:11Z,u_004204,push,heart_health_month,sent
m_000008624,2026-01-27T03:30:31Z,u_000164,sms,weight_loss_series,sent
m_000008625,2026-01-29T03:55:28Z,u_003840,push,sleep_challenge,sent
m_000008626,2026-01-29T15:31:03Z,u_000285,email,stress_relief_program,sent
m_000008627,2026-01-31T07:04:25Z,u_000675,email,weekly_digest,sent
m_000008628,2026-01-30T13:30:27Z,u_003459,push,heart_health_month,sent
m_000008629,2026-01-27T14:27:30Z,u_001286,sms,heart_health_month,sent
m_000008630,2026-01-30T15:05:35Z,u_002068,email,sleep_challenge,sent
m_000008631,2026-02-01T06:52:43Z,u_004630,push,heart_health_month,sent
m_000008632,2026-01-31T04:48:33Z,u_001374,sms,sleep_challenge,sent
m_000008633,2026-01-27T12:50:47Z,u_001108,sms,weight_loss_series,sent
m_000008634,2026-01-30T15:09:19Z,u_001715,email,weekly_digest,sent
m_000008635,2026-01-27T06:09:56Z,u_003922,email,new_content_alert,sent
m_000008636,2026-02-01T17:52:00Z,u_002576,sms,weight_loss_series,sent
m_000008637,2026-01-29T00:28:26Z,u_001956,sms,weight_loss_series,sent
m_000008638,2026-01-29T12:08:04Z,u_003498,push,heart_health_month,sent
m_000008639,2026-01-28T06:43:09Z,u_000334,sms,new_content_alert,sent
m_000008640,2026-02-02T00:34:28Z,u_004467,sms,stress_relief_program,delivered
m_000008641,2026-02-02T01:04:08Z,u_000745,push,weekly_digest,opened
m_000008642,2026-01-27T14:00:37Z,u_002697,push,weight_loss_series,sent
m_000008643,2026-01-27T14:36:08Z,u_004317,email,stress_relief_program,delivered
m_000008644,2026-01-28T18:34:29Z,u_003248,email,weekly_digest,sent
m_000008645,2026-01-26T21:07:45Z,u_000952,email,stress_relief_program,sent
m_000008646,2026-02-01T04:45:44Z,u_000453,push,new_content_alert,delivered
m_000008647,2026-01-30T13:23:57Z,u_003111,sms,heart_health_month,sent
m_000008648,2026-01-28T10:17:12Z,u_001948,sms,weight_loss_series,sent
m_000008649,2026-01-30T15:50:29Z,u_003297,sms,sleep_challenge,opened
m_000008650,2026-02-01T19:00:05Z,u_000979,email,weight_loss_series,sent
m_000008651,2026-01-29T14:41:02Z,u_000213,push,new_content_alert,opened
m_000008652,2026-02-02T19:02:15Z,u_004083,push,weekly_digest,delivered
m_000008653,2026-01-30T13:34:25Z,u_001825,sms,weekly_digest,sent
m_000008654,2026-01-29T14:40:16Z,u_002372,email,weekly_digest,delivered
m_000008655,2026-01-29T00:15:26Z,u_001793,push,new_content_alert,sent
m_000008656,2026-01-30T04:13:04Z,u_001096,email,heart_health_month,sent
m_000008657,2026-01-27T08:50:04Z,u_003055,push,weekly_digest,opened
m_000008658,2026-01-29T17:40:43Z,u_000301,sms,weight_loss_series,sent
m_000008659,2026-01-30T14:48:34Z,u_004424,push,sleep_challenge,sent
m_000008660,2026-01-28T04:28:28Z,u_003056,push,stress_relief_program,opened
m_000008661,2026-01-31T23:49:54Z,u_000072,email,heart_health_month,delivered
m_000008662,2026-01-29T07:51:34Z,u_003995,push,heart_health_month,sent
m_000008663,2026-02-01T19:28:56Z,u_002477,push,sleep_challenge,delivered
m_000008664,2026-01-28T21:25:22Z,u_000872,push,new_content_alert,sent
m_000008665,2026-01-30T14:47:28Z,u_003836,push,weight_loss_series,sent
m_000008666,2026-01-31T03:40:30Z,u_004497,push,weight_loss_series,delivered
m_000008667,2026-02-02T04:44:54Z,u_001186,push,weekly_digest,delivered
m_000008668,2026-01-31T08:55:19Z,u_001967,push,sleep_challenge,sent
m_000008669,2026-01-27T08:41:02Z,u_003077,sms,sleep_challenge,delivered
m_000008670,2026-01-27T03:15:21Z,u_003782,email,stress_relief_program,delivered
m_000008671,2026-01-27T02:58:36Z,u_001813,sms,new_content_alert,delivered
m_000008672,2026-01-29T22:51:44Z,u_002203,sms,weight_loss_series,sent
m_000008673,2026-01-29T01:16:08Z,u_004154,sms,heart_health_month,delivered
m_000008674,2026-01-27T15:20:37Z,u_001562,sms,weight_loss_series,delivered
m_000008675,2026-01-31T20:41:11Z,u_000760,push,sleep_challenge,delivered
m_000008676,2026-02-01T17:56:30Z,u_001242,email,stress_relief_program,sent
m_000008677,2026-01-31T18:48:14Z,u_002211,sms,weight_loss_series,sent
m_000008678,2026-01-27T01:25:00Z,u_001938,push,new_content_alert,sent
m_000008679,2026-01-30T16:51:50Z,u_003876,sms,sleep_challenge,delivered
m_000008680,2026-01-30T11:54:43Z,u_003577,email,heart_health_month,sent
m_000008681,2026-02-01T17:31:20Z,u_004157,sms,weight_loss_series,sent
m_000008682,2026-01-31T03:33:59Z,u_001490,email,weekly_digest,opened
m_000008683,2026-01-29T00:04:18Z,u_002198,push,heart_health_month,delivered
m_000008684,2026-02-01T23:05:44Z,u_003594,email,weight_loss_series,sent
m_000008685,2026-01-28T23:30:51Z,u_004708,sms,weight_loss_series,opened
m_000008686,2026-01-28T15:44:54Z,u_004182,email,stress_relief_program,opened
m_000008687,2026-02-01T00:37:58Z,u_000064,email,sleep_challenge,sent
m_000008688,2026-01-28T14:22:08Z,u_001887,sms,sleep_challenge,clicked
m_000008689,2026-01-27T10:05:54Z,u_003218,push,weekly_digest,sent
m_000008690,2026-02-01T10:21:34Z,u_001860,sms,weekly_digest,sent
m_000008691,2026-02-01T09:40:18Z,u_002890,email,stress_relief_program,delivered
m_000008692,2026-01-31T06:39:09Z,u_001898,sms,heart_health_month,opened
m_000008693,2026-01-27T23:05:09Z,u_004514,email,heart_health_month,sent
m_000008694,2026-01-27T04:01:45Z,u_004951,push,stress_relief_program,sent
m_000008695,2026-01-29T07:06:39Z,u_003221,sms,stress_relief_program,clicked
m_000008696,2026-01-27T04:41:19Z,u_002375,push,heart_health_month,sent
m_000008697,2026-01-27T23:19:45Z,u_003967,email,weight_loss_series,sent
m_000008698,2026-01-30T00:45:10Z,u_001958,email,weekly_digest,opened
m_000008699,2026-01-27T10:29:41Z,u_002470,push,new_content_alert,sent
m_000008700,2026-01-31T12:59:31Z,u_001887,push,heart_health_month,sent
m_000008701,2026-02-01T10:51:16Z,u_001701,email,heart_health_month,sent
m_000008702,2026-02-02T10:52:32Z,u_004157,email,stress_relief_program,delivered
m_000008703,2026-01-30T04:57:28Z,u_004121,push,weekly_digest,opened
m_000008704,2026-01-31T18:42:01Z,u_003911,push,sleep_challenge,sent
m_000008705,2026-01-30T09:36:26Z,u_002742,email,sleep_challenge,sent
m_000008706,2026-01-27T22:36:11Z,u_002271,email,heart_health_month,delivered
m_000008707,2026-01-28T15:49:27Z,u_003947,email,new_content_alert,delivered
m_000008708,2026-01-31T21:54:04Z,u_002130,sms,heart_health_month,sent
m_000008709,2026-01-31T22:00:56Z,u_003246,push,new_content_alert,delivered
m_000008710,2026-01-27T11:24:52Z,u_000640,push,new_content_alert,sent
m_000008711,2026-01-29T21:34:26Z,u_002855,sms,heart_health_month,sent
m_000008712,2026-01-26T22:30:10Z,u_000233,email,stress_relief_program,sent
m_000008713,2026-01-28T00:26:46Z,u_001302,email,new_content_alert,sent
m_000008714,2026-01-30T15:33:29Z,u_000076,sms,new_content_alert,sent
m_000008715,2026-01-28T08:41:24Z,u_002713,email,weekly_digest,sent
m_000008716,2026-02-02T17:20:18Z,u_002774,sms,new_content_alert,sent
m_000008717,2026-01-31T02:40:04Z,u_002699,email,heart_health_month,sent
m_000008718,2026-01-30T01:12:06Z,u_000298,email,sleep_challenge,sent
m_000008719,2026-01-27T03:31:24Z,u_004057,sms,stress_relief_program,clicked
m_000008720,2026-01-28T20:37:05Z,u_003164,sms,heart_health_month,sent
m_000008721,2026-01-29T12:14:50Z,u_003644,sms,weight_loss_series,sent
m_000008722,2026-02-01T07:46:36Z,u_000257,push,new_content_alert,sent
m_000008723,2026-01-29T19:35:16Z,u_001569,email,stress_relief_program,sent
m_000008724,2026-01-27T02:38:43Z,u_000485,email,weight_loss_series,delivered
m_000008725,2026-02-01T01:59:12Z,u_004716,email,stress_relief_program,sent
m_000008726,2026-01-28T16:17:31Z,u_003129,sms,sleep_challenge,opened
m_000008727,2026-01-30T02:41:16Z,u_000811,sms,sleep_challenge,opened
m_000008728,2026-01-31T07:27:40Z,u_001672,push,stress_relief_program,sent
m_000008729,2026-01-28T08:03:48Z,u_002062,push,stress_relief_program,delivered
m_000008730,2026-02-01T19:49:54Z,u_000152,email,sleep_challenge,sent
m_000008731,2026-01-31T15:11:25Z,u_004850,push,weekly_digest,sent
m_000008732,2026-01-28T15:36:38Z,u_004168,push,weight_loss_series,opened
m_000008733,2026-01-30T01:11:08Z,u_002701,sms,sleep_challenge,sent
m_000008734,2026-01-29T07:41:02Z,u_004074,email,stress_relief_program,sent
m_000008735,2026-01-28T19:19:55Z,u_004900,email,stress_relief_program,delivered
m_000008736,2026-02-01T09:57:15Z,u_004020,push,sleep_challenge,delivered
m_000008737,2026-01-30T12:54:41Z,u_001019,email,sleep_challenge,opened
m_000008738,2026-02-01T18:15:06Z,u_002770,push,heart_health_month,sent
m_000008739,2026-02-01T18:34:58Z,u_000919,push,new_content_alert,sent
m_000008740,2026-01-28T07:06:28Z,u_002613,sms,weekly_digest,delivered
m_000008741,2026-01-30T05:37:24Z,u_000321,email,weight_loss_series,delivered
m_000008742,2026-02-01T23:53:25Z,u_002349,email,sleep_challenge,delivered
m_000008743,2026-02-01T22:43:14Z,u_001270,sms,sleep_challenge,sent
m_000008744,2026-01-31T04:44:58Z,u_002918,push,sleep_challenge,sent
m_000008745,2026-02-02T07:17:27Z,u_001738,email,new_content_alert,sent
m_000008746,2026-01-31T08:48:57Z,u_002219,email,sleep_challenge,sent
m_000008747,2026-01-31T04:30:15Z,u_000463,email,new_content_alert,sent
m_000008748,2026-01-28T12:52:35Z,u_003738,sms,sleep_challenge,sent
m_000008749,2026-01-31T18:53:44Z,u_003941,sms,heart_health_month,sent
m_000008750,2026-01-29T17:31:43Z,u_004152,sms,stress_relief_program,sent
m_000008751,2026-02-01T03:39:03Z,u_003110,push,weekly_digest,opened
m_000008752,2026-02-02T03:50:33Z,u_000514,email,new_content_alert,sent
m_000008753,2026-01-27T20:19:48Z,u_001755,email,sleep_challenge,delivered
m_000008754,2026-01-31T17:13:38Z,u_000589,push,sleep_challenge,delivered
m_000008755,2026-01-30T21:13:56Z,u_002292,email,stress_relief_program,opened
m_000008756,2026-01-30T21:25:51Z,u_003137,sms,sleep_challenge,delivered
m_000008757,2026-01-28T01:32:17Z,u_000292,sms,sleep_challenge,delivered
m_000008758,2026-01-29T11:56:37Z,u_002950,email,weekly_digest,sent
m_000008759,2026-01-30T15:40:26Z,u_002610,push,stress_relief_program,delivered
m_000008760,2026-01-28T01:57:55Z,u_004342,push,heart_health_month,sent
m_000008761,2026-01-28T02:02:18Z,u_004141,push,heart_health_month,sent
m_000008762,2026-02-01T06:24:17Z,u_003978,email,weight_loss_series,clicked
m_000008763,2026-02-01T17:46:33Z,u_000743,email,stress_relief_program,delivered
m_000008764,2026-02-01T20:40:24Z,u_001445,sms,weekly_digest,clicked
m_000008765,2026-01-29T06:59:03Z,u_001784,email,stress_relief_program,sent
m_000008766,2026-02-02T15:49:50Z,u_000401,push,heart_health_month,opened
m_000008767,2026-01-27T18:35:15Z,u_004081,sms,stress_relief_program,sent
m_000008768,2026-01-27T23:19:48Z,u_002213,sms,heart_health_month,sent
m_000008769,2026-01-30T20:45:49Z,u_004296,sms,new_content_alert,delivered
m_000008770,2026-01-28T23:10:57Z,u_004517,sms,new_content_alert,sent
m_000008771,2026-01-31T12:51:10Z,u_003332,push,new_content_alert,sent
m_000008772,2026-01-27T01:10:41Z,u_004682,email,sleep_challenge,sent
m_000008773,2026-02-02T10:14:26Z,u_001449,push,stress_relief_program,delivered
m_000008774,2026-01-29T03:07:36Z,u_004420,push,weight_loss_series,sent
m_000008775,2026-01-28T12:53:49Z,u_003154,sms,heart_health_month,sent
m_000008776,2026-01-26T23:03:21Z,u_002140,push,weight_loss_series,sent
m_000008777,2026-02-02T05:47:57Z,u_002017,sms,weight_loss_series,opened
m_000008778,2026-02-01T23:35:17Z,u_000957,sms,stress_relief_program,opened
m_000008779,2026-01-29T01:55:07Z,u_004948,push,heart_health_month,delivered
m_000008780,2026-01-31T09:14:11Z,u_002694,sms,weight_loss_series,delivered
m_000008781,2026-02-01T15:11:52Z,u_000371,push,sleep_challenge,sent
m_000008782,2026-01-30T09:27:08Z,u_002623,sms,new_content_alert,sent
m_000008783,2026-01-30T22:41:43Z,u_002255,sms,weekly_digest,delivered
m_000008784,2026-02-01T17:11:55Z,u_002553,sms,stress_relief_program,sent
m_000008785,2026-02-01T15:25:16Z,u_003119,sms,weekly_digest,sent
m_000008786,2026-01-31T15:56:29Z,u_003607,sms,weight_loss_series,sent
m_000008787,2026-01-31T10:34:48Z,u_001841,push,weight_loss_series,sent
m_000008788,2026-02-01T02:35:08Z,u_003690,email,sleep_challenge,sent
m_000008789,2026-02-01T15:48:10Z,u_000892,email,stress_relief_program,delivered
m_000008790,2026-01-30T16:43:10Z,u_000486,email,stress_relief_program,sent
m_000008791,2026-01-31T00:19:05Z,u_002575,sms,weight_loss_series,sent
m_000008792,2026-02-02T18:48:47Z,u_001405,email,heart_health_month,delivered
m_000008793,2026-01-26T22:59:08Z,u_003028,email,weight_loss_series,opened
m_000008794,2026-02-01T06:16:42Z,u_004734,push,stress_relief_program,sent
m_000008795,2026-02-02T16:12:00Z,u_003596,sms,sleep_challenge,sent
m_000008796,2026-01-29T11:28:44Z,u_003734,sms,weight_loss_series,delivered
m_000008797,2026-01-30T02:15:52Z,u_001755,sms,weight_loss_series,sent
m_000008798,2026-01-30T20:08:34Z,u_002716,email,new_content_alert,sent
m_000008799,2026-01-27T07:53:05Z,u_003346,sms,sleep_challenge,sent
m_000008800,2026-01-26T20:52:00Z,u_001501,email,new_content_alert,sent
m_000008801,2026-01-30T09:15:57Z,u_003110,sms,weight_loss_series,sent
m_000008802,2026-01-28T02:37:50Z,u_000190,email,stress_relief_program,delivered
m_000008803,2026-01-27T21:55:26Z,u_003434,push,weekly_digest,sent
m_000008804,2026-02-02T11:02:03Z,u_003812,email,stress_relief_program,sent
m_000008805,2026-01-29T15:32:04Z,u_004543,email,stress_relief_program,sent
m_000008806,2026-01-28T16:24:51Z,u_000665,sms,stress_relief_program,sent
m_000008807,2026-01-31T08:50:03Z,u_003509,push,weight_loss_series,sent
m_000008808,2026-02-01T17:02:39Z,u_001532,push,new_content_alert,delivered
m_000008809,2026-02-02T08:51:42Z,u_003141,sms,weekly_digest,sent
m_000008810,2026-01-29T06:00:51Z,u_001738,email,weight_loss_series,sent
m_000008811,2026-02-01T20:46:30Z,u_002102,email,heart_health_month,opened
m_000008812,2026-01-27T09:37:21Z,u_004436,email,sleep_challenge,opened
m_000008813,2026-01-29T04:43:44Z,u_003209,sms,new_content_alert,clicked
m_000008814,2026-01-30T08:26:51Z,u_003384,push,heart_health_month,sent
m_000008815,2026-02-02T12:41:55Z,u_002436,email,new_content_alert,delivered
m_000008816,2026-01-27T01:54:52Z,u_000346,email,sleep_challenge,opened
m_000008817,2026-02-02T05:08:31Z,u_003859,email,heart_health_month,delivered
m_000008818,2026-01-28T12:15:03Z,u_001230,email,heart_health_month,sent
m_000008819,2026-01-27T21:53:24Z,u_002684,push,new_content_alert,sent
m_000008820,2026-01-28T03:11:30Z,u_004645,sms,sleep_challenge,sent
m_000008821,2026-01-28T19:49:41Z,u_001175,push,weekly_digest,sent
m_000008822,2026-01-31T15:06:44Z,u_002782,sms,stress_relief_program,delivered
m_000008823,2026-01-29T00:07:14Z,u_002226,sms,new_content_alert,delivered
m_000008824,2026-01-31T03:13:00Z,u_004377,push,new_content_alert,opened
m_000008825,2026-01-28T04:51:34Z,u_003244,email,heart_health_month,sent
m_000008826,2026-01-28T09:47:27Z,u_000018,push,new_content_alert,sent
m_000008827,2026-02-01T23:54:52Z,u_004556,email,weight_loss_series,clicked
m_000008828,2026-02-01T18:36:03Z,u_004521,push,sleep_challenge,sent
m_000008829,2026-02-01T08:28:35Z,u_003062,push,heart_health_month,delivered
m_000008830,2026-01-30T01:45:08Z,u_002190,sms,stress_relief_program,delivered
m_000008831,2026-01-29T17:21:42Z,u_003175,push,heart_health_month,sent
m_000008832,2026-01-27T02:06:58Z,u_002024,email,sleep_challenge,sent
m_000008833,2026-01-28T12:07:31Z,u_001985,sms,weight_loss_series,sent
m_000008834,2026-02-01T21:26:41Z,u_004241,push,heart_health_month,clicked
m_000008835,2026-01-30T03:45:31Z,u_001227,email,heart_health_month,sent
m_000008836,2026-02-01T20:02:03Z,u_001423,push,weekly_digest,delivered
m_000008837,2026-02-01T19:17:11Z,u_000097,email,new_content_alert,sent
m_000008838,2026-01-28T13:52:52Z,u_001779,email,weekly_digest,opened
m_000008839,2026-01-26T21:47:28Z,u_000135,email,weight_loss_series,sent
m_000008840,2026-02-02T14:21:51Z,u_002734,email,stress_relief_program,clicked
m_000008841,2026-02-01T08:48:30Z,u_002975,sms,weight_loss_series,sent
m_000008842,2026-02-01T14:14:14Z,u_001786,sms,weight_loss_series,sent
m_000008843,2026-01-27T08:07:59Z,u_001376,email,weight_loss_series,sent
m_000008844,2026-01-29T10:30:02Z,u_002799,push,new_content_alert,sent
m_000008845,2026-01-29T03:06:09Z,u_003936,push,sleep_challenge,sent
m_000008846,2026-01-30T08:22:02Z,u_003770,sms,sleep_challenge,opened
m_000008847,2026-01-28T23:21:09Z,u_004883,email,weekly_digest,sent
m_000008848,2026-01-28T03:51:13Z,u_004443,push,sleep_challenge,delivered
m_000008849,2026-01-31T16:15:18Z,u_000056,sms,stress_relief_program,sent
m_000008850,2026-01-31T09:39:21Z,u_001891,sms,heart_health_month,sent
m_000008851,2026-01-30T10:58:56Z,u_003704,email,new_content_alert,delivered
m_000008852,2026-01-29T11:19:35Z,u_003860,push,stress_relief_program,sent
m_000008853,2026-01-30T03:57:17Z,u_003711,email,stress_relief_program,sent
m_000008854,2026-01-28T08:47:33Z,u_004019,push,new_content_alert,sent
m_000008855,2026-01-31T11:23:24Z,u_002116,email,sleep_challenge,sent
m_000008856,2026-02-01T20:59:40Z,u_000339,push,stress_relief_program,sent
m_000008857,2026-01-28T04:27:02Z,u_004848,email,weekly_digest,opened
m_000008858,2026-01-28T09:17:21Z,u_004078,email,heart_health_month,delivered
m_000008859,2026-01-28T15:45:12Z,u_002142,sms,stress_relief_program,sent
m_000008860,2026-01-29T09:07:00Z,u_001350,push,weight_loss_series,opened
m_000008861,2026-01-30T13:00:57Z,u_000043,sms,sleep_challenge,sent
m_000008862,2026-01-29T03:12:39Z,u_003327,sms,stress_relief_program,sent
m_000008863,2026-01-30T03:38:52Z,u_001803,push,heart_health_month,opened
m_000008864,2026-01-29T02:32:02Z,u_001477,push,heart_health_month,sent
m_000008865,2026-02-01T09:19:57Z,u_004183,push,sleep_challenge,sent
m_000008866,2026-01-31T01:04:25Z,u_003604,push,weekly_digest,sent
m_000008867,2026-01-30T19:39:13Z,u_004190,push,heart_health_month,opened
m_000008868,2026-01-29T08:33:11Z,u_002391,sms,weight_loss_series,opened
m_000008869,2026-01-30T00:53:40Z,u_000184,email,weekly_digest,sent
m_000008870,2026-01-29T06:10:11Z,u_001673,push,sleep_challenge,opened
m_000008871,2026-02-01T18:41:59Z,u_003783,sms,weekly_digest,delivered
m_000008872,2026-01-30T10:14:37Z,u_004899,push,heart_health_month,sent
m_000008873,2026-01-30T15:33:17Z,u_003601,email,sleep_challenge,sent
m_000008874,2026-01-30T17:16:52Z,u_001048,email,weekly_digest,delivered
m_000008875,2026-01-27T21:11:35Z,u_001643,push,stress_relief_program,opened
m_000008876,2026-01-31T16:45:16Z,u_004809,email,stress_relief_program,clicked
m_000008877,2026-01-27T12:25:29Z,u_002865,push,stress_relief_program,delivered
m_000008878,2026-01-28T20:46:23Z,u_001538,sms,weight_loss_series,delivered
m_000008879,2026-01-30T12:57:36Z,u_000630,push,weekly_digest,sent
m_000008880,2026-02-01T15:44:44Z,u_001278,sms,weekly_digest,delivered
m_000008881,2026-02-02T06:47:51Z,u_003317,email,stress_relief_program,sent
m_000008882,2026-01-29T17:09:36Z,u_002653,sms,weekly_digest,clicked
m_000008883,2026-01-29T16:42:30Z,u_000947,email,sleep_challenge,opened
m_000008884,2026-02-02T16:12:41Z,u_001118,email,heart_health_month,delivered
m_000008885,2026-01-30T14:26:53Z,u_002741,email,weekly_digest,delivered
m_000008886,2026-02-02T18:50:38Z,u_001270,push,heart_health_month,sent
m_000008887,2026-01-27T22:49:14Z,u_001856,sms,weekly_digest,unsubscribed
m_000008888,2026-01-31T02:04:34Z,u_000940,email,sleep_challenge,sent
m_000008889,2026-02-02T14:42:11Z,u_002458,sms,sleep_challenge,sent
m_000008890,2026-01-31T22:49:39Z,u_002654,email,heart_health_month,delivered
m_000008891,2026-01-31T06:15:02Z,u_001569,push,weight_loss_series,opened
m_000008892,2026-01-28T16:01:05Z,u_002455,email,heart_health_month,sent
m_000008893,2026-02-02T11:10:49Z,u_003068,email,stress_relief_program,sent
m_000008894,2026-01-28T20:36:36Z,u_001406,push,sleep_challenge,sent
m_000008895,2026-01-27T13:20:17Z,u_001165,push,stress_relief_program,sent
m_000008896,2026-01-30T06:45:10Z,u_002879,push,weight_loss_series,delivered
m_000008897,2026-01-30T23:40:05Z,u_001470,sms,weight_loss_series,sent
m_000008898,2026-01-30T22:26:57Z,u_003806,email,weekly_digest,opened
m_000008899,2026-01-27T20:40:17Z,u_001137,email,heart_health_month,sent
m_000008900,2026-01-29T09:23:00Z,u_002582,email,sleep_challenge,clicked
m_000008901,2026-01-28T01:24:53Z,u_000517,push,sleep_challenge,delivered
m_000008902,2026-02-02T17:02:22Z,u_001132,email,sleep_challenge,sent
m_000008903,2026-01-29T06:13:43Z,u_001100,push,new_content_alert,sent
m_000008904,2026-01-27T00:08:10Z,u_004658,push,heart_health_month,sent
m_000008905,2026-02-01T19:01:31Z,u_003334,push,sleep_challenge,sent
m_000008906,2026-01-27T01:49:44Z,u_004781,push,weekly_digest,sent
m_000008907,2026-01-28T22:59:25Z,u_001602,email,new_content_alert,sent
m_000008908,2026-01-27T06:55:21Z,u_004588,sms,heart_health_month,opened
m_000008909,2026-02-01T19:22:48Z,u_004498,sms,stress_relief_program,sent
m_000008910,2026-02-01T20:49:40Z,u_004337,push,stress_relief_program,opened
m_000008911,2026-02-01T23:20:24Z,u_000999,sms,weight_loss_series,delivered
m_000008912,2026-01-28T08:52:37Z,u_003085,sms,sleep_challenge,delivered
m_000008913,2026-01-31T00:22:19Z,u_004145,push,stress_relief_program,delivered
m_000008914,2026-01-30T00:31:55Z,u_000711,email,stress_relief_program,sent
m_000008915,2026-01-31T17:12:12Z,u_003062,email,sleep_challenge,delivered
m_000008916,2026-01-26T21:53:04Z,u_003916,push,new_content_alert,sent
m_000008917,2026-01-27T18:42:14Z,u_004797,push,weekly_digest,sent
m_000008918,2026-02-02T00:53:07Z,u_001439,sms,weight_loss_series,sent
m_000008919,2026-01-29T16:40:37Z,u_000279,sms,new_content_alert,sent
m_000008920,2026-01-29T03:52:03Z,u_000482,email,new_content_alert,unsubscribed
m_000008921,2026-01-29T22:09:55Z,u_004427,sms,weekly_digest,sent
m_000008922,2026-01-30T23:35:08Z,u_003821,email,heart_health_month,opened
m_000008923,2026-01-27T06:19:10Z,u_002541,push,weekly_digest,sent
m_000008924,2026-02-01T12:12:34Z,u_001834,sms,weight_loss_series,opened
m_000008925,2026-01-30T15:33:40Z,u_002122,push,weight_loss_series,sent
m_000008926,2026-02-01T01:42:20Z,u_003925,push,weight_loss_series,sent
m_000008927,2026-01-28T07:22:37Z,u_001307,sms,sleep_challenge,sent
m_000008928,2026-01-27T09:05:05Z,u_002407,email,weight_loss_series,sent
m_000008929,2026-01-31T07:18:27Z,u_001455,email,heart_health_month,sent
m_000008930,2026-01-29T14:37:12Z,u_004130,push,weekly_digest,delivered
m_000008931,2026-02-02T10:55:59Z,u_000128,email,weekly_digest,sent
m_000008932,2026-02-01T15:34:08Z,u_002053,sms,stress_relief_program,delivered
m_000008933,2026-01-29T16:48:16Z,u_002429,push,stress_relief_program,opened
m_000008934,2026-02-01T18:12:25Z,u_000559,email,stress_relief_program,opened
m_000008935,2026-02-01T21:03:27Z,u_001817,push,weight_loss_series,opened
m_000008936,2026-02-01T23:38:50Z,u_001240,sms,weekly_digest,sent
m_000008937,2026-01-31T04:19:26Z,u_001289,push,weekly_digest,sent
m_000008938,2026-02-02T17:36:36Z,u_002754,push,weight_loss_series,sent
m_000008939,2026-01-29T10:29:52Z,u_001232,email,weekly_digest,sent
m_000008940,2026-01-29T12:36:50Z,u_003068,push,weight_loss_series,sent
m_000008941,2026-01-31T00:34:27Z,u_000107,sms,stress_relief_program,sent
m_000008942,2026-01-28T20:42:02Z,u_004436,sms,new_content_alert,sent
m_000008943,2026-02-01T10:57:11Z,u_003788,email,weekly_digest,delivered
m_000008944,2026-01-28T22:47:12Z,u_002110,push,stress_relief_program,delivered
m_000008945,2026-01-30T00:53:30Z,u_000793,email,weekly_digest,delivered
m_000008946,2026-01-28T05:20:23Z,u_003825,email,weight_loss_series,sent
m_000008947,2026-01-27T15:15:12Z,u_003056,email,new_content_alert,delivered
m_000008948,2026-01-27T19:20:50Z,u_004046,email,weekly_digest,sent
m_000008949,2026-01-27T16:01:26Z,u_000717,email,heart_health_month,sent
m_000008950,2026-02-01T17:48:44Z,u_001842,sms,weight_loss_series,delivered
m_000008951,2026-02-02T17:25:40Z,u_000024,push,heart_health_month,sent
m_000008952,2026-01-27T14:21:29Z,u_004967,sms,sleep_challenge,delivered
m_000008953,2026-01-29T16:00:02Z,u_002954,email,weekly_digest,sent
m_000008954,2026-02-01T19:06:04Z,u_000702,push,heart_health_month,sent
m_000008955,2026-01-31T05:06:10Z,u_004565,email,stress_relief_program,sent
m_000008956,2026-01-27T14:33:36Z,u_003549,email,weight_loss_series,opened
m_000008957,2026-01-29T00:24:58Z,u_000360,push,weekly_digest,delivered
m_000008958,2026-02-02T14:01:24Z,u_004849,email,weekly_digest,sent
m_000008959,2026-01-29T07:28:12Z,u_001413,email,weekly_digest,sent
m_000008960,2026-02-01T22:40:32Z,u_002658,email,sleep_challenge,sent
m_000008961,2026-01-27T19:48:45Z,u_002234,sms,heart_health_month,delivered
m_000008962,2026-01-27T02:28:03Z,u_001884,push,weekly_digest,sent
m_000008963,2026-01-30T22:32:06Z,u_001546,email,heart_health_month,sent
m_000008964,2026-01-29T16:18:02Z,u_003154,sms,heart_health_month,opened
m_000008965,2026-01-31T14:32:15Z,u_000701,push,new_content_alert,sent
m_000008966,2026-02-02T01:55:29Z,u_000737,sms,weekly_digest,sent
m_000008967,2026-01-29T11:55:07Z,u_001945,email,new_content_alert,sent
m_000008968,2026-01-30T14:09:00Z,u_000841,email,sleep_challenge,clicked
m_000008969,2026-01-28T13:31:09Z,u_003886,sms,heart_health_month,sent
m_000008970,2026-01-27T08:43:01Z,u_002349,sms,heart_health_month,sent
m_000008971,2026-01-28T23:00:05Z,u_004725,push,weekly_digest,sent
m_000008972,2026-01-29T16:12:54Z,u_003785,sms,heart_health_month,sent
m_000008973,2026-01-27T18:34:58Z,u_001565,email,sleep_challenge,sent
m_000008974,2026-02-02T14:50:25Z,u_004752,sms,sleep_challenge,delivered
m_000008975,2026-01-28T09:08:53Z,u_000851,push,heart_health_month,delivered
m_000008976,2026-01-27T15:38:29Z,u_000201,email,sleep_challenge,sent
m_000008977,2026-01-27T04:17:15Z,u_000647,sms,new_content_alert,sent
m_000008978,2026-02-02T11:40:27Z,u_003431,sms,heart_health_month,sent
m_000008979,2026-01-30T09:03:48Z,u_003632,push,weight_loss_series,sent
m_000008980,2026-02-02T11:12:02Z,u_000860,push,weekly_digest,clicked
m_000008981,2026-01-27T22:14:11Z,u_004205,sms,new_content_alert,sent
m_000008982,2026-01-29T00:05:56Z,u_003995,push,weekly_digest,sent
m_000008983,2026-02-02T10:02:07Z,u_004124,email,heart_health_month,sent
m_000008984,2026-02-01T22:43:40Z,u_002295,sms,sleep_challenge,sent
m_000008985,2026-01-29T13:58:06Z,u_000643,email,heart_health_month,opened
m_000008986,2026-01-27T18:12:41Z,u_000308,push,sleep_challenge,sent
m_000008987,2026-01-29T12:15:19Z,u_003969,email,heart_health_month,sent
m_000008988,2026-01-29T00:49:44Z,u_000481,push,new_content_alert,sent
m_000008989,2026-02-02T01:55:32Z,u_003192,email,weekly_digest,opened
m_000008990,2026-01-27T11:46:03Z,u_000101,sms,weight_loss_series,delivered
m_000008991,2026-01-30T13:31:26Z,u_002769,push,stress_relief_program,sent
m_000008992,2026-02-01T04:41:40Z,u_000585,sms,heart_health_month,delivered
m_000008993,2026-02-01T00:12:59Z,u_002171,email,heart_health_month,delivered
m_000008994,2026-01-29T08:33:00Z,u_003795,email,weekly_digest,sent
m_000008995,2026-01-30T01:37:21Z,u_004245,email,stress_relief_program,sent
m_000008996,2026-01-30T12:39:06Z,u_001722,email,stress_relief_program,sent
m_000008997,2026-01-31T07:08:01Z,u_003403,push,stress_relief_program,opened
m_000008998,2026-01-27T18:54:42Z,u_003879,push,sleep_challenge,delivered
m_000008999,2026-02-02T19:18:56Z,u_001181,sms,sleep_challenge,sent
m_000009000,2026-01-30T23:18:22Z,u_000103,push,sleep_challenge,sent
m_000009001,2026-01-30T03:04:19Z,u_001003,push,heart_health_month,sent
m_000009002,2026-01-31T15:57:44Z,u_000003,sms,sleep_challenge,sent
m_000009003,2026-01-28T05:50:15Z,u_001720,sms,weight_loss_series,clicked
m_000009004,2026-01-29T11:20:39Z,u_003424,email,weekly_digest,sent
m_000009005,2026-01-31T09:58:39Z,u_004960,push,weekly_digest,sent
m_000009006,2026-01-29T10:19:21Z,u_001558,email,stress_relief_program,sent
m_000009007,2026-02-02T15:12:07Z,u_002124,email,heart_health_month,opened
m_000009008,2026-01-30T08:25:06Z,u_002926,sms,heart_health_month,delivered
m_000009009,2026-02-02T13:52:28Z,u_004786,sms,weekly_digest,opened
m_000009010,2026-02-01T11:26:21Z,u_002542,email,heart_health_month,clicked
m_000009011,2026-01-29T02:46:15Z,u_002537,email,new_content_alert,delivered
m_000009012,2026-01-28T08:48:25Z,u_004354,email,heart_health_month,delivered
m_000009013,2026-02-01T01:04:56Z,u_001174,sms,stress_relief_program,clicked
m_000009014,2026-01-30T21:12:57Z,u_002295,email,weight_loss_series,sent
m_000009015,2026-01-28T09:46:30Z,u_002631,email,sleep_challenge,sent
m_000009016,2026-01-28T08:00:58Z,u_004210,sms,sleep_challenge,opened
m_000009017,2026-02-01T06:49:36Z,u_003312,sms,weight_loss_series,delivered
m_000009018,2026-01-27T04:25:28Z,u_000300,sms,heart_health_month,opened
m_000009019,2026-01-28T18:37:34Z,u_002406,push,weekly_digest,sent
m_000009020,2026-02-01T18:45:00Z,u_003532,email,weekly_digest,clicked
m_000009021,2026-01-29T08:52:22Z,u_004194,email,stress_relief_program,sent
m_000009022,2026-01-31T22:55:21Z,u_002605,sms,weight_loss_series,sent
m_000009023,2026-01-29T04:48:17Z,u_000750,sms,weight_loss_series,sent
m_000009024,2026-02-01T19:56:42Z,u_002338,push,weight_loss_series,sent
m_000009025,2026-01-31T05:01:24Z,u_002567,push,sleep_challenge,sent
m_000009026,2026-01-31T12:44:13Z,u_003809,push,weight_loss_series,sent
m_000009027,2026-01-31T11:06:04Z,u_000886,sms,stress_relief_program,opened
m_000009028,2026-01-31T21:24:17Z,u_002736,push,stress_relief_program,sent
m_000009029,2026-01-29T23:41:08Z,u_000662,sms,sleep_challenge,sent
m_000009030,2026-02-02T11:23:38Z,u_001773,push,heart_health_month,sent
m_000009031,2026-01-31T04:20:21Z,u_002714,sms,sleep_challenge,sent
m_000009032,2026-02-01T20:31:29Z,u_001724,sms,weight_loss_series,sent
m_000009033,2026-01-29T02:54:29Z,u_004447,email,weight_loss_series,sent
m_000009034,2026-01-29T14:57:26Z,u_002469,push,sleep_challenge,sent
m_000009035,2026-02-01T21:49:42Z,u_001098,push,heart_health_month,sent
m_000009036,2026-01-31T21:34:03Z,u_003609,sms,sleep_challenge,opened
m_000009037,2026-02-01T11:59:08Z,u_004587,email,weekly_digest,sent
m_000009038,2026-01-31T03:50:15Z,u_000308,push,new_content_alert,opened
m_000009039,2026-02-01T22:14:38Z,u_004602,email,heart_health_month,sent
m_000009040,2026-01-27T02:39:14Z,u_004882,email,weekly_digest,sent
m_000009041,2026-01-28T23:23:02Z,u_002506,sms,sleep_challenge,sent
m_000009042,2026-02-01T09:34:56Z,u_001202,email,stress_relief_program,opened
m_000009043,2026-01-30T06:13:58Z,u_001137,push,sleep_challenge,sent
m_000009044,2026-02-02T12:26:46Z,u_000840,push,weight_loss_series,opened
m_000009045,2026-01-31T18:24:42Z,u_002395,sms,new_content_alert,sent
m_000009046,2026-01-26T23:09:11Z,u_004623,email,sleep_challenge,opened
m_000009047,2026-02-01T09:34:37Z,u_000397,sms,weekly_digest,opened
m_000009048,2026-01-30T17:40:26Z,u_000080,push,stress_relief_program,opened
m_000009049,2026-01-28T04:57:03Z,u_000695,sms,new_content_alert,sent
m_000009050,2026-01-30T19:37:11Z,u_004482,email,heart_health_month,delivered
m_000009051,2026-02-02T05:31:44Z,u_002391,email,weight_loss_series,sent
m_000009052,2026-01-31T16:22:29Z,u_002496,push,new_content_alert,sent
m_000009053,2026-02-01T22:00:18Z,u_002556,sms,stress_relief_program,sent
m_000009054,2026-01-31T03:10:44Z,u_001358,sms,weight_loss_series,delivered
m_000009055,2026-02-02T14:33:28Z,u_002397,push,weekly_digest,opened
m_000009056,2026-01-27T19:11:27Z,u_001768,sms,new_content_alert,sent
m_000009057,2026-01-29T04:07:50Z,u_001905,sms,weight_loss_series,delivered
m_000009058,2026-01-30T19:31:05Z,u_001015,sms,heart_health_month,delivered
m_000009059,2026-01-27T00:13:54Z,u_004811,sms,sleep_challenge,sent
m_000009060,2026-01-31T17:45:05Z,u_001782,email,sleep_challenge,sent
m_000009061,2026-02-02T04:44:15Z,u_000071,email,new_content_alert,delivered
m_000009062,2026-01-28T13:27:14Z,u_001134,email,heart_health_month,opened
m_000009063,2026-01-27T00:53:31Z,u_004834,sms,weekly_digest,sent
m_000009064,2026-01-30T03:40:45Z,u_003000,push,weight_loss_series,sent
m_000009065,2026-01-27T19:14:38Z,u_002276,sms,heart_health_month,opened
m_000009066,2026-01-31T19:41:29Z,u_001950,sms,stress_relief_program,delivered
m_000009067,2026-02-01T20:21:19Z,u_003274,push,stress_relief_program,sent
m_000009068,2026-01-31T15:28:09Z,u_004335,email,heart_health_month,sent
m_000009069,2026-02-01T03:12:26Z,u_003894,sms,heart_health_month,delivered
m_000009070,2026-01-28T22:16:40Z,u_000136,email,weekly_digest,sent
m_000009071,2026-02-01T00:49:27Z,u_004633,email,weight_loss_series,opened
m_000009072,2026-01-28T21:37:30Z,u_002854,sms,weekly_digest,sent
m_000009073,2026-01-31T04:28:28Z,u_002012,email,weekly_digest,sent
m_000009074,2026-01-29T15:00:17Z,u_002404,push,new_content_alert,sent
m_000009075,2026-01-27T12:29:21Z,u_001070,push,new_content_alert,sent
m_000009076,2026-02-01T19:35:21Z,u_000515,push,heart_health_month,clicked
m_000009077,2026-01-28T04:34:25Z,u_002646,sms,stress_relief_program,sent
m_000009078,2026-01-30T09:27:06Z,u_002212,push,weekly_digest,sent
m_000009079,2026-01-31T19:56:32Z,u_002546,sms,stress_relief_program,opened
m_000009080,2026-01-30T09:51:12Z,u_002389,email,heart_health_month,delivered
m_000009081,2026-01-30T09:01:13Z,u_003646,sms,new_content_alert,sent
m_000009082,2026-01-28T04:34:35Z,u_003587,push,heart_health_month,sent
m_000009083,2026-01-28T07:22:36Z,u_002229,push,sleep_challenge,delivered
m_000009084,2026-02-01T03:53:05Z,u_001812,email,heart_health_month,sent
m_000009085,2026-01-31T15:21:32Z,u_002532,sms,heart_health_month,clicked
m_000009086,2026-01-27T19:30:00Z,u_002619,sms,stress_relief_program,clicked
m_000009087,2026-01-31T00:11:29Z,u_003609,email,weight_loss_series,sent
m_000009088,2026-01-26T21:16:38Z,u_000925,email,weekly_digest,sent
m_000009089,2026-01-30T18:49:02Z,u_004559,push,heart_health_month,clicked
m_000009090,2026-02-02T18:32:45Z,u_002377,sms,stress_relief_program,sent
m_000009091,2026-01-28T01:29:27Z,u_002410,email,weight_loss_series,sent
m_000009092,2026-02-01T15:40:44Z,u_003390,email,stress_relief_program,delivered
m_000009093,2026-01-27T14:07:56Z,u_001943,sms,sleep_challenge,sent
m_000009094,2026-01-29T01:30:26Z,u_004961,push,new_content_alert,opened
m_000009095,2026-01-29T11:50:55Z,u_004231,push,heart_health_month,sent
m_000009096,2026-02-01T14:34:25Z,u_003071,sms,sleep_challenge,sent
m_000009097,2026-01-31T03:59:30Z,u_000558,sms,weekly_digest,sent
m_000009098,2026-01-30T10:23:28Z,u_000312,push,weight_loss_series,sent
m_000009099,2026-01-29T02:55:31Z,u_004641,email,new_content_alert,delivered
m_000009100,2026-02-02T05:54:18Z,u_002862,push,stress_relief_program,sent
m_000009101,2026-01-28T17:03:01Z,u_000330,email,new_content_alert,unsubscribed
m_000009102,2026-01-29T01:19:52Z,u_001183,push,new_content_alert,opened
m_000009103,2026-02-01T06:22:21Z,u_003824,email,stress_relief_program,opened
m_000009104,2026-01-31T02:31:39Z,u_002307,push,sleep_challenge,opened
m_000009105,2026-01-28T14:32:12Z,u_001952,push,new_content_alert,delivered
m_000009106,2026-02-02T06:18:30Z,u_004149,sms,stress_relief_program,clicked
m_000009107,2026-02-01T14:52:01Z,u_004620,sms,new_content_alert,sent
m_000009108,2026-01-27T00:25:14Z,u_004695,email,weight_loss_series,sent
m_000009109,2026-01-28T09:10:25Z,u_002108,email,sleep_challenge,sent
m_000009110,2026-01-28T05:41:00Z,u_000043,email,sleep_challenge,delivered
m_000009111,2026-01-27T10:08:13Z,u_004329,sms,sleep_challenge,opened
m_000009112,2026-01-27T15:07:38Z,u_003829,email,weight_loss_series,sent
m_000009113,2026-02-01T19:53:56Z,u_002109,push,sleep_challenge,sent
m_000009114,2026-01-31T21:54:25Z,u_003810,email,sleep_challenge,sent
m_000009115,2026-01-28T15:17:26Z,u_004764,push,heart_health_month,sent
m_000009116,2026-01-28T09:16:34Z,u_000527,email,new_content_alert,sent
m_000009117,2026-01-31T09:20:45Z,u_004620,email,weekly_digest,sent
m_000009118,2026-01-27T17:18:18Z,u_002085,email,new_content_alert,opened
m_000009119,2026-02-02T07:23:27Z,u_003420,push,new_content_alert,opened
m_000009120,2026-01-29T13:20:57Z,u_003211,email,new_content_alert,delivered
m_000009121,2026-01-30T06:23:28Z,u_003236,email,new_content_alert,delivered
m_000009122,2026-01-30T01:06:59Z,u_003026,push,sleep_challenge,sent
m_000009123,2026-02-02T09:13:32Z,u_001796,sms,sleep_challenge,delivered
m_000009124,2026-01-30T23:46:22Z,u_002064,sms,sleep_challenge,sent
m_000009125,2026-01-27T22:35:47Z,u_004022,email,heart_health_month,sent
m_000009126,2026-01-28T12:32:33Z,u_000817,email,sleep_challenge,delivered
m_000009127,2026-01-26T21:16:50Z,u_002584,push,weight_loss_series,delivered
m_000009128,2026-01-30T07:47:17Z,u_003043,push,new_content_alert,sent
m_000009129,2026-01-31T13:12:15Z,u_003225,email,new_content_alert,sent
m_000009130,2026-01-29T02:42:28Z,u_001424,email,sleep_challenge,sent
m_000009131,2026-01-31T18:17:29Z,u_001029,email,stress_relief_program,sent
m_000009132,2026-01-27T22:55:06Z,u_000476,email,new_content_alert,sent
m_000009133,2026-01-27T04:29:39Z,u_002821,sms,sleep_challenge,sent
m_000009134,2026-01-28T22:50:08Z,u_000113,sms,stress_relief_program,sent
m_000009135,2026-01-28T08:20:43Z,u_002288,sms,new_content_alert,sent
m_000009136,2026-01-31T17:27:00Z,u_002849,push,weight_loss_series,sent
m_000009137,2026-02-02T02:01:47Z,u_002883,push,stress_relief_program,sent
m_000009138,2026-02-02T03:30:54Z,u_002022,email,stress_relief_program,delivered
m_000009139,2026-02-01T16:58:54Z,u_003210,push,stress_relief_program,sent
m_000009140,2026-01-26T20:56:52Z,u_001305,sms,weight_loss_series,opened
m_000009141,2026-01-30T16:24:32Z,u_004038,sms,sleep_challenge,delivered
m_000009142,2026-02-02T11:44:45Z,u_004519,email,sleep_challenge,opened
m_000009143,2026-01-27T01:39:27Z,u_001328,sms,sleep_challenge,sent
m_000009144,2026-02-02T16:17:23Z,u_000827,push,stress_relief_program,sent
m_000009145,2026-02-02T02:58:32Z,u_003578,email,new_content_alert,clicked
m_000009146,2026-01-29T05:05:02Z,u_003853,sms,weekly_digest,sent
m_000009147,2026-01-28T22:24:56Z,u_000987,push,stress_relief_program,opened
m_000009148,2026-01-27T08:15:55Z,u_004364,push,stress_relief_program,sent
m_000009149,2026-01-28T22:02:36Z,u_002080,sms,stress_relief_program,opened
m_000009150,2026-02-01T06:40:14Z,u_004782,push,stress_relief_program,delivered
m_000009151,2026-01-27T10:56:08Z,u_003387,push,stress_relief_program,sent
m_000009152,2026-01-30T14:56:23Z,u_000665,sms,stress_relief_program,sent
m_000009153,2026-01-27T19:58:04Z,u_004760,push,stress_relief_program,sent
m_000009154,2026-01-28T17:40:10Z,u_004218,push,sleep_challenge,sent
m_000009155,2026-01-29T23:29:08Z,u_000822,push,weight_loss_series,sent
m_000009156,2026-02-01T06:03:17Z,u_000475,push,sleep_challenge,sent
m_000009157,2026-01-31T21:29:21Z,u_000335,sms,weekly_digest,clicked
m_000009158,2026-01-30T14:05:59Z,u_003995,sms,stress_relief_program,sent
m_000009159,2026-01-31T08:38:14Z,u_004823,email,weight_loss_series,opened
m_000009160,2026-01-29T17:32:06Z,u_004302,sms,new_content_alert,delivered
m_000009161,2026-01-30T15:56:13Z,u_002757,sms,heart_health_month,sent
m_000009162,2026-01-31T15:10:23Z,u_003020,push,heart_health_month,sent
m_000009163,2026-01-30T14:39:50Z,u_002519,sms,sleep_challenge,sent
m_000009164,2026-01-30T15:43:38Z,u_001952,sms,heart_health_month,clicked
m_000009165,2026-01-29T10:05:41Z,u_004008,push,weekly_digest,opened
m_000009166,2026-01-27T12:50:38Z,u_004781,push,weekly_digest,opened
m_000009167,2026-01-29T19:48:09Z,u_003306,push,stress_relief_program,sent
m_000009168,2026-01-29T18:29:44Z,u_000203,push,heart_health_month,delivered
m_000009169,2026-01-30T18:57:00Z,u_003146,email,weekly_digest,sent
m_000009170,2026-01-29T14:26:37Z,u_000775,push,weekly_digest,sent
m_000009171,2026-01-30T05:15:48Z,u_003685,push,sleep_challenge,opened
m_000009172,2026-01-27T08:55:27Z,u_002781,email,weekly_digest,sent
m_000009173,2026-01-29T05:15:39Z,u_004150,sms,heart_health_month,sent
m_000009174,2026-01-30T19:53:43Z,u_001146,sms,weight_loss_series,sent
m_000009175,2026-01-27T23:07:01Z,u_000183,email,heart_health_month,sent
m_000009176,2026-01-30T22:30:22Z,u_004638,sms,new_content_alert,opened
m_000009177,2026-01-31T11:15:04Z,u_004126,push,sleep_challenge,delivered
m_000009178,2026-02-02T16:44:19Z,u_000306,sms,weekly_digest,sent
m_000009179,2026-02-01T15:13:17Z,u_004538,sms,stress_relief_program,delivered
m_000009180,2026-01-30T20:13:42Z,u_001558,sms,weight_loss_series,clicked
m_000009181,2026-01-30T14:28:25Z,u_000051,email,stress_relief_program,unsubscribed
m_000009182,2026-01-31T07:49:17Z,u_004634,push,heart_health_month,delivered
m_000009183,2026-01-28T18:50:05Z,u_002250,email,weight_loss_series,sent
m_000009184,2026-01-27T10:25:01Z,u_002468,push,new_content_alert,sent
m_000009185,2026-02-02T16:31:24Z,u_004931,email,weekly_digest,sent
m_000009186,2026-01-30T19:48:52Z,u_003691,push,heart_health_month,delivered
m_000009187,2026-01-27T00:12:57Z,u_000601,sms,weekly_digest,sent
m_000009188,2026-01-29T10:21:06Z,u_002852,sms,stress_relief_program,unsubscribed
m_000009189,2026-01-29T22:51:27Z,u_000653,sms,weight_loss_series,sent
m_000009190,2026-01-28T14:47:58Z,u_001338,sms,sleep_challenge,sent
m_000009191,2026-01-30T09:58:47Z,u_002312,sms,weight_loss_series,sent
m_000009192,2026-01-31T22:09:17Z,u_004132,email,weekly_digest,sent
m_000009193,2026-01-28T07:23:54Z,u_003738,push,weekly_digest,sent
m_000009194,2026-01-29T12:35:02Z,u_004562,sms,stress_relief_program,sent
m_000009195,2026-01-31T01:47:38Z,u_002475,sms,weight_loss_series,clicked
m_000009196,2026-01-27T22:08:43Z,u_001179,email,weekly_digest,sent
m_000009197,2026-01-30T11:08:17Z,u_000147,push,weekly_digest,sent
m_000009198,2026-02-01T21:01:50Z,u_003722,email,stress_relief_program,sent
m_000009199,2026-01-29T13:46:47Z,u_004611,push,stress_relief_program,sent
m_000009200,2026-01-31T03:07:12Z,u_004776,sms,heart_health_month,sent
m_000009201,2026-01-29T22:28:59Z,u_003361,email,weekly_digest,sent
m_000009202,2026-01-27T10:38:23Z,u_001690,push,heart_health_month,sent
m_000009203,2026-01-30T19:31:12Z,u_004892,email,weekly_digest,sent
m_000009204,2026-02-02T09:50:03Z,u_003398,email,weekly_digest,delivered
m_000009205,2026-01-30T21:26:38Z,u_001440,push,weight_loss_series,clicked
m_000009206,2026-01-31T01:10:03Z,u_004935,push,sleep_challenge,sent
m_000009207,2026-01-26T20:22:25Z,u_003510,sms,weight_loss_series,sent
m_000009208,2026-02-01T02:40:38Z,u_000055,push,heart_health_month,delivered
m_000009209,2026-01-31T03:54:47Z,u_001171,sms,weight_loss_series,opened
m_000009210,2026-01-31T13:19:45Z,u_003280,push,stress_relief_program,sent
m_000009211,2026-01-29T02:45:39Z,u_004306,push,stress_relief_program,opened
m_000009212,2026-01-29T01:37:52Z,u_001992,email,heart_health_month,sent
m_000009213,2026-01-27T09:30:25Z,u_002192,email,heart_health_month,sent
m_000009214,2026-02-02T16:34:23Z,u_002844,sms,weekly_digest,sent
m_000009215,2026-01-26T21:32:15Z,u_003982,push,stress_relief_program,clicked
m_000009216,2026-01-27T10:40:52Z,u_002021,push,heart_health_month,sent
m_000009217,2026-02-02T12:58:29Z,u_003070,email,sleep_challenge,delivered
m_000009218,2026-01-27T18:39:04Z,u_000487,email,sleep_challenge,sent
m_000009219,2026-01-29T00:49:57Z,u_002016,push,new_content_alert,clicked
m_000009220,2026-02-02T00:41:59Z,u_001195,email,heart_health_month,clicked
m_000009221,2026-01-26T23:14:12Z,u_002643,push,new_content_alert,opened
m_000009222,2026-01-27T17:51:51Z,u_002455,sms,heart_health_month,clicked
m_000009223,2026-01-29T03:13:30Z,u_002208,push,weight_loss_series,delivered
m_000009224,2026-01-31T14:26:31Z,u_004224,sms,heart_health_month,delivered
m_000009225,2026-01-29T03:15:52Z,u_004248,sms,weight_loss_series,opened
m_000009226,2026-02-01T18:08:57Z,u_001441,email,stress_relief_program,delivered
m_000009227,2026-01-28T19:28:34Z,u_003468,push,heart_health_month,sent
m_000009228,2026-01-27T16:45:58Z,u_004493,push,weight_loss_series,sent
m_000009229,2026-01-30T19:53:12Z,u_002968,sms,weight_loss_series,sent
m_000009230,2026-01-29T05:57:48Z,u_003792,push,weight_loss_series,sent
m_000009231,2026-01-29T01:04:07Z,u_001732,push,weight_loss_series,delivered
m_000009232,2026-01-28T21:20:42Z,u_004867,email,weekly_digest,sent
m_000009233,2026-01-29T10:57:19Z,u_003837,push,weight_loss_series,opened
m_000009234,2026-01-29T23:57:12Z,u_000735,email,weight_loss_series,sent
m_000009235,2026-01-31T20:46:22Z,u_001159,push,weight_loss_series,opened
m_000009236,2026-01-29T08:55:11Z,u_000834,sms,weekly_digest,sent
m_000009237,2026-02-02T18:21:27Z,u_001422,push,sleep_challenge,sent
m_000009238,2026-01-28T20:29:36Z,u_004452,email,heart_health_month,sent
m_000009239,2026-02-01T17:10:01Z,u_000270,sms,stress_relief_program,sent
m_000009240,2026-01-31T18:53:27Z,u_001760,email,new_content_alert,delivered
m_000009241,2026-01-29T08:40:10Z,u_001756,push,stress_relief_program,sent
m_000009242,2026-01-28T23:29:44Z,u_003614,email,stress_relief_program,sent
m_000009243,2026-02-02T00:23:04Z,u_002492,push,stress_relief_program,clicked
m_000009244,2026-01-26T23:27:18Z,u_002806,push,weight_loss_series,sent
m_000009245,2026-01-30T16:33:41Z,u_001286,push,stress_relief_program,delivered
m_000009246,2026-01-28T05:28:20Z,u_004323,email,new_content_alert,sent
m_000009247,2026-01-28T15:21:15Z,u_000263,email,stress_relief_program,delivered
m_000009248,2026-01-28T03:11:50Z,u_004240,sms,new_content_alert,sent
m_000009249,2026-01-27T19:57:10Z,u_004181,push,sleep_challenge,clicked
m_000009250,2026-02-02T06:25:13Z,u_002828,email,stress_relief_program,delivered
m_000009251,2026-01-31T08:37:46Z,u_003580,email,stress_relief_program,sent
m_000009252,2026-01-28T08:04:33Z,u_003404,push,weight_loss_series,opened
m_000009253,2026-01-26T23:45:23Z,u_003935,push,stress_relief_program,sent
m_000009254,2026-01-31T23:08:18Z,u_001286,sms,heart_health_month,sent
m_000009255,2026-01-26T22:23:25Z,u_002002,email,stress_relief_program,opened
m_000009256,2026-02-01T23:54:27Z,u_002358,push,weekly_digest,sent
m_000009257,2026-02-01T05:10:51Z,u_002315,sms,weight_loss_series,sent
m_000009258,2026-01-30T22:32:23Z,u_000817,email,new_content_alert,sent
m_000009259,2026-01-28T18:50:40Z,u_002843,email,weekly_digest,delivered
m_000009260,2026-01-29T05:54:21Z,u_003328,push,stress_relief_program,opened
m_000009261,2026-02-02T09:18:23Z,u_000762,push,weekly_digest,sent
m_000009262,2026-02-01T05:09:40Z,u_004085,sms,weekly_digest,sent
m_000009263,2026-01-30T08:26:18Z,u_004948,push,stress_relief_program,sent
m_000009264,2026-01-31T18:33:09Z,u_000993,push,heart_health_month,sent
m_000009265,2026-01-29T20:32:03Z,u_000165,push,heart_health_month,delivered
m_000009266,2026-01-29T08:14:50Z,u_003863,email,heart_health_month,sent
m_000009267,2026-01-31T19:17:27Z,u_002394,sms,new_content_alert,delivered
m_000009268,2026-01-27T11:44:20Z,u_000024,email,sleep_challenge,delivered
m_000009269,2026-02-01T01:34:52Z,u_000496,push,heart_health_month,sent
m_000009270,2026-01-30T23:25:54Z,u_004922,sms,heart_health_month,sent
m_000009271,2026-01-28T09:14:01Z,u_003550,email,stress_relief_program,sent
m_000009272,2026-02-01T19:44:52Z,u_002659,email,sleep_challenge,sent
m_000009273,2026-01-30T08:16:28Z,u_001367,sms,weekly_digest,delivered
m_000009274,2026-01-30T11:03:32Z,u_003162,push,weekly_digest,delivered
m_000009275,2026-01-29T06:36:57Z,u_000182,sms,sleep_challenge,sent
m_000009276,2026-02-02T07:14:13Z,u_000482,sms,sleep_challenge,sent
m_000009277,2026-01-31T13:56:53Z,u_001228,email,sleep_challenge,sent
m_000009278,2026-01-30T01:42:04Z,u_001104,push,weekly_digest,sent
m_000009279,2026-01-28T10:56:00Z,u_002512,email,weekly_digest,sent
m_000009280,2026-02-01T21:16:29Z,u_004721,push,heart_health_month,opened
m_000009281,2026-01-27T16:39:14Z,u_000377,email,new_content_alert,sent
m_000009282,2026-01-29T18:12:22Z,u_003647,push,weight_loss_series,delivered
m_000009283,2026-02-02T19:59:30Z,u_002121,sms,weight_loss_series,opened
m_000009284,2026-01-29T19:06:01Z,u_000673,sms,heart_health_month,opened
m_000009285,2026-02-02T06:05:22Z,u_002895,sms,heart_health_month,opened
m_000009286,2026-01-29T15:39:57Z,u_003416,push,stress_relief_program,sent
m_000009287,2026-01-29T22:43:34Z,u_003708,push,weight_loss_series,sent
m_000009288,2026-01-29T11:51:32Z,u_003317,email,heart_health_month,delivered
m_000009289,2026-01-30T12:44:26Z,u_000510,email,weekly_digest,sent
m_000009290,2026-02-02T03:04:41Z,u_002489,push,weight_loss_series,delivered
m_000009291,2026-02-01T17:51:53Z,u_000336,email,weight_loss_series,sent
m_000009292,2026-02-01T01:31:25Z,u_001850,push,weekly_digest,sent
m_000009293,2026-01-27T18:19:16Z,u_001555,email,weekly_digest,sent
m_000009294,2026-01-31T17:26:30Z,u_004925,email,weekly_digest,sent
m_000009295,2026-02-01T04:31:42Z,u_004629,email,weekly_digest,opened
m_000009296,2026-01-29T13:44:33Z,u_001912,push,new_content_alert,opened
m_000009297,2026-01-28T14:38:09Z,u_001367,sms,weekly_digest,sent
m_000009298,2026-01-27T21:10:30Z,u_004963,push,heart_health_month,sent
m_000009299,2026-01-31T21:39:07Z,u_004201,sms,sleep_challenge,clicked
m_000009300,2026-01-31T07:41:31Z,u_000922,email,stress_relief_program,delivered
m_000009301,2026-02-02T07:44:10Z,u_003623,email,stress_relief_program,delivered
m_000009302,2026-01-29T07:21:35Z,u_000807,push,weekly_digest,opened
m_000009303,2026-01-30T06:37:40Z,u_000185,email,new_content_alert,sent
m_000009304,2026-01-29T22:28:11Z,u_002365,push,weight_loss_series,sent
m_000009305,2026-01-29T01:08:19Z,u_001890,push,heart_health_month,sent
m_000009306,2026-01-28T10:43:09Z,u_002161,email,stress_relief_program,sent
m_000009307,2026-02-01T21:51:31Z,u_004148,sms,weekly_digest,sent
m_000009308,2026-02-02T08:03:45Z,u_000992,sms,weekly_digest,opened
m_000009309,2026-02-01T20:54:36Z,u_002038,sms,sleep_challenge,sent
m_000009310,2026-02-02T18:53:04Z,u_003336,email,stress_relief_program,clicked
m_000009311,2026-02-01T23:32:12Z,u_002524,push,new_content_alert,sent
m_000009312,2026-01-31T22:04:32Z,u_001635,push,heart_health_month,delivered
m_000009313,2026-02-02T04:43:56Z,u_003400,sms,stress_relief_program,opened
m_000009314,2026-01-27T04:54:07Z,u_001236,push,weekly_digest,delivered
m_000009315,2026-01-29T21:08:18Z,u_001907,push,weight_loss_series,delivered
m_000009316,2026-02-01T11:42:20Z,u_003620,push,new_content_alert,sent
m_000009317,2026-01-27T23:10:48Z,u_004961,push,weekly_digest,sent
m_000009318,2026-02-01T22:50:41Z,u_000563,email,new_content_alert,delivered
m_000009319,2026-01-28T13:26:35Z,u_000010,email,weekly_digest,sent
m_000009320,2026-02-02T01:48:03Z,u_001461,email,stress_relief_program,opened
m_000009321,2026-02-02T04:28:03Z,u_001020,push,weekly_digest,opened
m_000009322,2026-02-02T05:42:20Z,u_000793,push,sleep_challenge,clicked
m_000009323,2026-01-31T01:55:53Z,u_000804,email,heart_health_month,sent
m_000009324,2026-01-30T05:56:37Z,u_002855,sms,stress_relief_program,delivered
m_000009325,2026-01-28T19:55:21Z,u_002076,sms,new_content_alert,opened
m_000009326,2026-01-29T04:01:06Z,u_002065,sms,weekly_digest,sent
m_000009327,2026-01-27T16:28:31Z,u_001951,push,weight_loss_series,sent
m_000009328,2026-01-29T17:16:19Z,u_001507,email,weekly_digest,delivered
m_000009329,2026-01-30T02:50:55Z,u_002131,email,stress_relief_program,sent
m_000009330,2026-01-29T13:09:36Z,u_004541,email,sleep_challenge,sent
m_000009331,2026-01-27T04:04:10Z,u_004953,sms,weekly_digest,sent
m_000009332,2026-02-01T13:48:52Z,u_002076,sms,stress_relief_program,sent
m_000009333,2026-01-29T12:55:51Z,u_004742,sms,sleep_challenge,opened
m_000009334,2026-01-31T15:03:02Z,u_004260,push,stress_relief_program,delivered
m_000009335,2026-01-30T08:48:37Z,u_004621,push,sleep_challenge,opened
m_000009336,2026-02-01T08:21:47Z,u_004838,push,weight_loss_series,sent
m_000009337,2026-01-29T11:44:02Z,u_003523,email,heart_health_month,delivered
m_000009338,2026-01-28T02:36:57Z,u_004693,push,stress_relief_program,sent
m_000009339,2026-01-31T10:45:09Z,u_001769,push,sleep_challenge,clicked
m_000009340,2026-01-30T18:13:33Z,u_003450,sms,stress_relief_program,sent
m_000009341,2026-01-30T15:06:50Z,u_002575,push,heart_health_month,sent
m_000009342,2026-01-29T19:44:15Z,u_000414,email,new_content_alert,sent
m_000009343,2026-01-29T02:41:10Z,u_001342,email,weekly_digest,sent
m_000009344,2026-02-02T07:30:49Z,u_003540,push,new_content_alert,sent
m_000009345,2026-02-01T12:57:45Z,u_002642,push,new_content_alert,sent
m_000009346,2026-02-02T20:09:05Z,u_001360,push,new_content_alert,sent
m_000009347,2026-02-01T19:12:32Z,u_004479,email,heart_health_month,clicked
m_000009348,2026-02-01T07:40:05Z,u_000920,email,weekly_digest,delivered
m_000009349,2026-02-02T05:32:03Z,u_003732,push,sleep_challenge,sent
m_000009350,2026-01-31T17:15:14Z,u_001443,sms,new_content_alert,sent
m_000009351,2026-01-29T09:40:08Z,u_003076,email,heart_health_month,sent
m_000009352,2026-01-30T03:05:53Z,u_001467,push,sleep_challenge,clicked
m_000009353,2026-02-01T14:25:40Z,u_000214,email,weight_loss_series,delivered
m_000009354,2026-01-29T03:04:49Z,u_003354,push,sleep_challenge,clicked
m_000009355,2026-02-02T04:35:57Z,u_003431,push,weekly_digest,delivered
m_000009356,2026-01-27T21:29:47Z,u_000123,push,new_content_alert,sent
m_000009357,2026-01-27T13:38:22Z,u_002058,sms,weight_loss_series,sent
m_000009358,2026-01-30T00:16:41Z,u_001946,email,weekly_digest,opened
m_000009359,2026-01-30T02:35:27Z,u_002410,sms,sleep_challenge,delivered
m_000009360,2026-02-01T12:27:01Z,u_003540,sms,new_content_alert,sent
m_000009361,2026-02-02T13:22:13Z,u_003744,sms,weekly_digest,sent
m_000009362,2026-01-27T18:57:49Z,u_003174,email,weekly_digest,delivered
m_000009363,2026-02-02T15:22:16Z,u_001542,push,sleep_challenge,opened
m_000009364,2026-01-28T17:39:35Z,u_004168,push,heart_health_month,delivered
m_000009365,2026-01-28T16:18:01Z,u_000905,email,weight_loss_series,opened
m_000009366,2026-01-30T15:08:35Z,u_002618,sms,weight_loss_series,opened
m_000009367,2026-02-02T02:43:15Z,u_001938,push,sleep_challenge,clicked
m_000009368,2026-01-28T13:08:10Z,u_002967,sms,sleep_challenge,opened
m_000009369,2026-01-27T19:27:20Z,u_002079,sms,weight_loss_series,clicked
m_000009370,2026-02-01T09:51:32Z,u_004003,push,new_content_alert,delivered
m_000009371,2026-02-01T10:21:32Z,u_004164,push,weight_loss_series,sent
m_000009372,2026-01-29T23:27:51Z,u_001203,email,heart_health_month,sent
m_000009373,2026-02-01T17:29:17Z,u_001877,sms,stress_relief_program,delivered
m_000009374,2026-02-02T07:28:40Z,u_002086,sms,weekly_digest,sent
m_000009375,2026-02-01T06:10:42Z,u_004008,push,weekly_digest,sent
m_000009376,2026-01-28T22:09:44Z,u_004855,email,weekly_digest,sent
m_000009377,2026-01-30T20:34:28Z,u_002503,sms,new_content_alert,sent
m_000009378,2026-01-28T07:40:51Z,u_000583,push,sleep_challenge,sent
m_000009379,2026-02-01T01:19:50Z,u_001349,email,heart_health_month,opened
m_000009380,2026-02-02T14:27:37Z,u_000190,email,stress_relief_program,sent
m_000009381,2026-02-01T19:15:18Z,u_003315,sms,weekly_digest,opened
m_000009382,2026-01-31T03:56:35Z,u_004399,sms,new_content_alert,sent
m_000009383,2026-01-28T08:46:19Z,u_000912,push,weekly_digest,sent
m_000009384,2026-01-27T12:32:03Z,u_004983,sms,weight_loss_series,sent
m_000009385,2026-01-28T03:54:20Z,u_001485,sms,weight_loss_series,sent
m_000009386,2026-01-31T22:38:54Z,u_004204,email,weekly_digest,sent
m_000009387,2026-02-01T06:32:23Z,u_000657,email,heart_health_month,sent
m_000009388,2026-01-26T22:37:01Z,u_001636,sms,sleep_challenge,opened
m_000009389,2026-02-02T00:49:29Z,u_002353,email,new_content_alert,sent
m_000009390,2026-01-27T12:37:14Z,u_003532,email,heart_health_month,sent
m_000009391,2026-02-02T03:19:50Z,u_003794,sms,heart_health_month,sent
m_000009392,2026-01-28T07:47:45Z,u_001620,email,new_content_alert,sent
m_000009393,2026-01-28T01:42:28Z,u_004250,email,sleep_challenge,delivered
m_000009394,2026-01-28T06:10:19Z,u_002725,email,stress_relief_program,delivered
m_000009395,2026-01-31T14:52:03Z,u_004465,push,weekly_digest,clicked
m_000009396,2026-01-30T22:00:50Z,u_004862,sms,new_content_alert,clicked
m_000009397,2026-01-28T02:28:39Z,u_003943,sms,weekly_digest,sent
m_000009398,2026-01-29T15:44:16Z,u_000589,sms,weekly_digest,sent
m_000009399,2026-01-31T16:39:12Z,u_001519,push,new_content_alert,sent
m_000009400,2026-01-28T00:59:31Z,u_003072,push,weekly_digest,sent
m_000009401,2026-01-28T00:06:16Z,u_002624,email,heart_health_month,opened
m_000009402,2026-01-27T11:03:55Z,u_002421,push,weight_loss_series,delivered
m_000009403,2026-01-31T09:41:25Z,u_003655,push,sleep_challenge,opened
m_000009404,2026-01-31T11:26:05Z,u_001753,email,new_content_alert,sent
m_000009405,2026-02-02T19:07:42Z,u_004022,push,sleep_challenge,sent
m_000009406,2026-02-02T11:12:16Z,u_003594,email,weight_loss_series,sent
m_000009407,2026-01-28T06:04:13Z,u_000378,email,sleep_challenge,sent
m_000009408,2026-01-29T06:49:20Z,u_003849,push,weekly_digest,sent
m_000009409,2026-02-02T09:26:09Z,u_004803,sms,heart_health_month,sent
m_000009410,2026-01-28T10:03:04Z,u_000992,push,stress_relief_program,sent
m_000009411,2026-01-27T01:44:10Z,u_003782,email,heart_health_month,sent
m_000009412,2026-01-28T19:16:36Z,u_000148,sms,stress_relief_program,sent
m_000009413,2026-01-27T03:10:40Z,u_003139,email,sleep_challenge,delivered
m_000009414,2026-01-27T20:07:48Z,u_000610,sms,heart_health_month,delivered
m_000009415,2026-01-31T02:56:48Z,u_001409,email,new_content_alert,sent
m_000009416,2026-02-02T10:21:09Z,u_000184,sms,sleep_challenge,sent
m_000009417,2026-02-02T12:42:35Z,u_003966,email,new_content_alert,opened
m_000009418,2026-02-01T03:06:43Z,u_003993,sms,weekly_digest,sent
m_000009419,2026-01-29T12:47:46Z,u_001831,sms,new_content_alert,sent
m_000009420,2026-01-27T20:09:08Z,u_004818,email,weight_loss_series,opened
m_000009421,2026-01-31T15:34:28Z,u_001764,push,new_content_alert,sent
m_000009422,2026-01-29T10:07:24Z,u_004899,sms,weekly_digest,opened
m_000009423,2026-01-29T08:01:05Z,u_002999,push,weight_loss_series,sent
m_000009424,2026-01-31T02:12:09Z,u_001695,sms,weekly_digest,sent
m_000009425,2026-01-28T06:50:24Z,u_002148,sms,weight_loss_series,opened
m_000009426,2026-02-01T02:40:58Z,u_001834,sms,weight_loss_series,sent
m_000009427,2026-01-31T08:14:15Z,u_001579,push,weekly_digest,sent
m_000009428,2026-02-01T19:33:30Z,u_002847,email,new_content_alert,opened
m_000009429,2026-01-29T12:27:26Z,u_004789,sms,stress_relief_program,delivered
m_000009430,2026-02-01T15:46:54Z,u_000718,push,stress_relief_program,sent
m_000009431,2026-02-01T08:27:35Z,u_003020,sms,new_content_alert,sent
m_000009432,2026-01-28T12:42:14Z,u_004072,sms,stress_relief_program,sent
m_000009433,2026-01-30T00:54:21Z,u_002741,sms,new_content_alert,sent
m_000009434,2026-01-31T13:00:49Z,u_004973,push,stress_relief_program,sent
m_000009435,2026-01-31T13:30:49Z,u_000365,sms,sleep_challenge,clicked
m_000009436,2026-01-29T00:07:46Z,u_004492,push,stress_relief_program,clicked
m_000009437,2026-01-30T05:40:24Z,u_000222,email,weight_loss_series,sent
m_000009438,2026-02-01T18:34:56Z,u_002350,sms,new_content_alert,sent
m_000009439,2026-01-29T03:24:23Z,u_004183,sms,stress_relief_program,delivered
m_000009440,2026-01-31T03:26:33Z,u_000405,sms,new_content_alert,sent
m_000009441,2026-01-30T01:03:26Z,u_000935,sms,new_content_alert,opened
m_000009442,2026-02-02T09:24:41Z,u_001555,push,weight_loss_series,sent
m_000009443,2026-01-28T11:05:52Z,u_002118,sms,new_content_alert,sent
m_000009444,2026-02-01T00:03:41Z,u_001057,push,weight_loss_series,opened
m_000009445,2026-01-30T08:58:25Z,u_001563,email,heart_health_month,sent
m_000009446,2026-01-29T01:00:05Z,u_003726,sms,stress_relief_program,sent
m_000009447,2026-01-30T02:10:56Z,u_002486,sms,stress_relief_program,sent
m_000009448,2026-01-28T17:38:26Z,u_002100,push,weekly_digest,sent
m_000009449,2026-01-30T08:29:32Z,u_001936,sms,stress_relief_program,opened
m_000009450,2026-01-31T00:08:46Z,u_000164,push,sleep_challenge,clicked
m_000009451,2026-01-30T17:43:34Z,u_000636,email,heart_health_month,sent
m_000009452,2026-02-01T22:15:07Z,u_002992,email,weekly_digest,delivered
m_000009453,2026-02-01T10:31:05Z,u_004600,sms,stress_relief_program,sent
m_000009454,2026-02-01T00:01:57Z,u_001735,email,heart_health_month,sent
m_000009455,2026-01-28T13:20:18Z,u_003500,push,stress_relief_program,sent
m_000009456,2026-01-27T09:08:23Z,u_000271,push,sleep_challenge,delivered
m_000009457,2026-01-27T23:11:37Z,u_001483,sms,sleep_challenge,opened
m_000009458,2026-01-31T06:32:13Z,u_004027,email,new_content_alert,delivered
m_000009459,2026-01-31T21:17:03Z,u_002757,email,stress_relief_program,opened
m_000009460,2026-01-28T06:37:11Z,u_000384,email,weight_loss_series,sent
m_000009461,2026-01-31T01:35:06Z,u_003917,email,sleep_challenge,sent
m_000009462,2026-01-27T01:14:14Z,u_003203,sms,heart_health_month,sent
m_000009463,2026-02-01T02:09:09Z,u_001511,push,new_content_alert,opened
m_000009464,2026-01-29T02:47:22Z,u_003289,sms,stress_relief_program,sent
m_000009465,2026-01-28T02:03:58Z,u_000477,email,sleep_challenge,delivered
m_000009466,2026-01-26T21:21:05Z,u_003811,push,new_content_alert,sent
m_000009467,2026-01-28T14:38:57Z,u_000853,sms,sleep_challenge,clicked
m_000009468,2026-01-27T21:27:46Z,u_004162,push,stress_relief_program,sent
m_000009469,2026-01-30T23:58:33Z,u_001902,push,weekly_digest,sent
m_000009470,2026-01-31T14:14:07Z,u_000483,push,sleep_challenge,sent
m_000009471,2026-01-31T10:05:35Z,u_002228,sms,sleep_challenge,sent
m_000009472,2026-01-29T00:50:13Z,u_001285,email,stress_relief_program,sent
m_000009473,2026-01-27T09:19:24Z,u_004480,email,sleep_challenge,delivered
m_000009474,2026-01-29T20:29:37Z,u_003545,push,heart_health_month,delivered
m_000009475,2026-01-29T20:00:24Z,u_000038,sms,weight_loss_series,sent
m_000009476,2026-02-01T10:43:10Z,u_003337,push,new_content_alert,opened
m_000009477,2026-01-28T09:12:26Z,u_001515,email,weight_loss_series,sent
m_000009478,2026-01-31T21:16:16Z,u_002502,sms,new_content_alert,sent
m_000009479,2026-01-31T09:13:52Z,u_003822,sms,heart_health_month,sent
m_000009480,2026-01-27T09:57:24Z,u_001499,email,stress_relief_program,sent
m_000009481,2026-01-27T11:54:53Z,u_000543,sms,weekly_digest,sent
m_000009482,2026-02-02T17:31:54Z,u_002782,email,sleep_challenge,sent
m_000009483,2026-01-31T23:44:15Z,u_004627,email,new_content_alert,sent
m_000009484,2026-01-31T05:49:35Z,u_003743,email,stress_relief_program,sent
m_000009485,2026-01-28T00:01:34Z,u_002054,push,weight_loss_series,sent
m_000009486,2026-01-28T11:41:31Z,u_004433,push,new_content_alert,sent
m_000009487,2026-01-27T19:19:32Z,u_002513,push,weight_loss_series,opened
m_000009488,2026-01-31T14:44:15Z,u_001012,sms,new_content_alert,delivered
m_000009489,2026-01-27T21:40:04Z,u_004376,email,stress_relief_program,sent
m_000009490,2026-01-28T15:41:49Z,u_002898,push,new_content_alert,clicked
m_000009491,2026-01-31T18:53:23Z,u_002547,email,weekly_digest,sent
m_000009492,2026-02-01T16:22:09Z,u_001851,email,weight_loss_series,sent
m_000009493,2026-02-02T13:56:53Z,u_001277,sms,sleep_challenge,sent
m_000009494,2026-01-26T22:05:47Z,u_002521,push,new_content_alert,delivered
m_000009495,2026-01-28T21:09:10Z,u_002582,email,new_content_alert,sent
m_000009496,2026-01-30T06:42:31Z,u_002233,sms,weekly_digest,sent
m_000009497,2026-01-31T19:48:17Z,u_000729,push,sleep_challenge,sent
m_000009498,2026-02-02T12:23:50Z,u_001413,sms,stress_relief_program,sent
m_000009499,2026-01-27T01:44:05Z,u_000654,sms,sleep_challenge,delivered
m_000009500,2026-01-29T23:44:19Z,u_001323,push,heart_health_month,sent
m_000009501,2026-01-27T17:40:29Z,u_001886,push,weight_loss_series,opened
m_000009502,2026-01-31T19:48:59Z,u_004282,sms,weekly_digest,sent
m_000009503,2026-01-28T15:55:40Z,u_003580,sms,heart_health_month,sent
m_000009504,2026-01-27T02:45:21Z,u_004300,push,weekly_digest,opened
m_000009505,2026-02-01T08:08:17Z,u_004651,push,heart_health_month,clicked
m_000009506,2026-01-28T10:50:07Z,u_002846,email,weight_loss_series,sent
m_000009507,2026-02-01T18:24:16Z,u_004360,push,stress_relief_program,delivered
m_000009508,2026-01-31T09:49:32Z,u_001900,push,sleep_challenge,opened
m_000009509,2026-01-29T23:02:56Z,u_004147,push,heart_health_month,sent
m_000009510,2026-01-28T14:27:01Z,u_001642,push,stress_relief_program,sent
m_000009511,2026-02-01T19:09:39Z,u_004895,sms,stress_relief_program,opened
m_000009512,2026-02-02T07:46:31Z,u_003019,push,stress_relief_program,sent
m_000009513,2026-01-31T22:45:48Z,u_001169,push,new_content_alert,sent
m_000009514,2026-01-31T22:18:29Z,u_000654,email,new_content_alert,sent
m_000009515,2026-01-30T17:39:47Z,u_001501,sms,sleep_challenge,opened
m_000009516,2026-02-01T22:31:13Z,u_000823,push,weekly_digest,sent
m_000009517,2026-01-29T14:51:22Z,u_000926,sms,sleep_challenge,sent
m_000009518,2026-01-29T11:06:01Z,u_000348,sms,weight_loss_series,sent
m_000009519,2026-01-27T14:54:20Z,u_000157,email,stress_relief_program,sent
m_000009520,2026-01-27T08:04:30Z,u_001090,push,stress_relief_program,sent
m_000009521,2026-01-30T23:54:22Z,u_004969,push,heart_health_month,delivered
m_000009522,2026-01-31T20:04:54Z,u_003390,push,heart_health_month,clicked
m_000009523,2026-01-30T06:50:09Z,u_001437,sms,heart_health_month,sent
m_000009524,2026-02-01T10:44:58Z,u_004820,push,heart_health_month,opened
m_000009525,2026-02-01T05:01:42Z,u_000774,email,weight_loss_series,opened
m_000009526,2026-01-30T11:22:04Z,u_001063,push,stress_relief_program,delivered
m_000009527,2026-01-27T09:43:38Z,u_001338,email,new_content_alert,delivered
m_000009528,2026-01-31T18:37:51Z,u_001682,email,stress_relief_program,sent
m_000009529,2026-01-28T01:09:14Z,u_000371,email,stress_relief_program,delivered
m_000009530,2026-01-31T18:16:31Z,u_003450,push,stress_relief_program,sent
m_000009531,2026-01-29T00:39:39Z,u_004866,push,stress_relief_program,sent
m_000009532,2026-01-28T23:32:03Z,u_002860,email,weight_loss_series,delivered
m_000009533,2026-01-28T16:32:53Z,u_004659,email,weekly_digest,delivered
m_000009534,2026-02-01T06:12:48Z,u_002007,sms,weight_loss_series,clicked
m_000009535,2026-01-28T04:42:05Z,u_000746,push,stress_relief_program,opened
m_000009536,2026-01-27T11:17:57Z,u_004013,push,weekly_digest,sent
m_000009537,2026-01-29T01:05:15Z,u_000923,sms,sleep_challenge,sent
m_000009538,2026-02-01T04:23:06Z,u_002488,push,new_content_alert,delivered
m_000009539,2026-01-30T15:43:23Z,u_002394,sms,heart_health_month,opened
m_000009540,2026-02-01T02:02:34Z,u_002887,push,weight_loss_series,opened
m_000009541,2026-01-29T16:28:00Z,u_003982,email,sleep_challenge,sent
m_000009542,2026-01-30T20:31:59Z,u_003329,sms,sleep_challenge,sent
m_000009543,2026-02-02T11:17:05Z,u_004093,push,sleep_challenge,delivered
m_000009544,2026-02-01T22:47:34Z,u_002896,email,heart_health_month,sent
m_000009545,2026-01-28T10:17:47Z,u_002465,sms,weight_loss_series,opened
m_000009546,2026-02-01T20:20:10Z,u_004932,sms,weekly_digest,clicked
m_000009547,2026-02-02T13:46:28Z,u_001880,sms,stress_relief_program,delivered
m_000009548,2026-01-28T03:23:11Z,u_003945,email,weekly_digest,sent
m_000009549,2026-01-27T16:18:38Z,u_003241,email,weight_loss_series,sent
m_000009550,2026-01-28T20:47:26Z,u_002733,push,stress_relief_program,opened
m_000009551,2026-02-02T07:00:47Z,u_004370,sms,sleep_challenge,sent
m_000009552,2026-01-30T11:31:44Z,u_000796,push,heart_health_month,sent
m_000009553,2026-01-27T07:38:57Z,u_000647,push,heart_health_month,sent
m_000009554,2026-01-30T09:59:43Z,u_000336,push,heart_health_month,sent
m_000009555,2026-02-02T14:02:33Z,u_004182,push,new_content_alert,sent
m_000009556,2026-01-30T10:46:11Z,u_004280,sms,sleep_challenge,opened
m_000009557,2026-01-31T13:11:07Z,u_002812,push,heart_health_month,sent
m_000009558,2026-01-28T23:17:14Z,u_003055,push,heart_health_month,opened
m_000009559,2026-02-02T00:30:14Z,u_002848,sms,sleep_challenge,opened
m_000009560,2026-01-28T20:27:03Z,u_002838,sms,new_content_alert,delivered
m_000009561,2026-01-28T17:24:13Z,u_002598,sms,new_content_alert,sent
m_000009562,2026-01-27T17:33:05Z,u_002160,email,heart_health_month,delivered
m_000009563,2026-01-31T16:54:14Z,u_003042,sms,stress_relief_program,sent
m_000009564,2026-02-01T00:07:16Z,u_001532,sms,heart_health_month,clicked
m_000009565,2026-01-31T20:58:17Z,u_003278,sms,weekly_digest,sent
m_000009566,2026-02-02T00:29:32Z,u_000516,email,weekly_digest,sent
m_000009567,2026-01-31T00:08:10Z,u_002361,sms,sleep_challenge,opened
m_000009568,2026-01-31T20:51:25Z,u_001329,push,weight_loss_series,sent
m_000009569,2026-02-02T04:33:42Z,u_000223,push,weight_loss_series,sent
m_000009570,2026-01-29T14:55:18Z,u_001739,push,weekly_digest,sent
m_000009571,2026-02-02T04:16:54Z,u_003634,sms,heart_health_month,sent
m_000009572,2026-01-27T13:12:08Z,u_000636,sms,weekly_digest,opened
m_000009573,2026-01-27T10:37:04Z,u_003833,push,stress_relief_program,sent
m_000009574,2026-01-30T17:35:53Z,u_000670,sms,sleep_challenge,opened
m_000009575,2026-02-01T09:30:25Z,u_001190,sms,new_content_alert,sent
m_000009576,2026-01-29T14:58:07Z,u_000561,sms,weight_loss_series,sent
m_000009577,2026-02-02T00:29:02Z,u_001454,sms,weight_loss_series,sent
m_000009578,2026-02-01T06:54:12Z,u_004436,push,weekly_digest,opened
m_000009579,2026-02-02T00:37:57Z,u_001458,sms,stress_relief_program,clicked
m_000009580,2026-01-31T10:43:29Z,u_001655,email,sleep_challenge,delivered
m_000009581,2026-01-31T02:36:23Z,u_004655,sms,weight_loss_series,delivered
m_000009582,2026-02-01T07:23:28Z,u_001880,sms,weight_loss_series,sent
m_000009583,2026-01-29T16:05:29Z,u_002851,email,weight_loss_series,sent
m_000009584,2026-01-29T01:21:30Z,u_003774,sms,weekly_digest,sent
m_000009585,2026-01-30T16:01:44Z,u_002694,email,stress_relief_program,sent
m_000009586,2026-01-28T08:54:54Z,u_001420,sms,weekly_digest,delivered
m_000009587,2026-01-29T11:53:34Z,u_003380,email,weight_loss_series,sent
m_000009588,2026-01-29T13:20:09Z,u_003875,push,weight_loss_series,delivered
m_000009589,2026-01-28T15:43:06Z,u_002030,push,stress_relief_program,delivered
m_000009590,2026-01-29T12:38:00Z,u_001753,email,new_content_alert,opened
m_000009591,2026-01-31T01:34:12Z,u_003077,push,heart_health_month,sent
m_000009592,2026-02-01T06:09:58Z,u_004491,push,sleep_challenge,sent
m_000009593,2026-02-01T20:07:36Z,u_001186,push,weight_loss_series,sent
m_000009594,2026-01-27T09:54:16Z,u_002572,push,weight_loss_series,sent
m_000009595,2026-01-26T22:08:23Z,u_003451,push,sleep_challenge,clicked
m_000009596,2026-02-02T17:24:20Z,u_002805,sms,weekly_digest,sent
m_000009597,2026-01-27T05:26:27Z,u_001495,sms,heart_health_month,sent
m_000009598,2026-01-29T06:50:51Z,u_000767,push,heart_health_month,sent
m_000009599,2026-01-29T03:32:05Z,u_004732,push,stress_relief_program,delivered
m_000009600,2026-02-01T18:28:27Z,u_001409,push,weight_loss_series,opened
m_000009601,2026-01-30T23:52:04Z,u_003668,push,sleep_challenge,sent
m_000009602,2026-01-30T23:10:01Z,u_004857,sms,weekly_digest,delivered
m_000009603,2026-02-01T18:26:54Z,u_001001,sms,weight_loss_series,sent
m_000009604,2026-02-01T23:40:28Z,u_001650,push,heart_health_month,sent
m_000009605,2026-02-02T19:47:09Z,u_003482,push,weight_loss_series,sent
m_000009606,2026-01-29T02:22:32Z,u_001926,email,heart_health_month,sent
m_000009607,2026-02-01T06:22:41Z,u_000083,sms,heart_health_month,delivered
m_000009608,2026-01-27T00:00:36Z,u_004047,email,stress_relief_program,opened
m_000009609,2026-02-02T14:44:05Z,u_001439,email,stress_relief_program,sent
m_000009610,2026-01-31T14:32:10Z,u_001304,sms,sleep_challenge,opened
m_000009611,2026-01-28T12:57:06Z,u_001461,sms,weekly_digest,delivered
m_000009612,2026-01-29T12:49:43Z,u_004801,sms,weight_loss_series,clicked
m_000009613,2026-01-31T00:12:46Z,u_000126,push,new_content_alert,sent
m_000009614,2026-02-02T16:19:49Z,u_001378,push,weight_loss_series,delivered
m_000009615,2026-01-31T14:49:10Z,u_003096,email,sleep_challenge,sent
m_000009616,2026-02-02T13:58:51Z,u_004354,email,heart_health_month,sent
m_000009617,2026-01-26T23:43:13Z,u_004128,push,new_content_alert,sent
m_000009618,2026-01-29T09:30:41Z,u_004563,email,sleep_challenge,opened
m_000009619,2026-01-29T23:46:13Z,u_004816,email,weight_loss_series,sent
m_000009620,2026-01-31T05:04:45Z,u_004304,push,new_content_alert,opened
m_000009621,2026-01-27T10:29:25Z,u_001905,push,new_content_alert,delivered
m_000009622,2026-01-27T00:17:59Z,u_004396,email,heart_health_month,opened
m_000009623,2026-01-28T22:57:24Z,u_000677,sms,weekly_digest,sent
m_000009624,2026-01-31T01:52:45Z,u_001646,sms,sleep_challenge,sent
m_000009625,2026-02-02T15:28:46Z,u_003974,email,stress_relief_program,sent
m_000009626,2026-01-31T03:26:37Z,u_004304,push,new_content_alert,opened
m_000009627,2026-01-30T05:04:46Z,u_001898,email,stress_relief_program,delivered
m_000009628,2026-01-29T13:58:25Z,u_004188,sms,weekly_digest,sent
m_000009629,2026-01-27T01:46:33Z,u_004225,email,stress_relief_program,clicked
m_000009630,2026-02-02T01:35:31Z,u_001301,email,heart_health_month,sent
m_000009631,2026-01-28T10:44:53Z,u_003057,sms,new_content_alert,opened
m_000009632,2026-01-27T02:25:46Z,u_004677,sms,heart_health_month,opened
m_000009633,2026-02-02T08:11:07Z,u_002205,sms,sleep_challenge,sent
m_000009634,2026-02-01T19:47:57Z,u_000311,push,stress_relief_program,sent
m_000009635,2026-01-31T04:25:30Z,u_001962,push,stress_relief_program,sent
m_000009636,2026-01-27T22:59:23Z,u_003284,push,sleep_challenge,sent
m_000009637,2026-01-29T02:41:16Z,u_003764,push,new_content_alert,sent
m_000009638,2026-02-02T19:33:34Z,u_003315,push,weekly_digest,unsubscribed
m_000009639,2026-01-27T04:21:20Z,u_001576,email,new_content_alert,delivered
m_000009640,2026-01-27T15:34:26Z,u_001203,push,sleep_challenge,sent
m_000009641,2026-02-01T14:29:00Z,u_000573,sms,stress_relief_program,sent
m_000009642,2026-01-27T16:09:46Z,u_002084,push,weight_loss_series,sent
m_000009643,2026-01-27T16:05:21Z,u_000931,sms,weekly_digest,clicked
m_000009644,2026-01-29T23:47:58Z,u_000329,sms,stress_relief_program,sent
m_000009645,2026-02-01T06:35:04Z,u_001090,email,heart_health_month,sent
m_000009646,2026-01-28T20:55:46Z,u_000151,push,heart_health_month,delivered
m_000009647,2026-01-30T04:01:16Z,u_004659,sms,stress_relief_program,delivered
m_000009648,2026-01-30T15:43:55Z,u_004985,sms,new_content_alert,delivered
m_000009649,2026-01-30T08:57:44Z,u_004379,push,weekly_digest,delivered
m_000009650,2026-01-31T01:57:09Z,u_004771,push,new_content_alert,sent
m_000009651,2026-01-27T11:10:19Z,u_002278,push,weight_loss_series,clicked
m_000009652,2026-01-31T14:15:21Z,u_003340,push,heart_health_month,opened
m_000009653,2026-01-31T10:18:29Z,u_004290,sms,sleep_challenge,delivered
m_000009654,2026-01-30T21:16:55Z,u_004786,sms,weight_loss_series,sent
m_000009655,2026-02-01T03:33:39Z,u_003839,email,weight_loss_series,sent
m_000009656,2026-01-31T08:28:07Z,u_004678,sms,sleep_challenge,delivered
m_000009657,2026-02-01T07:45:43Z,u_003276,push,stress_relief_program,opened
m_000009658,2026-01-29T13:37:52Z,u_002853,push,weekly_digest,clicked
m_000009659,2026-01-31T15:25:46Z,u_004521,email,stress_relief_program,delivered
m_000009660,2026-01-31T22:50:18Z,u_002768,email,weight_loss_series,sent
m_000009661,2026-01-28T04:09:11Z,u_000850,sms,heart_health_month,sent
m_000009662,2026-01-28T06:57:54Z,u_003438,email,stress_relief_program,sent
m_000009663,2026-02-01T16:12:10Z,u_000125,push,weekly_digest,delivered
m_000009664,2026-01-30T13:08:55Z,u_000637,email,sleep_challenge,sent
m_000009665,2026-01-29T02:34:33Z,u_003197,push,new_content_alert,sent
m_000009666,2026-02-01T23:21:28Z,u_004611,email,stress_relief_program,delivered
m_000009667,2026-02-01T14:04:09Z,u_004034,sms,heart_health_month,unsubscribed
m_000009668,2026-01-27T11:19:19Z,u_003800,sms,sleep_challenge,sent
m_000009669,2026-01-29T20:32:43Z,u_001183,push,new_content_alert,sent
m_000009670,2026-01-27T02:09:49Z,u_002184,sms,heart_health_month,sent
m_000009671,2026-01-30T13:05:23Z,u_000531,sms,sleep_challenge,sent
m_000009672,2026-01-27T00:05:10Z,u_004507,email,weekly_digest,sent
m_000009673,2026-01-31T10:12:52Z,u_002523,email,new_content_alert,delivered
m_000009674,2026-01-30T08:47:22Z,u_000494,sms,weekly_digest,sent
m_000009675,2026-01-28T19:55:58Z,u_000594,sms,new_content_alert,clicked
m_000009676,2026-02-02T11:38:25Z,u_003734,sms,sleep_challenge,sent
m_000009677,2026-01-31T09:08:21Z,u_002469,email,heart_health_month,sent
m_000009678,2026-01-28T11:23:00Z,u_004239,sms,sleep_challenge,delivered
m_000009679,2026-01-28T07:47:35Z,u_001843,email,weight_loss_series,clicked
m_000009680,2026-01-27T08:43:19Z,u_000917,email,weight_loss_series,opened
m_000009681,2026-01-30T16:13:06Z,u_004462,email,heart_health_month,sent
m_000009682,2026-01-30T22:13:03Z,u_000318,email,new_content_alert,delivered
m_000009683,2026-01-31T08:25:19Z,u_000512,email,heart_health_month,sent
m_000009684,2026-02-01T08:35:31Z,u_002259,push,heart_health_month,sent
m_000009685,2026-01-31T15:28:01Z,u_002960,sms,weekly_digest,delivered
m_000009686,2026-02-01T16:44:56Z,u_004032,push,stress_relief_program,delivered
m_000009687,2026-01-29T08:52:24Z,u_004742,email,weekly_digest,sent
m_000009688,2026-01-27T21:48:30Z,u_003493,sms,sleep_challenge,delivered
m_000009689,2026-02-02T08:08:16Z,u_004900,push,new_content_alert,sent
m_000009690,2026-02-01T16:26:56Z,u_002571,push,weekly_digest,sent
m_000009691,2026-01-27T15:37:10Z,u_002898,sms,stress_relief_program,sent
m_000009692,2026-01-29T21:21:27Z,u_004366,push,heart_health_month,sent
m_000009693,2026-01-31T23:26:40Z,u_002039,sms,new_content_alert,sent
m_000009694,2026-01-27T22:49:53Z,u_001153,push,sleep_challenge,delivered
m_000009695,2026-01-28T02:17:19Z,u_000611,sms,sleep_challenge,sent
m_000009696,2026-01-29T04:20:33Z,u_002199,email,sleep_challenge,sent
m_000009697,2026-01-27T15:18:56Z,u_002148,push,heart_health_month,delivered
m_000009698,2026-01-27T01:46:29Z,u_002569,email,new_content_alert,sent
m_000009699,2026-02-01T09:49:14Z,u_000439,email,sleep_challenge,sent
m_000009700,2026-01-28T11:26:22Z,u_000904,push,new_content_alert,sent
m_000009701,2026-01-30T21:29:24Z,u_002540,push,weight_loss_series,sent
m_000009702,2026-01-31T18:54:51Z,u_003826,sms,weekly_digest,opened
m_000009703,2026-01-30T03:01:50Z,u_003115,email,stress_relief_program,clicked
m_000009704,2026-02-01T02:48:32Z,u_000225,push,sleep_challenge,sent
m_000009705,2026-01-31T09:09:01Z,u_000692,sms,stress_relief_program,opened
m_000009706,2026-02-01T22:51:43Z,u_002260,sms,weekly_digest,opened
m_000009707,2026-02-02T01:37:58Z,u_002584,sms,heart_health_month,opened
m_000009708,2026-01-28T16:38:50Z,u_003549,push,heart_health_month,delivered
m_000009709,2026-01-27T23:41:48Z,u_002602,sms,heart_health_month,sent
m_000009710,2026-02-02T11:14:54Z,u_001787,sms,heart_health_month,opened
m_000009711,2026-02-01T00:04:16Z,u_002669,email,sleep_challenge,delivered
m_000009712,2026-01-31T13:01:03Z,u_004515,sms,weekly_digest,sent
m_000009713,2026-01-30T07:29:03Z,u_003014,push,new_content_alert,sent
m_000009714,2026-02-02T17:13:21Z,u_002888,sms,new_content_alert,unsubscribed
m_000009715,2026-01-27T20:38:00Z,u_001473,email,stress_relief_program,sent
m_000009716,2026-01-31T08:40:35Z,u_001986,email,new_content_alert,sent
m_000009717,2026-02-02T13:20:53Z,u_004844,push,weight_loss_series,sent
m_000009718,2026-01-31T08:19:34Z,u_002938,email,new_content_alert,delivered
m_000009719,2026-01-30T00:34:14Z,u_004831,sms,new_content_alert,sent
m_000009720,2026-01-30T23:38:41Z,u_004208,sms,stress_relief_program,sent
m_000009721,2026-01-29T22:16:31Z,u_000652,email,weight_loss_series,unsubscribed
m_000009722,2026-01-27T10:47:59Z,u_004280,push,sleep_challenge,sent
m_000009723,2026-02-02T10:15:06Z,u_000200,sms,stress_relief_program,sent
m_000009724,2026-01-28T12:24:39Z,u_002680,email,weight_loss_series,delivered
m_000009725,2026-01-27T20:12:37Z,u_003449,push,weight_loss_series,sent
m_000009726,2026-01-27T07:59:21Z,u_001297,email,heart_health_month,sent
m_000009727,2026-01-28T15:52:56Z,u_003918,push,new_content_alert,delivered
m_000009728,2026-02-02T12:54:55Z,u_000373,push,sleep_challenge,opened
m_000009729,2026-02-01T13:23:57Z,u_002369,email,new_content_alert,sent
m_000009730,2026-01-31T11:02:40Z,u_001299,sms,sleep_challenge,sent
m_000009731,2026-01-28T11:28:43Z,u_004400,push,weekly_digest,sent
m_000009732,2026-01-28T16:49:42Z,u_001814,sms,stress_relief_program,delivered
m_000009733,2026-01-28T12:18:40Z,u_002260,push,stress_relief_program,sent
m_000009734,2026-01-31T07:13:30Z,u_001028,push,stress_relief_program,delivered
m_000009735,2026-02-02T07:33:32Z,u_004731,push,heart_health_month,delivered
m_000009736,2026-01-29T00:24:15Z,u_001648,push,weight_loss_series,sent
m_000009737,2026-01-29T11:09:40Z,u_003494,push,heart_health_month,opened
m_000009738,2026-01-28T06:00:13Z,u_002717,sms,weight_loss_series,delivered
m_000009739,2026-02-02T18:19:08Z,u_003882,push,weekly_digest,sent
m_000009740,2026-02-02T11:57:09Z,u_001270,sms,weight_loss_series,sent
m_000009741,2026-02-01T20:23:54Z,u_003359,sms,sleep_challenge,sent
m_000009742,2026-01-30T21:54:08Z,u_002575,sms,stress_relief_program,sent
m_000009743,2026-01-31T14:30:01Z,u_001233,email,new_content_alert,sent
m_000009744,2026-01-26T21:39:37Z,u_004529,sms,weekly_digest,delivered
m_000009745,2026-02-01T02:23:13Z,u_000486,push,sleep_challenge,sent
m_000009746,2026-01-29T02:53:49Z,u_001687,push,weight_loss_series,sent
m_000009747,2026-01-30T17:52:24Z,u_003253,email,stress_relief_program,sent
m_000009748,2026-02-01T19:49:56Z,u_000057,sms,heart_health_month,sent
m_000009749,2026-01-31T04:12:54Z,u_003572,push,sleep_challenge,sent
m_000009750,2026-02-01T23:16:49Z,u_002398,sms,stress_relief_program,delivered
m_000009751,2026-01-27T02:47:15Z,u_004607,email,sleep_challenge,unsubscribed
m_000009752,2026-02-01T14:23:33Z,u_000593,email,new_content_alert,sent
m_000009753,2026-01-31T23:41:46Z,u_000090,email,sleep_challenge,clicked
m_000009754,2026-02-01T11:55:55Z,u_001335,email,new_content_alert,clicked
m_000009755,2026-01-30T13:14:28Z,u_000249,email,stress_relief_program,sent
m_000009756,2026-01-26T23:19:43Z,u_002169,email,weight_loss_series,delivered
m_000009757,2026-02-02T16:43:24Z,u_003246,push,stress_relief_program,delivered
m_000009758,2026-01-28T18:39:04Z,u_000165,push,sleep_challenge,sent
m_000009759,2026-02-02T06:49:03Z,u_000878,email,new_content_alert,sent
m_000009760,2026-01-28T01:22:52Z,u_001040,push,sleep_challenge,sent
m_000009761,2026-01-30T18:24:03Z,u_002847,sms,weight_loss_series,sent
m_000009762,2026-01-31T15:22:34Z,u_004338,push,new_content_alert,sent
m_000009763,2026-02-02T15:23:16Z,u_002128,sms,new_content_alert,delivered
m_000009764,2026-01-31T03:05:19Z,u_001029,sms,weekly_digest,sent
m_000009765,2026-01-30T00:41:36Z,u_004272,email,sleep_challenge,sent
m_000009766,2026-02-01T09:55:18Z,u_004635,email,weekly_digest,opened
m_000009767,2026-01-29T21:19:59Z,u_001693,email,new_content_alert,sent
m_000009768,2026-01-30T04:36:00Z,u_004600,push,new_content_alert,sent
m_000009769,2026-01-31T11:46:04Z,u_004099,sms,sleep_challenge,sent
m_000009770,2026-02-01T03:15:32Z,u_001189,sms,stress_relief_program,opened
m_000009771,2026-01-30T18:20:16Z,u_003185,push,weight_loss_series,opened
m_000009772,2026-01-28T12:55:20Z,u_003887,sms,stress_relief_program,opened
m_000009773,2026-02-01T09:43:29Z,u_004576,email,heart_health_month,sent
m_000009774,2026-02-01T09:45:08Z,u_004715,sms,new_content_alert,opened
m_000009775,2026-01-28T23:34:12Z,u_004603,email,stress_relief_program,clicked
m_000009776,2026-01-28T02:59:57Z,u_004328,email,sleep_challenge,sent
m_000009777,2026-01-27T11:34:48Z,u_000290,sms,sleep_challenge,sent
m_000009778,2026-02-01T02:13:28Z,u_000939,push,new_content_alert,opened
m_000009779,2026-01-28T05:30:29Z,u_001853,email,weekly_digest,opened
m_000009780,2026-01-30T05:24:00Z,u_002980,email,heart_health_month,opened
m_000009781,2026-01-28T15:14:53Z,u_001962,email,new_content_alert,clicked
m_000009782,2026-01-28T16:50:26Z,u_003002,push,new_content_alert,delivered
m_000009783,2026-01-31T04:35:06Z,u_003211,push,heart_health_month,sent
m_000009784,2026-01-31T13:13:58Z,u_003095,push,new_content_alert,delivered
m_000009785,2026-02-01T01:35:01Z,u_004768,email,new_content_alert,delivered
m_000009786,2026-01-28T23:53:33Z,u_002385,push,weight_loss_series,clicked
m_000009787,2026-01-30T23:23:58Z,u_001917,email,new_content_alert,clicked
m_000009788,2026-02-01T03:07:17Z,u_000720,push,stress_relief_program,delivered
m_000009789,2026-01-27T19:47:36Z,u_004644,sms,new_content_alert,sent
m_000009790,2026-02-01T18:55:48Z,u_002886,sms,heart_health_month,sent
m_000009791,2026-01-29T23:08:30Z,u_004321,push,sleep_challenge,sent
m_000009792,2026-02-02T16:28:41Z,u_001937,push,stress_relief_program,sent
m_000009793,2026-01-31T14:48:16Z,u_001021,sms,new_content_alert,opened
m_000009794,2026-01-28T15:37:14Z,u_001603,push,sleep_challenge,sent
m_000009795,2026-01-28T23:50:59Z,u_004452,sms,stress_relief_program,delivered
m_000009796,2026-01-31T05:53:07Z,u_000511,push,stress_relief_program,delivered
m_000009797,2026-02-01T21:02:30Z,u_003547,sms,weekly_digest,sent
m_000009798,2026-01-29T16:49:51Z,u_001323,push,heart_health_month,sent
m_000009799,2026-02-01T05:29:14Z,u_002725,push,heart_health_month,clicked
m_000009800,2026-01-31T22:34:30Z,u_000530,email,sleep_challenge,sent
m_000009801,2026-02-01T07:46:06Z,u_001205,email,weight_loss_series,opened
m_000009802,2026-02-02T17:45:47Z,u_001380,sms,heart_health_month,sent
m_000009803,2026-01-27T12:25:14Z,u_002278,sms,heart_health_month,sent
m_000009804,2026-01-29T04:42:34Z,u_003301,push,heart_health_month,sent
m_000009805,2026-01-28T10:20:37Z,u_004684,email,heart_health_month,sent
m_000009806,2026-02-02T04:22:56Z,u_000031,sms,stress_relief_program,sent
m_000009807,2026-01-29T11:25:46Z,u_002053,push,sleep_challenge,delivered
m_000009808,2026-02-01T22:41:43Z,u_000438,email,sleep_challenge,sent
m_000009809,2026-01-28T06:54:12Z,u_000882,email,weight_loss_series,sent
m_000009810,2026-01-31T17:51:20Z,u_003462,email,weekly_digest,sent
m_000009811,2026-02-01T03:14:18Z,u_004269,push,stress_relief_program,sent
m_000009812,2026-01-31T15:46:12Z,u_003546,email,sleep_challenge,opened
m_000009813,2026-01-31T19:32:04Z,u_000343,email,sleep_challenge,opened
m_000009814,2026-01-27T06:44:19Z,u_000218,push,new_content_alert,delivered
m_000009815,2026-01-27T08:13:47Z,u_002838,push,heart_health_month,sent
m_000009816,2026-01-29T19:41:13Z,u_001604,sms,stress_relief_program,clicked
m_000009817,2026-01-29T18:22:26Z,u_004380,email,weekly_digest,delivered
m_000009818,2026-01-29T06:03:45Z,u_003546,sms,heart_health_month,clicked
m_000009819,2026-01-31T01:48:19Z,u_001239,push,stress_relief_program,sent
m_000009820,2026-02-02T09:13:24Z,u_004516,push,weight_loss_series,sent
m_000009821,2026-01-29T12:34:00Z,u_003814,sms,weight_loss_series,sent
m_000009822,2026-01-30T19:25:26Z,u_003472,sms,stress_relief_program,delivered
m_000009823,2026-01-29T01:41:42Z,u_004248,push,stress_relief_program,sent
m_000009824,2026-01-27T21:24:16Z,u_001050,email,sleep_challenge,delivered
m_000009825,2026-02-01T10:10:02Z,u_004785,email,weekly_digest,sent
m_000009826,2026-01-29T01:12:09Z,u_001088,email,new_content_alert,sent
m_000009827,2026-01-30T12:31:23Z,u_003341,sms,sleep_challenge,clicked
m_000009828,2026-01-27T06:28:13Z,u_003743,push,heart_health_month,opened
m_000009829,2026-02-02T17:21:01Z,u_001831,email,heart_health_month,clicked
m_000009830,2026-01-29T17:12:59Z,u_001921,sms,sleep_challenge,delivered
m_000009831,2026-01-27T00:02:52Z,u_004683,push,stress_relief_program,sent
m_000009832,2026-02-01T01:26:28Z,u_003738,push,weight_loss_series,delivered
m_000009833,2026-01-28T15:48:05Z,u_003683,push,weekly_digest,sent
m_000009834,2026-02-02T07:19:05Z,u_002938,email,heart_health_month,sent
m_000009835,2026-01-28T12:52:11Z,u_002559,sms,stress_relief_program,delivered
m_000009836,2026-01-27T04:40:11Z,u_001033,push,heart_health_month,sent
m_000009837,2026-02-02T06:31:28Z,u_002123,email,sleep_challenge,sent
m_000009838,2026-01-30T21:13:12Z,u_001468,sms,sleep_challenge,opened
m_000009839,2026-01-29T10:15:27Z,u_001167,sms,sleep_challenge,sent
m_000009840,2026-01-29T04:39:09Z,u_004357,sms,weekly_digest,delivered
m_000009841,2026-01-29T15:47:47Z,u_001621,sms,new_content_alert,sent
m_000009842,2026-01-29T10:58:18Z,u_003384,email,heart_health_month,delivered
m_000009843,2026-02-01T13:28:52Z,u_003836,sms,sleep_challenge,opened
m_000009844,2026-01-28T15:45:19Z,u_000916,push,stress_relief_program,delivered
m_000009845,2026-01-27T14:11:00Z,u_004525,sms,new_content_alert,opened
m_000009846,2026-01-29T17:59:09Z,u_004640,sms,weight_loss_series,opened
m_000009847,2026-01-27T08:41:47Z,u_003122,sms,sleep_challenge,sent
m_000009848,2026-01-31T03:40:05Z,u_002033,push,weekly_digest,delivered
m_000009849,2026-01-28T22:07:38Z,u_004948,email,stress_relief_program,sent
m_000009850,2026-02-02T19:25:39Z,u_000324,push,stress_relief_program,sent
m_000009851,2026-01-31T15:52:20Z,u_002602,sms,new_content_alert,sent
m_000009852,2026-01-31T06:53:23Z,u_001342,email,weekly_digest,unsubscribed
m_000009853,2026-01-27T17:04:34Z,u_003139,push,new_content_alert,sent
m_000009854,2026-01-29T03:50:55Z,u_002314,push,sleep_challenge,opened
m_000009855,2026-02-01T12:56:12Z,u_001177,sms,weight_loss_series,delivered
m_000009856,2026-01-27T16:14:32Z,u_001313,push,weekly_digest,sent
m_000009857,2026-01-31T12:06:34Z,u_003912,push,heart_health_month,clicked
m_000009858,2026-01-30T12:37:43Z,u_001837,sms,stress_relief_program,delivered
m_000009859,2026-01-28T00:07:42Z,u_003341,sms,sleep_challenge,opened
m_000009860,2026-01-31T03:49:49Z,u_001789,email,sleep_challenge,clicked
m_000009861,2026-01-29T08:29:10Z,u_003844,push,weight_loss_series,sent
m_000009862,2026-01-30T03:02:38Z,u_002174,push,new_content_alert,sent
m_000009863,2026-02-02T01:54:55Z,u_000278,email,weekly_digest,sent
m_000009864,2026-01-31T12:53:48Z,u_003772,push,new_content_alert,opened
m_000009865,2026-01-30T20:55:31Z,u_001321,sms,sleep_challenge,sent
m_000009866,2026-01-30T22:08:56Z,u_003997,push,stress_relief_program,sent
m_000009867,2026-01-31T15:07:51Z,u_000423,push,weekly_digest,opened
m_000009868,2026-01-29T01:42:48Z,u_000268,push,weight_loss_series,sent
m_000009869,2026-01-30T20:43:43Z,u_000369,push,sleep_challenge,sent
m_000009870,2026-01-29T18:16:28Z,u_001311,push,weight_loss_series,sent
m_000009871,2026-01-29T10:21:29Z,u_002290,email,new_content_alert,sent
m_000009872,2026-01-31T11:59:30Z,u_001086,push,sleep_challenge,sent
m_000009873,2026-02-01T18:20:51Z,u_003304,push,weekly_digest,sent
m_000009874,2026-01-30T15:23:13Z,u_001585,sms,new_content_alert,sent
m_000009875,2026-01-29T02:36:11Z,u_000442,email,new_content_alert,sent
m_000009876,2026-01-29T07:05:19Z,u_003723,email,heart_health_month,sent
m_000009877,2026-01-29T04:37:34Z,u_001474,email,weekly_digest,delivered
m_000009878,2026-02-01T12:39:23Z,u_001868,email,sleep_challenge,sent
m_000009879,2026-02-02T08:37:52Z,u_002220,sms,stress_relief_program,sent
m_000009880,2026-02-02T08:23:32Z,u_004765,email,new_content_alert,sent
m_000009881,2026-01-30T15:03:36Z,u_003993,email,heart_health_month,clicked
m_000009882,2026-02-02T04:13:17Z,u_004912,push,weight_loss_series,sent
m_000009883,2026-01-28T07:49:49Z,u_002508,email,stress_relief_program,opened
m_000009884,2026-01-30T11:05:02Z,u_000016,push,sleep_challenge,sent
m_000009885,2026-02-01T21:53:33Z,u_000995,push,heart_health_month,sent
m_000009886,2026-01-27T08:56:09Z,u_001907,sms,sleep_challenge,unsubscribed
m_000009887,2026-02-01T09:02:35Z,u_003309,sms,sleep_challenge,sent
m_000009888,2026-01-27T03:40:57Z,u_004971,email,weekly_digest,opened
m_000009889,2026-01-28T02:25:30Z,u_003000,sms,weekly_digest,delivered
m_000009890,2026-01-29T21:27:03Z,u_003600,sms,stress_relief_program,clicked
m_000009891,2026-01-28T10:10:22Z,u_004077,sms,sleep_challenge,delivered
m_000009892,2026-01-29T12:55:02Z,u_004498,push,stress_relief_program,sent
m_000009893,2026-01-27T13:46:01Z,u_004371,sms,weight_loss_series,sent
m_000009894,2026-02-01T07:53:18Z,u_004649,email,new_content_alert,sent
m_000009895,2026-02-01T18:42:48Z,u_002478,email,weekly_digest,delivered
m_000009896,2026-01-29T06:44:26Z,u_002847,email,weekly_digest,sent
m_000009897,2026-01-29T03:23:36Z,u_003528,email,stress_relief_program,opened
m_000009898,2026-02-02T12:56:56Z,u_003281,email,sleep_challenge,sent
m_000009899,2026-01-31T16:21:30Z,u_002277,email,weekly_digest,sent
m_000009900,2026-01-29T19:59:21Z,u_000190,sms,stress_relief_program,sent
m_000009901,2026-01-26T22:17:34Z,u_001674,push,sleep_challenge,sent
m_000009902,2026-01-29T01:58:20Z,u_001079,push,stress_relief_program,sent
m_000009903,2026-02-01T09:51:07Z,u_001843,push,stress_relief_program,sent
m_000009904,2026-02-02T06:34:35Z,u_002765,push,stress_relief_program,opened
m_000009905,2026-02-02T12:48:33Z,u_003697,email,new_content_alert,sent
m_000009906,2026-01-26T21:24:25Z,u_004821,push,sleep_challenge,delivered
m_000009907,2026-02-01T06:12:06Z,u_003192,push,weight_loss_series,sent
m_000009908,2026-01-31T21:00:20Z,u_002323,email,new_content_alert,sent
m_000009909,2026-01-30T14:13:38Z,u_001059,push,weight_loss_series,clicked
m_000009910,2026-01-31T09:51:41Z,u_000490,push,weight_loss_series,delivered
m_000009911,2026-01-27T21:38:04Z,u_004994,email,stress_relief_program,opened
m_000009912,2026-02-01T07:50:41Z,u_002481,push,sleep_challenge,sent
m_000009913,2026-02-02T11:12:31Z,u_002555,email,stress_relief_program,sent
m_000009914,2026-02-01T23:01:56Z,u_002667,email,sleep_challenge,sent
m_000009915,2026-01-31T16:00:59Z,u_000504,sms,heart_health_month,sent
m_000009916,2026-02-02T02:08:34Z,u_001435,email,stress_relief_program,sent
m_000009917,2026-01-31T04:10:53Z,u_004705,email,weekly_digest,sent
m_000009918,2026-01-31T06:07:09Z,u_004656,push,weight_loss_series,sent
m_000009919,2026-01-28T03:14:48Z,u_003546,sms,weekly_digest,sent
m_000009920,2026-01-28T06:51:27Z,u_001815,push,weekly_digest,clicked
m_000009921,2026-02-01T14:05:09Z,u_001285,push,heart_health_month,sent
m_000009922,2026-01-30T04:31:39Z,u_002745,sms,weight_loss_series,sent
m_000009923,2026-02-01T07:55:04Z,u_001757,email,new_content_alert,opened
m_000009924,2026-01-29T17:00:44Z,u_001556,push,new_content_alert,sent
m_000009925,2026-01-31T05:21:12Z,u_000948,sms,stress_relief_program,delivered
m_000009926,2026-01-27T02:41:53Z,u_003776,email,sleep_challenge,sent
m_000009927,2026-02-02T07:46:09Z,u_004617,push,weekly_digest,opened
m_000009928,2026-02-02T12:18:38Z,u_002362,sms,stress_relief_program,sent
m_000009929,2026-01-31T20:55:42Z,u_002643,push,weekly_digest,sent
m_000009930,2026-02-01T17:54:17Z,u_004830,push,new_content_alert,sent
m_000009931,2026-01-28T15:32:27Z,u_004139,sms,stress_relief_program,delivered
m_000009932,2026-01-30T23:17:10Z,u_001784,email,heart_health_month,sent
m_000009933,2026-02-02T11:31:13Z,u_001476,email,weekly_digest,delivered
m_000009934,2026-01-28T00:50:36Z,u_003359,sms,weekly_digest,sent
m_000009935,2026-01-29T01:47:06Z,u_000569,push,weight_loss_series,delivered
m_000009936,2026-01-29T01:35:17Z,u_001126,email,stress_relief_program,opened
m_000009937,2026-01-30T01:44:34Z,u_004700,push,weight_loss_series,clicked
m_000009938,2026-02-02T08:43:32Z,u_000941,push,weight_loss_series,sent
m_000009939,2026-02-01T05:55:48Z,u_001994,push,new_content_alert,opened
m_000009940,2026-01-28T07:02:15Z,u_002403,email,stress_relief_program,sent
m_000009941,2026-01-27T22:47:34Z,u_004506,push,stress_relief_program,sent
m_000009942,2026-02-02T10:15:28Z,u_004918,push,new_content_alert,delivered
m_000009943,2026-02-02T00:00:34Z,u_003952,push,sleep_challenge,sent
m_000009944,2026-01-31T08:00:21Z,u_001769,push,weight_loss_series,delivered
m_000009945,2026-02-02T13:06:23Z,u_002901,push,stress_relief_program,sent
m_000009946,2026-01-27T13:12:58Z,u_002912,email,weekly_digest,sent
m_000009947,2026-02-02T16:44:02Z,u_004281,push,stress_relief_program,sent
m_000009948,2026-01-28T08:14:07Z,u_000680,push,new_content_alert,delivered
m_000009949,2026-01-28T12:12:02Z,u_000368,sms,heart_health_month,sent
m_000009950,2026-01-29T04:08:19Z,u_003511,push,weight_loss_series,sent
m_000009951,2026-01-30T21:55:48Z,u_004638,sms,new_content_alert,sent
m_000009952,2026-01-29T09:26:14Z,u_001761,sms,new_content_alert,delivered
m_000009953,2026-01-31T23:06:54Z,u_001755,push,stress_relief_program,sent
m_000009954,2026-02-01T16:46:28Z,u_002423,email,stress_relief_program,delivered
m_000009955,2026-01-27T05:45:21Z,u_002756,email,stress_relief_program,clicked
m_000009956,2026-02-01T13:56:30Z,u_002087,sms,new_content_alert,opened
m_000009957,2026-01-31T15:09:46Z,u_004741,email,weight_loss_series,sent
m_000009958,2026-02-01T02:35:27Z,u_001891,sms,sleep_challenge,sent
m_000009959,2026-02-01T08:51:22Z,u_004522,email,heart_health_month,delivered
m_000009960,2026-02-02T09:10:04Z,u_000480,sms,sleep_challenge,delivered
m_000009961,2026-02-01T08:54:23Z,u_002275,push,stress_relief_program,sent
m_000009962,2026-02-02T08:04:40Z,u_004313,push,weight_loss_series,sent
m_000009963,2026-01-29T02:26:34Z,u_004747,email,heart_health_month,sent
m_000009964,2026-02-01T02:49:37Z,u_002171,email,stress_relief_program,delivered
m_000009965,2026-01-26T23:27:07Z,u_003888,push,sleep_challenge,sent
m_000009966,2026-02-02T04:12:04Z,u_004594,push,heart_health_month,opened
m_000009967,2026-02-02T01:37:41Z,u_002806,sms,weight_loss_series,sent
m_000009968,2026-01-28T23:11:59Z,u_002243,sms,stress_relief_program,sent
m_000009969,2026-01-27T05:08:31Z,u_002987,email,sleep_challenge,sent
m_000009970,2026-01-31T08:18:30Z,u_002339,sms,weight_loss_series,sent
m_000009971,2026-01-31T22:51:24Z,u_000472,email,weight_loss_series,sent
m_000009972,2026-02-02T09:19:13Z,u_003673,push,new_content_alert,sent
m_000009973,2026-01-30T17:08:08Z,u_002249,email,stress_relief_program,sent
m_000009974,2026-02-01T13:17:20Z,u_000945,email,stress_relief_program,sent
m_000009975,2026-01-30T21:43:06Z,u_000604,email,heart_health_month,clicked
m_000009976,2026-02-02T10:19:26Z,u_002411,push,heart_health_month,sent
m_000009977,2026-01-27T23:36:05Z,u_001353,sms,new_content_alert,sent
m_000009978,2026-02-02T09:18:22Z,u_003378,push,new_content_alert,sent
m_000009979,2026-01-30T03:30:59Z,u_000800,push,weight_loss_series,delivered
m_000009980,2026-01-29T06:42:42Z,u_004889,push,heart_health_month,opened
m_000009981,2026-01-31T04:18:21Z,u_004006,push,heart_health_month,sent
m_000009982,2026-02-01T05:55:48Z,u_003888,email,new_content_alert,sent
m_000009983,2026-01-28T06:02:25Z,u_003782,push,sleep_challenge,sent
m_000009984,2026-02-02T07:39:36Z,u_003612,push,weekly_digest,sent
m_000009985,2026-02-01T10:59:00Z,u_002326,push,sleep_challenge,clicked
m_000009986,2026-02-02T09:15:59Z,u_002989,sms,heart_health_month,sent
m_000009987,2026-01-30T04:35:19Z,u_002927,push,sleep_challenge,opened
m_000009988,2026-01-31T22:00:09Z,u_001965,sms,heart_health_month,delivered
m_000009989,2026-01-31T07:31:01Z,u_001194,push,sleep_challenge,delivered
m_000009990,2026-01-31T16:20:45Z,u_000737,email,heart_health_month,opened
m_000009991,2026-01-28T21:15:16Z,u_003863,push,weight_loss_series,sent
m_000009992,2026-01-31T20:59:35Z,u_002368,email,weekly_digest,sent
m_000009993,2026-01-28T14:27:05Z,u_004533,push,stress_relief_program,delivered
m_000009994,2026-01-30T17:33:03Z,u_004568,sms,sleep_challenge,delivered
m_000009995,2026-01-31T22:22:21Z,u_000802,push,heart_health_month,sent
m_000009996,2026-01-28T23:18:51Z,u_000284,email,sleep_challenge,sent
m_000009997,2026-01-26T23:37:18Z,u_002308,sms,stress_relief_program,sent
m_000009998,2026-01-31T18:26:35Z,u_000851,push,sleep_challenge,sent
m_000009999,2026-01-29T15:50:17Z,u_001472,push,new_content_alert,sent
m_000010000,2026-01-29T11:46:33Z,u_003954,push,weight_loss_series,opened
